ID,category,name,price,link,brand,warranty,type,Kích thước quạt (mm),socket_support,led,color,radiator_size,Số vòng quay của bơm (RPM),Số vòng quay của quạt (RPM),Lưu lượng không khí (CFM),noise_dba,weight_kg,Chiều cao (cm),material,tier,warranty_period,sku,status,features,availability,highlights
cooler_001,Cooler,Tản nhiệt nước AIO DARKFLASH UV360 - Đen,5490000,https://phongvu.vn/tan-nhiet-nuoc-aio-darkflash-uv360-den--s260400552,DarkFlash,36 tháng,Tản nước AIO,3 x 120 mm,"Intel LGA 1151-v2, Intel LGA 1155, Intel LGA 1156, Intel LGA 1150, Intel LGA 1200, Intel LGA 1700, Intel LGA 1851, AMD AM5, AMD AM4, AMD AM3",ARGB,Đen,397 x 120 x 27mm,2700 ± 10% RPM,800~1800 ± 10% RPM,55.22 CFM,36±10% dBA,2.5Kg,,,,,,,,,
cooler_002,Cooler,Tản nhiệt khí JONSBO HP-600 - Đen,790000,https://phongvu.vn/tan-nhiet-khi-jonsbo-hp-600-den--s260301658,Jonsbo,24 tháng,Tản khí,120 mm,"Intel LGA 115X, Intel LGA 1200, Intel LGA 1700, AMD AM4, AMD AM5",,Đen,,,8.00 -1800RPM (±10%),23.46-61.51 CFM (Tối đa),18.3-37.2 dB (A) (Tối đa),,,,,,,,,,
cooler_003,Cooler,Quạt thùng máy/ Fan case DARKFLASH DM18 Reverse - Đen,189000,https://phongvu.vn/quat-thung-may-fan-case-darkflash-dm18-reverse-den--s260301652,DarkFlash,12 tháng,Quạt,120 mm,,ARGB,Đen,,,800-1600 vòng/phút ±10%,58.0 CFM,33.6 dBA,,120mm,,,,,,,,
cooler_004,Cooler,Quạt thùng máy/ Fan case DARKFLASH DM18 - Đen,189000,https://phongvu.vn/quat-thung-may-fan-case-darkflash-dm18-den--s260301645,DarkFlash,12 tháng,Quạt,120 mm,,ARGB,Đen,,,800-1600 vòng/phút ±10%,58.0 CFM,33.6 dBA,,120mm,,,,,,,,
cooler_005,Cooler,Quạt thùng máy/ Fan case DARKFLASH DM8 SE Reverse - Đen,169000,https://phongvu.vn/quat-thung-may-fan-case-darkflash-dm8-se-reverse-den--s260301639,DarkFlash,12 tháng,Quạt,120 mm,,ARGB,Đen,,,800-1600 vòng/phút ±10%,58.0 CFM,33.6 dBA,,120mm,,,,,,,,
cooler_006,Cooler,Quạt thùng máy/ Fan case DARKFLASH DM8 SE - Đen,169000,https://phongvu.vn/quat-thung-may-fan-case-darkflash-dm8-se-den--s260301629,DarkFlash,12 tháng,Quạt,120 mm,,ARGB,Đen,,,800-1600 vòng/phút ±10,58.0 CFM,33.6 dBA,,120mm,,,,,,,,
cooler_007,Cooler,Tản nhiệt khí JONSBO CB40 BLACK ARGB,490000,https://phongvu.vn/tan-nhiet-khi-jonsbo-cb40-black-argb--s260107665,Jonsbo,24 tháng,Tản khí,120 mm,"Intel LGA 1151-v2, Intel LGA 1150, Intel LGA 1155, Intel LGA 1156, AMD AM4, Intel LGA 1200, Intel LGA 1700, Intel LGA 1851, AMD AM5",ARGB,Đen,120 × 71 × 153.5 mm,,800 – 1800 RPM (±10%),37.77 – 77.07 CFM,21.8 – 35.4 dB(A),500 g,,Nhôm,,,,,,,
cooler_008,Cooler,Tản nhiệt nước Cooler Master MasterLiquid 360 Core II ARGB,1890000,https://phongvu.vn/tan-nhiet-nuoc-cooler-master-masterliquid-360-core-ii-argb--s260105678,Cooler Master,60 tháng,Tản nước,3 x 120 mm,"Intel LGA 1151-v2, Intel LGA 1150, Intel LGA 1156, AMD AM4, Intel LGA 1851, AMD AM5, Intel LGA 1700, Intel LGA 1200, Intel LGA 1155",RGB,Đen,394 x 119.2 x 27.2 mm,3000 ± 300 RPM,650-1750 RPM ± 10%,70.5 CFM,25 dBA,2.2 kg,400 mm,Nhôm,,,,,,,
cooler_009,Cooler,Tản nhiệt khi/ COOLER AIGO ICE200 PRO RGB - Đen,199000,https://phongvu.vn/tan-nhiet-khi-cooler-aigo-ice200-pro-rgb-den--s251202905,Aigo,36 tháng,Tản khí,1 x 90 mm,"Intel LGA 1151-v2, Intel LGA 1150, Intel LGA 1155, Intel LGA 1156, Intel LGA 775, Intel LGA 1700, AMD AM5, AMD AM2, AMD AM2+, AMD AM3",RGB,Đen,92 x 62 x 132 mm,,1800RPM±10%,42 CFM,21.05 dBA,0.21 kg,,Nhôm,,,,,,,
cooler_010,Cooler,Tản nhiệt nước/ COOLER MSI MAG CORELIQUID A13 240 Đen,1690000,https://phongvu.vn/tan-nhiet-nuoc-cooler-msi-mag-coreliquid-a13-240-den--s251113503,Msi,36 tháng,Tản nước,2 x 120 mm,"Intel LGA 1700, Intel LGA 1851, AMD AM5, AMD AM4",ARGB,Đen,240mm,3800 RPM ± 10%,,62.6 CFM,20dBA,,,Nhôm,,,,,,,
cooler_011,Cooler,Quạt tản nhiệt/ Fan Case MAGIC FC-04 ARGB BLACK (Ngược),169000,https://phongvu.vn/quat-tan-nhiet-fan-case-magic-fc-04-argb-black-nguoc--s251113493,Magic,12 tháng,Tản khí,120 mm,,ARGB,Đen,,,800-2000±10% RPM,40.60 CFM,<18.71 dBA,900g,,,,,,,,,
cooler_012,Cooler,Quạt tản nhiệt/ Fan Case MAGIC FC-04 ARGB BLACK,169000,https://phongvu.vn/quat-tan-nhiet-fan-case-magic-fc-04-argb-black--s251113479,Magic,12 tháng,Tản khí,120 mm,,ARGB,Đen,,,800-2000±10% RPM,40.60 CFM,<18.71 dBA,900g,,,,,,,,,
cooler_013,Cooler,Tản nhiệt khí/ COOLER CPU ID-COOLING FROZN A410 TD,690000,https://phongvu.vn/tan-nhiet-khi-cooler-cpu-id-cooling-frozn-a410-td--s251012780,ID-Cooling,36 tháng,Tản khí,120 mm,"Intel LGA 1851, Intel LGA 1700, Intel LGA 1200, Intel LGA 115X, AMD AM5, AMD AM4",,Đen,,,500 ~ 2000±10% RPM,78.25CFM,29.85dB(A) Max.,750g,,Nhôm,,,,,,,
cooler_014,Cooler,Tản nhiệt nước/ COOLER ID-COOLING FX240 ARGB LCD,1690000,https://phongvu.vn/tan-nhiet-nuoc-cooler-id-cooling-fx240-argb-lcd--s251012782,ID-Cooling,36 tháng,Tản nước,120 mm,"Intel LGA 1851, Intel LGA 1700, Intel LGA 1200, Intel LGA 115X, AMD AM5, AMD AM4",ARGB,Đen,276×120×27mm,2900RPM±10%(PWM),300～2000±10%RPM,58CFM,27.2dB(A) Max.,,,Nhôm,,,,,,,
cooler_015,Cooler,Tản nhiệt nước/ Cooler AIO Jonsbo TH-360 White,1790000,https://phongvu.vn/tan-nhiet-nuoc-cooler-aio-jonsbo-th-360-white--s250906289,Jonsbo,12 tháng,Tản nước,3 x 120 mm,"Intel LGA 1200, Intel LGA 115X, Intel LGA 17XX, Intel LGA 1851, AMD AM4, AMD AM5",ARGB,Trắng,393 x 120 x 27 mm,2400rpm（±10%）,700-2400 rpm(±10%),21.46-62.40CFM(each),21.3-37.3dB(A)(max),,,,,,,,,,
cooler_016,Cooler,Quạt tản nhiệt/ Fan Case Jonsbo ZA-240BR,559000,https://phongvu.vn/quat-tan-nhiet-fan-case-jonsbo-za-240br--s250906287,Jonsbo,24 tháng,Quạt,2 x 120 mm,,ARGB,Đen,,,700-1800rpm(±10%),19.46-44.58 CFM,17.3-31.6 dB（A）,,,,,,,,,,
cooler_017,Cooler,Quạt tản nhiệt/ Fan Case Jonsbo ZA-360W,869000,https://phongvu.vn/quat-tan-nhiet-fan-case-jonsbo-za-360w--s250906284,Jonsbo,24 tháng,Quạt,3 x 120 mm,,ARGB,Trắng,,,700-2400rpm（±10%）,21.46-62.40 CFM,21.3-37.3 dB（A）,,,,,,,,,,
cooler_018,Cooler,Tản nhiệt nước/ COOLER ASUS PRIME LC 240 ARGB (90RC0111-B0UAY0),1790000,https://phongvu.vn/tan-nhiet-nuoc-cooler-asus-prime-lc-240-argb-90rc0111-b0uay0--s250906237,Asus,72 tháng,Tản nước,2 x 120 mm,"Intel LGA 1851, Intel LGA 1700, Intel LGA 1200, Intel LGA 115X, AMD AM4, AMD AM5",ARGB,Đen,Đồng,,600 - 2200 vòng/phút +/- 10%,75.7 CFM,34 dB(A),,,Đồng,,,,,,,
cooler_019,Cooler,Quạt tản nhiệt/ FAN Xigmatek Infinity Pro 3 - EN47756 - Đen,129000,https://phongvu.vn/quat-tan-nhiet-fan-xigmatek-infinity-pro-3-en47756-den--s250800362,Xigmatek,12 tháng,Quạt,1 x 120 mm,,RGB,Đen,,,1200 RPM (±10%),40.60 CFM,<19.80 dBA,,,,,,,,,,
cooler_020,Cooler,Quạt tản nhiệt/ FAN Xigmatek Infinity Pro 3 Arctic - EN47763 - Trắng,129000,https://phongvu.vn/quat-tan-nhiet-fan-xigmatek-infinity-pro-3-arctic-en47763-trang--s250800364,Xigmatek,12 tháng,Quạt,1 x 120 mm,,RGB,Trắng,,,1200 RPM (±10%),,<19.80 dBA,,,,,,,,,,
cooler_021,Cooler,BỘ TẢN NHIỆT NƯỚC NZXT KRAKEN PLUS 360 RGB V2 WHITE - 360MM (RL-KR360-W2),5290000,https://phongvu.vn/bo-tan-nhiet-nuoc-nzxt-kraken-plus-360-rgb-v2-white-360mm-rl-kr360-w2--s250646010,Nzxt,72 tháng,Tản nước AIO,3 x 360 mm,"Intel LGA 1151-v2, Intel LGA 1150, Intel LGA 1155, Intel LGA 1156, AMD AM4, AMD AM5, Intel LGA 1700, Intel LGA 1851, Intel LGA 1200",RGB,Trắng,401 x 120 x 27 mm,"1,200 – 2,800 ± 300 RPM","500 - 2,400 ± 250 RPM",75.05 CFM,31.9 dBA,2.43 kg,600 mm,Nhôm,,,,,,,
cooler_022,Cooler,Bộ tản nhiệt nước/ Cooler AIO NZXT Kraken Plus 360 RGB V2 Black (RL-KR360-B2),5290000,https://phongvu.vn/bo-tan-nhiet-nuoc-cooler-aio-nzxt-kraken-plus-360-rgb-v2-black-rl-kr360-b2--s250641955,Nzxt,72 tháng,Tản nước,3 x 360 mm,"Intel LGA 1851, Intel LGA 1700, Intel LGA 1200, Intel LGA 115X, AMD AM5, AMD AM4",RGB,Đen,401 x 120 x 27 mm,1.200 – 2.800 ± 300 RPM,500 - 2.400 ± 250 RPM,75.05 CFM,31.9 dBA,,,"Nhôm, Nhựa, Đồng, Cao su",,,,,,,
cooler_023,Cooler,Tản nhiệt nước AIO Deepcool LE360 V2,1890000,https://phongvu.vn/tan-nhiet-nuoc-aio-deepcool-le360-v2--s250508028,DeepCool,24 tháng,Tản nước AIO,3 x 120 mm,"Intel LGA 1151-v2, Intel LGA 1150, Intel LGA 1155, Intel LGA 1851, Intel LGA 1200, Intel LGA 1700, AMD AM4, AMD AM5",ARGB,Đen,402×120×27 mm,,,,,1632 g,,Nhôm,,,,,,,
cooler_024,Cooler,Tản nhiệt nước AIO Deepcool LE240 V2,1490000,https://phongvu.vn/tan-nhiet-nuoc-aio-deepcool-le240-v2--s250508025,DeepCool,24 tháng,Tản nước AIO,2 x 120 mm,"Intel LGA 1151-v2, Intel LGA 1150, Intel LGA 1155, Intel LGA 1700, Intel LGA 1851, Intel LGA 1200, AMD AM5, AMD AM4",ARGB,Đen,82×120×27 mm(L×W×H),2500~3400 RPM±10%,500~2100 RPM±10%,75.89 CFM,≤31.6 dB(A),1359 g,410 mm,Nhôm,,,,,,,
cooler_025,Cooler,BỘ TẢN NHIỆT KHÍ CPU ID-COOLING FROZN A610 ARGB,890000,https://phongvu.vn/bo-tan-nhiet-khi-cpu-id-cooling-frozn-a610-argb--s250405297,ID-Cooling,36 tháng,Tản khí,1 x 120 mm,"Intel LGA20XX, Intel LGA 1851, Intel LGA 1700, Intel LGA 1200, Intel LGA 115X, AMD AM5, AMD AM4",ARGB,Đen,120 x 94 x 155mm,,500±200 ~ 2000±10% RPM,78CFM,29.9dB(A) Max,1.4kg,,"Đồng, Nhôm",,,,,,,
cooler_026,Cooler,BỘ TẢN NHIỆT KHÍ CPU ID-COOLING FROZN A720 BLACK,1390000,https://phongvu.vn/bo-tan-nhiet-khi-cpu-id-cooling-frozn-a720-black--s250405292,ID-Cooling,36 tháng,Tản khí,2 x 140 mm,"Intel LGA20XX, Intel LGA 1851, Intel LGA 1700, Intel LGA 1200, Intel LGA 1151, Intel LGA 1150, Intel LGA 1155, Intel LGA 1156, AMD AM5, AMD AM4",,Đen,140 x 153 x 163mm,,500 ~ 1800±10% RPM,98.6CFM,33.5dB(A) Max,2kg,,"Đồng, Nhôm",,,,,,,
cooler_027,Cooler,BỘ TẢN NHIỆT KHÍ CPU ID-COOLING FROZN A410 GDL (Limited Edition),690000,https://phongvu.vn/bo-tan-nhiet-khi-cpu-id-cooling-frozn-a410-gdl-limited-edition--s250405296,ID-Cooling,36 tháng,Tản khí,2 x 120 mm,"Intel LGA 1851, Intel LGA 1700, Intel LGA 1200, Intel LGA 115X, AMD AM5, AMD AM4",,Đen,120 x 104 x 152mm,,500 ~ 2000±10% RPM,78CFM,29.9dB(A) Max,1.4kg,,Nhôm,,,,,,,
cooler_028,Cooler,Tản nhiệt nước Corsair iCUE LINK TITAN 240 RX RGB Black/ CW-9061016-WW,3990000,https://phongvu.vn/tan-nhiet-nuoc-corsair-icue-link-titan-240-rx-rgb-black-cw-9061016-ww--s250302293,Corsair,72 tháng,Tản khí,2 x 120 mm,"Intel LGA 1851, Intel LGA 1700, AMD AM5, AMD AM4",RGB,Đen,240mm,,300 - 2100 vòng/phút ±10%,10.4 - 73.5 CFM,10 - 36 dB(A),1.35kg,444mm,"Nhôm, Đồng",,,,,,,
cooler_029,Cooler,Tản nhiệt nước MSI MAG CORELIQUID I240 WHITE,2790000,https://phongvu.vn/tan-nhiet-nuoc-msi-mag-coreliquid-i240-white--s241205224,Msi,36 tháng,Tản nước,2 x 120 mm,"Intel LGA 1150, Intel LGA 1151, Intel LGA 1155, Intel LGA 1156, Intel LGA 1200, Intel LGA 1700, AMD AM5, AMD AM4",ARGB,Trắng,277 x 119.2 x 27mm,,,70.7 CFM,20 dBA,,,Nhôm,,,,,,,
cooler_030,Cooler,Tản nhiệt nước MSI MAG CORELIQUID I240,2690000,https://phongvu.vn/tan-nhiet-nuoc-msi-mag-coreliquid-i240--s241205218,Msi,36 tháng,Tản nước,2 x 120 mm,"Intel LGA 1150, Intel LGA 1151, Intel LGA 1155, Intel LGA 1156, Intel LGA 1200, Intel LGA 1700, AMD AM5, AMD AM4",ARGB,Đen,277 x 119.2 x 27mm,,,70.7 CFM,20 dBA,,,Nhôm,,,,,,,
cooler_031,Cooler,BỘ TẢN NHIỆT NƯỚC ID-COOLING FX240 INF ARGB,1390000,https://phongvu.vn/bo-tan-nhiet-nuoc-id-cooling-fx240-inf-argb--s241203148,ID-Cooling,24 tháng,Tản nước,2 x 120 mm,"Intel LGA 1851, Intel LGA 1151-v2, Intel LGA 1700, Intel LGA 1200, Intel LGA 115X, AMD AM5, AMD AM4",ARGB,Đen,276 × 120 × 27mm,2900 vòng/phút ±10%(PWM),300 ～200 0±10%Vòng/Phút,58CFM,27.2dB(A),2.2 kg,,"Nhôm, Đồng",,,,,,,
cooler_032,Cooler,Tản nhiệt nước Corsair NAUTILUS 240 ARGB White/CW-9060094-WW,2090000,https://phongvu.vn/tan-nhiet-nuoc-corsair-nautilus-240-argb-white-cw-9060094-ww--s241201709,Corsair,60 tháng,Tản nước AIO,2 x 240 mm,"Intel LGA 1851, Intel LGA 1700, AMD AM5, AMD AM4",ARGB,Trắng,240mm,,2100 RPM,13.3 - 72.8 CFM,10 - 36dBA,1.9kg,,Nhôm,,,,,,,
cooler_033,Cooler,Bộ 3 Quạt case Corsair RS120 ARGB Triple Pack White (CO-9050185-WW),999000,https://phongvu.vn/bo-3-quat-may-tinh-corsair-rs120-argb-white-co-9050185-ww--s241201701,Corsair,60 tháng,Quạt,3 x 120 mm,,ARGB,Trắng,,,2100 RPM,13.3 - 72.8 CFM,10 - 36 dBA,0.7kg,,,,,,,,,
cooler_034,Cooler,Tản nhiệt nước Corsair NAUTILUS 360 RS ARGB (CW-9060093-WW),2490000,https://phongvu.vn/tan-nhiet-nuoc-corsair-nautilus-360-argb-cw-9060093-ww--s241201705,Corsair,60 tháng,Tản nước AIO,3 x 360 mm,"Intel LGA 1851, Intel LGA 1700, AMD AM5, AMD AM4",ARGB,Đen,360mm,,2100 RPM,13.3 - 72.8 CFM,10 - 36dBA,2.35kg,,Nhôm,,,,,,,
cooler_035,Cooler,Bộ 3 quạt máy tính Corsair RS120 ARGB Black,990000,https://phongvu.vn/bo-3-quat-may-tinh-corsair-rs120-argb-black-co-9050181-ww--s241004272,Corsair,60 tháng,Quạt,3 x 120 mm,,ARGB,Đen,,,420 – 2100 RPM ±10%,13.3 - 72.8 CFM,10 - 36 dBA,239 g,,,,,,,,,
cooler_036,Cooler,Tản nhiệt nước Deepcool LT360 WH ARGB - Trắng,3390000,https://phongvu.vn/tan-nhiet-nuoc-deepcool-lt360-wh-argb-trang--s241004180,DeepCool,36 tháng,Tản nước,3 x 120 mm,"AMD AM5, AMD AM4, Intel LGA 1851, Intel LGA 1700, Intel LGA 1200, Intel LGA 1151-v2, Intel LGA 1150, Intel LGA 1155",ARGB,Trắng,402 × 120 × 27 mm(L×W×H),3400 RPM±10%,600~2400 RPM±10%,72.04 CFM,≤38.71 dB(A),1856 g,410 mm,Nhôm,,,,,,,
cooler_037,Cooler,Tản nhiệt nước Deepcool MYSTIQUE 360 WH,3990000,https://phongvu.vn/tan-nhiet-nuoc-deepcool-mystique-360-wh--s241004129,DeepCool,60 tháng,Tản nước,3 x 120 mm,"Intel LGA 1700, Intel LGA 1200, Intel LGA 115X, AMD AM5, AMD AM4",RGB,Trắng,402 × 120 × 27 mm,3400 RPM±10%,500~2150 RPM±10%,72.45 CFM,≤36.49 dB(A),1847g,,Nhôm,,,,,,,
cooler_038,Cooler,Tản nhiệt nước AIO Deepcool MYSTIQUE 360 (R-LX750-BKDSNMP-G-1),3990000,https://phongvu.vn/tan-nhiet-nuoc-aio-deepcool-mystique-360-r-lx750-bkdsnmp-g-1--s240703614,DeepCool,60 tháng,Tản nước AIO,3 x 120 mm,"Intel LGA 1700, Intel LGA 1200, Intel LGA 1151, Intel LGA 1150, Intel LGA 1155",RGB,Đen,402 × 120 × 27 mm,3400 RPM±10%,500~2150 RPM±10%,72.45 CFM,≤36.49 dB(A),1847g,,Nhôm,,,,,,,
cooler_039,Cooler,Quạt case Xigmatek Infinity Arctic 120mm Fan - EN44571 (Trắng),99000,https://phongvu.vn/quat-case-xigmatek-infinity-arctic-120mm-fan-en44571-trang--s240702625,Xigmatek,6 tháng,Quạt,1 x 120 mm,,RGB,Trắng,120 x 120 x 25 mm,,1200 RPM (±10%),40.60 CFM,,,,,,,,,,,
cooler_040,Cooler,Quạt case Quạt Xigmatek Infinity Arctic Reverse 120mm Fan - EN44595 (Trắng),99000,https://phongvu.vn/quat-case-quat-xigmatek-infinity-arctic-reverse-120mm-fan-trang--s240702621,Xigmatek,6 tháng,Quạt,1 x 120 mm,,RGB,Trắng,120 x 120 x 25 mm,,1200 RPM (±10%),40.60 CFM,,,,,,,,,,,
cooler_041,Cooler,Quạt/ Fan case Xigmatek Starlink Ultra Arctic (Pack x 3) (EN40856),990000,https://phongvu.vn/tan-nhiet-khi-xigmatek-starlink-ultra-arctic-pack-x-3-en40856--s230900026,Xigmatek,12 tháng,Tản khí,3 x 120 mm,,ARGB,Trắng,,,800-2000±10% R.P.M,68.5 CFM,<29.2 dBA,900 g,,,,,,,,,
cooler_042,Cooler,Tản nhiệt khí Xigmatek Starlink Arctic (Pack x 3) (EN41310),619000,https://phongvu.vn/tan-nhiet-khi-xigmatek-starlink-arctic-pack-x-3-en41310--s230900024,Xigmatek,12 tháng,Tản khí,3 x 120 mm,,ARGB,Trắng,,,900-1800 RPM,65.5 CFM,<28.7 BA,800 g,,,,,,,,,
cooler_043,Cooler,Quạt/ Fan case Xigmatek Starlink (Pack x 3) (EN41303),619000,https://phongvu.vn/tan-nhiet-khi-xigmatek-starlink-pack-x-3-en41303--s230900023,Xigmatek,12 tháng,Quạt,3 x 120 mm,,ARGB,Đen,,,900-1800 RPM,65.5 CFM,<28.7 BA,800 g,,,,,,,,,
cooler_044,Cooler,Tản nhiệt nước Corsair iCUE LINK H100i RGB (CW-9061001-WW),5090000,https://phongvu.vn/tan-nhiet-nuoc-corsair-icue-link-h100i-rgb-cw-9061001-ww--s230702531,Corsair,60 tháng,Tản nước,2 x 120 mm,"Intel LGA 1151-v2, Intel LGA 1150, Intel LGA 1155, Intel LGA 1156, AMD AM5, Intel LGA 1700, AMD AM4, Intel LGA 1200",RGB,Đen,,,480 - 2400RPM ±10%,16.44 - 63.1 CFM,,2.12 kg,400mm,Nhôm,,,,,,,
cooler_045,Cooler,BỘ TẢN NHIỆT NƯỚC NZXT KRAKEN 240 RGB WHITE (RL-KR240-W1),4279000,https://phongvu.vn/bo-tan-nhiet-nuoc-nzxt-kraken-240-rgb-white-rl-kr240-w1--s230500345,Nzxt,72 tháng,Tản nước,2 x 120 mm,"Intel LGA 1150, Intel LGA 1151-v2, Intel LGA 1155, Intel LGA 1156, Intel LGA 1200, Intel LGA 1700, AMD TR4, AMD AM4, AMD AM5, AMD sTRX4",RGB,Trắng,123 x 275 x 30mm,"800 - 2,800 ± 300RPM","500-1,800 ± 180 RPM",21.67 - 78.02 CFM,17.9 - 30.6dBA,1200g,,Nhôm,,,,,,,
cooler_046,Cooler,Tản nhiệt khí SEGOTEP Lumos G4-150W ARGB (Only Intel LGA) (SC365N300500),349000,https://phongvu.vn/tan-nhiet-khi-segotep-lumos-g4-150w-argb-only-intel-lga-sc365n300500--s230400168,Segotep,24 tháng,Tản khí,1 x 120 mm,,RGB,Bạc,,,800-1800RPM (±10%),,38.5dB(A),720g,,Nhôm,,,,,,,
cooler_047,Cooler,Bộ 2 Quạt Tản Nhiệt NZXT F140RGB 140mm Twin White,1589000,https://phongvu.vn/bo-2-quat-tan-nhiet-nzxt-f140rgb-140mm-twin-white--s230302825,Nzxt,24 tháng,Quạt,2 x 140 mm,,ARGB,Trắng,,,500 - 1.800 ± 300RPM,24.85 - 89.48 CFM,20 - 32.5 dBA,468g,,,,,,,,,
cooler_048,Cooler,Bộ 3 Quạt Tản Nhiệt ASUS TUF GAMING TF120 ARGB,890000,https://phongvu.vn/bo-3-quat-tan-nhiet-asus-tuf-gaming-tf120-argb--s230302824,Asus,24 tháng,Quạt,3 x 120 mm,,ARGB,Đen,,,1900 rpm (+/-10%),76 CFM,29 dB(A),514g,,,,,,,,,
cooler_049,Cooler,Tản Nhiệt Khí CPU ID-Cooling ARGB White (SE-214-XT),369000,https://phongvu.vn/tan-nhiet-khi-cpu-id-cooling-se-214-xt-argb-white--s220304008,ID-Cooling,24 tháng,Tản khí,1 x 120 mm,"Intel LGA 1700, Intel LGA 1200, Intel LGA 1151, Intel LGA 1150, Intel LGA 1155, Intel LGA 1156, AMD AM4",ARGB,Trắng,,,500 ± 200 ~ 1500 ± 10% RPM,"68,2CFM","13,8-30,5dB (A)",850g,,Nhôm,,,,,,,
cooler_050,Cooler,Tản Nhiệt Khí CPU ID-COOLING SE-214-XT,369000,https://phongvu.vn/tan-nhiet-khi-cpu-id-cooling-se-214-xt--s220304006,ID-Cooling,24 tháng,Tản khí,1 x 120 mm,"Intel LGA 1151, Intel LGA 1150, Intel LGA 1155, Intel LGA 1156, AMD AM4, Intel LGA 1200, Intel LGA 1700",,Đen,,,500 ± 200 ~ 1500 ± 10% RPM,64.8CFM,16-26.6dB(A),810g,,Nhôm,,,,,,,
cooler_051,Cooler,Tản nhiệt nước/ AIO Corsair H100 RGB (CW-9060053-WW),2390000,https://phongvu.vn/tan-nhiet-nuoc-aio-corsair-h100-rgb-cw-9060053-ww--s211105353,Corsair,36 tháng,Tản nước AIO,2 x 120 mm,"Intel LGA 1151-v2, Intel LGA 1151, Intel LGA 1150, Intel LGA 1155, Intel LGA 1156, Intel LGA 2066, Intel LGA 2011, AMD AM4, Intel LGA 1152, Intel LGA 1200",RGB,Đen,240mm,,,,,0.87 kg,,"Nhôm, Đồng",,,,,,,
cooler_052,Cooler,Quạt CPU CM Hyper 212 Spectrum V2,649000,https://phongvu.vn/quat-cpu-cm-hyper-212-spectrum-v2--s210404614,Cooler Master,12 tháng,Tản khí,1 x 120 mm,"Intel LGA 1151, Intel LGA 1150, Intel LGA 1155, Intel LGA 1156, AMD AM4, Intel LGA 1200",RGB,"Đen, Bạc",,,650-1800 RPM ± 5%,62 CFM (Max),8 - 27 dBA,,15.7 cm,"Nhôm, Đồng",,,,,,,
cooler_053,Cooler,Quạt Sama Halo Dual Ring Rainbow RGB,199000,https://phongvu.vn/quat-case-halo-dual-ring-rainbow-rgb-12cm-fan-7-colors-rgb--s1810061,Sama,12 tháng,Quạt,1 x 120 mm,,RGB,Đen,,,,,,,,,,,,,,,
cooler_054,Cooler,Tản khí Cooler Master MasterAir MA621P TR4 Edition,1190000,https://phongvu.vn/quat-cpu-cm-masterair-ma621p-tr4-edition--s19040683,Cooler Master,24 tháng,Tản khí,1 x 120 mm,AMD TR4,RGB,,,,"600 – 1,800 RPM (PWM) ± 10%",53.4 CFM ± 10%,31 dBA (Max),0.87,16.45 cm,"Nhôm, Đồng",,,,,,,
cooler_055,Cooler,Tản nhiệt nước Corsair Hydro Series H100i RGB Platinum SE - Demo,1190000,https://phongvu.vn/tan-nhiet-nuoc-corsair-hydro-series-h100i-rgb-platinum-se-hang-thanh-ly--s250520250--s250520250?selectPromotionId=2443483,Corsair,0 tháng,,,,,,,,,,,,,,Hàng thanh lý - trưng bày live,Bảo hành 1 tháng tại Phong Vũ,200601328.0,"- Sản phẩm đã qua sử dụng - - Bị trầy xước, tróc sơn, móp lưới - - Không hộp và không có phụ kiện","- Dạng tản nhiệt: Tản nước - - Chất liệu: Nhôm, Đồng - - Kích thước quạt: 2 x 120 mm - - Đèn: RGB - - Tốc độ vòng quay tản nhiệt: 2200 RPM - - Lưu lượng không khí: 63 CFM - - Độ ồn: 36 dBA","Cửa hàng 02 Hoàng Hoa Thám, Phường 12, Quận Tân Bình, Thành phố Hồ Chí Minh",
cooler_056,Cooler,Tản nhiệt khí Xigmatek AIR-KILLER PRO (EN47895) - Demo,149000,https://phongvu.vn/tan-nhiet-khi-xigmatek-air-killer-pro-en47895-hang-trung-bay--s240703817?selectPromotionId=2443482,Xigmatek,0 tháng,,,,,,,,,,,,,,Hàng thanh lý - trưng bày live,Hết bảo hành,220600173.0,"- Sản phẩm bị trầy xước - - Vỏ hộp tốt, đầy đủ phụ kiện",- Dạng tản nhiệt: Tản khí - - Chất liệu: Nhôm - - Kích thước quạt: 1 x 120 mm - - Đèn: ARGB - - Kích thước Radiator: 128 x 76 x 160mm - - Tốc độ vòng quay tản nhiệt: 800 ~ 1800 RPM (PWM) +/- 10% - - Lưu lượng không khí: 82.2 CFM (Max),"Cửa hàng 82 Bạch Đằng, Phường Phước Trung, Thành phố Bà Rịa, Tỉnh Bà Rịa - Vũng Tàu, Việt Nam",
cooler_057,Cooler,Quạt CPU Deepcool Captain 120 EX - Demo,49000,https://phongvu.vn/quat-cpu-deepcool-captain-120-ex-cu--s230105861?selectPromotionId=2443480,DeepCool,0 tháng,,,,,,,,,,,,,,Hàng thanh lý - lưu kho,Sản phẩm đã hết bảo hành,1602427.0,"- Sản phẩm đã qua sử dụng, bị trầy xước - - Vỏ hộp xấu,không còn đầy đủ phụ kiện.",- Kích thước tản CPU 92.5 x 93 x 85 mm - - Kích thước Rad 154 x 120 x 27 mm,"Cửa hàng 62 Trần Đại Nghĩa, Phường Đồng Tâm, Quận Hai Bà Trưng, Thành phố Hà Nội",- Tương thích:  - + Intel : LGA20XX / LGA1366 / LGA115X - + AMD : AM4 / AM3+ / AM3 / AM2+ / AM2 / FM2+ / FM2 / FM1
cooler_058,Cooler,Tản nhiệt nước/ COOLER MSI MAG CORELIQUID A13 360 Đen,1890000,https://phongvu.vn/tan-nhiet-nuoc-cooler-msi-mag-coreliquid-a13-360-den--s251113507,Msi,36 tháng,Tản nước,3 x 120 mm,"Intel LGA 1700, Intel LGA 1851, AMD AM5, AMD AM4",ARGB,Đen,360mm,3800 RPM ± 10%,,62.6 CFM,20dBA,,,Nhôm,,,,,,,
cooler_059,Cooler,Tản nhiệt nước/ Cooler Asus ROG Ryuo IV 360 ARGB - Hatsune Miku Edition,11290000,https://phongvu.vn/tan-nhiet-nuoc-cooler-asus-rog-ryuo-iv-slc-360-argb--s251101068,Asus,72 tháng,Tản nước,3 x 120 mm,"AMD AM4, AMD AM5, Intel LGA 1851, Intel LGA 1700",ARGB,Đen,394 x 140 x 32 mm,1800 - 3200 +/- 10% RPM,800-2650 +/- 10% RPM,71.44 CFM,39.6 dB(A),1.56,,Nhôm,,,,,,,
cooler_060,Cooler,Tản nhiệt nước/ COOLER Ocypus Sigma L36 PRO - Đen,3690000,https://phongvu.vn/tan-nhiet-nuoc-cooler-ocypus-sigma-l36-pro-den--s250906229,Khác,48 tháng,Tản nước,1 x 120 mm,"Intel LGA 115X, Intel LGA 1200, Intel LGA 1700, Intel LGA 1851, AMD AM4, AMD AM5",ARGB,Đen,397 x 120 x 27mm,3100±10%Vòng/phút,500~2400±10%RPM,77CFM,≤36dB(A),1680g,120mm,Nhôm,,,,,,,
cooler_061,Cooler,Tản nhiệt khí/ Cooler Noctua NH-D9L (AIRNT-NH-D9L),1790000,https://phongvu.vn/tan-nhiet-khi-cooler-noctua-nh-d9l-airnt-nh-d9l--s250800201,Noctua,72 tháng,Tản khí,1 x 92 mm,"Intel LGA 1851, Intel LGA 1700, Intel LGA 1200, Intel LGA 1156, Intel LGA 1155, Intel LGA 1151, Intel LGA 1150, AMD AM5, AMD AM4",,,,,2000 vòng/phút  (+/- 10%) / 1550 vòng/phút LNA (+/- 10%)/ 400 vòng/phút 20% PWM (+/-20%),78.9 m³/h / 62.6 m³/giờ (LNA),< 22.8 dB(A),531g,110 mm,"Đồng, Nhôm",,,,,,,
cooler_062,Cooler,BỘ TẢN NHIỆT NƯỚC NZXT KRAKEN ELITE 420 RGB - V2 - WHITE - 420MM (RL-KR42E-W2),9590000,https://phongvu.vn/bo-tan-nhiet-nuoc-nzxt-kraken-elite-420-rgb-v2-white-420mm-rl-kr42e-w2--s250646011,Nzxt,72 tháng,Tản nước AIO,3 x 420 mm,"Intel LGA 1851, Intel LGA 1700, Intel LGA 1200, Intel LGA 1151-v2, Intel LGA 1155, Intel LGA 1156, AMD AM4, AMD AM5",RGB,Đen,457 x 140 x 27 mm,"500 - 2,000 ± 200 RPM per fan","1,200 - 2,800 ± 300 RPM",98.61 CFM,34.5 dBA,,600 mm,Nhôm,,,,,,,
cooler_063,Cooler,Tản nhiệt nước/ Cooler ASUS ROG RYUO IV SLC 360 ARGB,8990000,https://phongvu.vn/tan-nhiet-nuoc-cooler-asus-rog-ryuo-iv-slc-360-argb--s250633630,Asus,72 tháng,Tản nước,3 x 120 mm,"AMD AM5, AMD AM4, Intel LGA 1851, Intel LGA 1700",ARGB,Đen,394 x 140 x 32 mm,,800-2650 +/- 10% RPM,71.44 CFM,39.6 dB(A),4 kg,200 mm,Nhôm,,,,,,,
cooler_064,Cooler,BỘ TẢN NHIỆT KHÍ CPU ID-COOLING FROZN A620 PRO SE,749000,https://phongvu.vn/bo-tan-nhiet-khi-cpu-id-cooling-frozn-a620-pro-se--s250405294,ID-Cooling,36 tháng,Tản khí,2 x 120 mm,"Intel LGA 1851, Intel LGA 1700, Intel LGA 1200, Intel LGA 1151, Intel LGA 1150, Intel LGA 1155, Intel LGA 1156, AMD AM5, AMD AM4",,Đen,120 x 142 x 157mm,,300±200 ~ 2000±10% RPM,58CFM,27.2dB(A) Max,1.7kg,,"Đồng, Nhôm",,,,,,,
cooler_065,Cooler,BỘ TẢN NHIỆT KHÍ CPU ID-COOLING FROZN A620 GDL (Limited Edition),990000,https://phongvu.vn/bo-tan-nhiet-khi-cpu-id-cooling-frozn-a620-gdl-limited-edition--s250405295,ID-Cooling,36 tháng,Tản khí,2 x 120 mm,"Intel LGA 1851, Intel LGA 1700, Intel LGA 1200, Intel LGA 115X, AMD AM5, AMD AM4",,Đen,120 x 142 x 157mm,,500~ 2000±10% RPM,78CFM,29.9dB(A) Max,1.4kg,,"Đồng, Nhôm",,,,,,,
cooler_066,Cooler,Tản nhiệt nước Corsair iCUE LINK TITAN 360 RX RGB LCD Black,5690000,https://phongvu.vn/tan-nhiet-nuoc-corsair-icue-link-titan-360-rx-rgb-lcd-black--s250302306,Corsair,72 tháng,Tản nước,3 x 120 mm,"Intel LGA 1851, Intel LGA 1700, AMD AM5, AMD AM4",RGB,Đen,360mm,,300 - 2.100 RPM ±10%,10.4 – 73.5 CFM,10 - 36 dB(A),1.7kg,,"Nhôm, Đồng",,,,,,,
cooler_067,Cooler,Bộ 3 quạt máy tính Corsair iCUE LINK RX120 RGB MAX Black,3315000,https://phongvu.vn/bo-3-quat-may-tinh-corsair-icue-link-rx120-rgb-max-black--s250302287,Corsair,60 tháng,Quạt,3 x 120 mm,,RGB,Đen,120mm,,400 - 2000RPM ±10%,16.3 - 71.3 CFM,10 - 29.5 dBA,0.62kg,,,,,,,,,
cooler_068,Cooler,TẢN NHIỆT CPU ASUS ROG Ryujin III 360 ARGB Extreme,10490000,https://phongvu.vn/tan-nhiet-cpu-asus-rog-ryujin-iii-360-argb-extreme--s250204698,Asus,72 tháng,Tản nước AIO,3 x 120 mm,"Intel LGA 1851, Intel LGA 1700, Intel LGA 1200, Intel LGA 1151-v2, Intel LGA 1155, Intel LGA 1156, Intel LGA 1150, AMD AM4, AMD AM5",ARGB,Đen,399.5 x 120 x 30 mm,5100 RPM +/- 10%,0 - 2800 RPM +/- 10%,89.73 CFM,36 dB(A),1.5 kg,400 mm,Nhôm,,,,,,,
cooler_069,Cooler,Bộ tản nhiệt cho CPU của máy vi tính Deepcool AK400 ZERO DARK (R-AK400-BKNNMN-G-2),690000,https://phongvu.vn/bo-tan-nhiet-cho-cpu-cua-may-vi-tinh-deepcool-ak400-zero-dark-r-ak400-bknnmn-g-2--s250115699,DeepCool,24 tháng,Tản khí,1 x 120 mm,"Intel LGA 1851, Intel LGA 1700, Intel LGA 1200, Intel LGA 1151, Intel LGA 1150, Intel LGA 1155, AMD AM5, AMD AM4",,Đen,127×97×155 mm(,,500~1850 vòng/phút±10%,66.47 CFM,≤29 dB(A),661g,,,,,,,,,
cooler_070,Cooler,Tản nhiệt nước MSI MAG CORELIQUID I360 WHITE,3590000,https://phongvu.vn/tan-nhiet-nuoc-msi-ag-coreliquid-i360-white--s241205235,Msi,36 tháng,Tản nước,3 x 120 mm,"Intel LGA 1150, Intel LGA 1151, Intel LGA 1155, Intel LGA 1156, Intel LGA 1200, Intel LGA 1700, Intel LGA 1851, AMD AM5, AMD AM4",ARGB,Trắng,394 x 120 x 27 mm,,,70.7 CFM,20 dBA,,,Nhôm,,,,,,,
cooler_071,Cooler,Tản nhiệt nước MSI MAG CORELIQUID I360,2990000,https://phongvu.vn/tan-nhiet-nuoc-msi-mag-coreliquid-i360--s241205231,Msi,36 tháng,Tản nước,3 x 120 mm,"Intel LGA 1150, Intel LGA 1151, Intel LGA 1155, Intel LGA 1156, Intel LGA 1200, Intel LGA 1700, Intel LGA 1851, AMD AM5, AMD AM4",ARGB,Đen,394 x 120 x 27 mm,,,70.7 CFM,20 dBA,,,Nhôm,,,,,,,
cooler_072,Cooler,BỘ TẢN NHIỆT NƯỚC ID-COOLING FX360 INF ARGB,1590000,https://phongvu.vn/bo-tan-nhiet-nuoc-id-cooling-fx360-inf-argb--s241203150,ID-Cooling,24 tháng,Tản nước,3 x 120 mm,"Intel LGA 1851, Intel LGA 1700, Intel LGA 1200, Intel LGA 115X, AMD AM5, AMD AM4",ARGB,Đen,396 × 120 × 27mm,2900 vòng/phút ±10%(PWM),300 ～200 0±10%Vòng/Phút,58CFM,27.2dB(A),2.5 kg,,"Nhôm, Đồng",,,,,,,
cooler_073,Cooler,BỘ TẢN NHIỆT NƯỚC ID-COOLING FX240 INF WHITE,1390000,https://phongvu.vn/bo-tan-nhiet-nuoc-id-cooling-fx240-inf-white--s241203151,ID-Cooling,24 tháng,Tản nước,2 x 120 mm,"Intel LGA 1851, Intel LGA 1700, Intel LGA 1200, Intel LGA 115X, AMD AM5, AMD AM4",ARGB,Trắng,276 × 120 × 27 mm,2900 vòng/phút ±10%(PWM),300 ～200 0±10%Vòng/Phút,58CFM,27.2dB(A),2.2 kg,,"Nhôm, Đồng",,,,,,,
cooler_074,Cooler,Bộ tản nhiệt nước NZXT Kraken Elite 360 RGB (Black) V2,8490000,https://phongvu.vn/bo-tan-nhiet-nuoc-nzxt-kraken-elite-360-rgb-black-v2--s241105134,Nzxt,72 tháng,Tản nước,3 x 120 mm,"Intel LGA 1151-v2, Intel LGA 1150, Intel LGA 1155, Intel LGA 1156, AMD AM4, Intel LGA 1200, Intel LGA 1700, AMD AM5, Intel LGA 1851",RGB,Đen,401 x 120 x 27 mm,,"500 - 2,400 ± 250 RPM",75.12 CFM,30.00 dBA,1.3 kg,420 mm,Nhôm,,,,,,,
cooler_075,Cooler,Tản nhiệt nước AIO ASUS TUF GAMING LC II 240 ARGB (90RC00U1-M0UAY0),1790000,https://phongvu.vn/tan-nhiet-nuoc-aio-asus-tuf-gaming-lc-ii-240-argb-90rc00u1-m0uay0--s241004803,Asus,72 tháng,Tản nước,2 x 120 mm,"Intel LGA 1851, Intel LGA 1700, Intel LGA 1200, Intel LGA 115X, AMD AM5, AMD AM4",ARGB,Đen,120 x 120 x 25 mm,,800 - 2000 RPM +/- 10%,"67 CFM / 113,8 m3h",29 dB,,,Nhôm,,,,,,,
cooler_076,Cooler,Tản nhiệt nước Corsair iCUE LINK TITAN 360 RX RGB Black,4990000,https://phongvu.vn/tan-nhiet-nuoc-corsair-icue-link-titan-360-rx-rgb-black--s241004273,Corsair,72 tháng,Tản nước,3 x 120 mm,"AMD AM4, AMD AM5, Intel LGA 1851, Intel LGA 1700",RGB,Đen,360mm,,300 - 2100 RPM ±10%,10.4 - 73.5 CFM,,1.88 Kg,,Nhôm,,,,,,,
cooler_077,Cooler,Tản nhiệt CPU THERMALTAKE TH280 V2 Ultra snow (LCD),4090000,https://phongvu.vn/tan-nhiet-cpu-thermaltake-th280-v2-ultra-snow-lcd--s241003381,Thermaltake,12 tháng,Tản khí,2 x 140 mm,"Intel LGA 2066, Intel LGA 2011-3, Intel LGA 2011, Intel LGA 1851, Intel LGA 1700, Intel LGA 1200, Intel LGA 1156, Intel LGA 1155, Intel LGA 1151, Intel LGA 1150",RGB,Trắng,,PWM 1500~3300 RPM,PWM 500~1800 RPM,"84,32 CFM (một quạt)","34,7dB-A",,,Đồng,,,,,,,
cooler_078,Cooler,Quạt tản nhiệt THERMALTAKE SWAFAN EX14 ARGB White (3pc),2090000,https://phongvu.vn/quat-tan-nhiet-thermaltake-swafan-ex14-argb-white-3pc--s241003382,Thermaltake,12 tháng,Tản khí,3 x 140 mm,,RGB,Trắng,,,PWM 500 ~ 2000 R.P.M,81.6 CFM,,,,,,,,,,,
cooler_079,Cooler,Tản nhiệt nước Master Liquid 360 CORE SI Black (MLW_D36M_A18PA_MK),1890000,https://phongvu.vn/tan-nhiet-nuoc-master-liquid-360-core-si-black-mlw-d36m-a18pa-m1--s241000196,Cooler Master,60 tháng,Tản nước,3 x 120 mm,"Intel LGA 1851, Intel LGA 1700, Intel LGA 1200, Intel LGA 1151, Intel LGA 1150, Intel LGA 1155, Intel LGA 1156, AMD AM5, AMD AM4",ARGB,Đen,360mm,3000 ±10%,650~1750 ±10%,67.5 CFM,36 dBA,,,Nhôm,,,,,,,
cooler_080,Cooler,Tản nước CPU CoolerMaster Masterliquid 360 Atmos (WTCCM-MLX-D36M-A25PZ-R1),3390000,https://phongvu.vn/tan-nuoc-cpu-coolermaster-masterliquid-360-atmos-wtccm-mlx-d36m-a25pz-r1--s240901739,Cooler Master,60 tháng,Tản nước,3 x 120 mm,"Intel LGA 1700, Intel LGA 1200, Intel LGA 1151, Intel LGA 1150, Intel LGA 1155, Intel LGA 1156, AMD AM5, AMD AM4",ARGB,Đen,394 × 119 × 27.2 mm,,690~2500 ± 10% RPM,70.7 CFM,27.2 dBA,,,Nhôm,,,,,,,
cooler_081,Cooler,Tản nhiệt CPU Deepcool ASSASSIN IV (R-ASN4-BKNNMT-G),2590000,https://phongvu.vn/tan-nhiet-cpu-deepcool-assassin-iv-r-asn4-bknnmt-g--s240704402,DeepCool,36 tháng,Tản khí,120mm/140mm,"Intel LGA 2066, Intel LGA 2011-v3, Intel LGA 2011, Intel LGA 1700, Intel LGA 1200, Intel LGA 1151, Intel LGA 1150, Intel LGA 1155, AMD AM5, AMD AM4",Có,Đen,144 × 147 × 164 mm,,500~1800 RPM±10% / 500~1700 RPM±10%,"61,25 CFM / 58,06 CFM","≤29,3 dB(A)",1575g,164mm,Nhôm,,,,,,,
cooler_082,Cooler,Quạt case Xigmatek Infinity 120mm Fan - EN44564 (Đen),99000,https://phongvu.vn/quat-case-xigmatek-infinity-120mm-fan-en44564-den--s240702618,Xigmatek,6 tháng,Quạt,1 x 120 mm,,RGB,Đen,120 x 120 x 25 mm,,1200 RPM (±10%),40.60 CFM,,,,,,,,,,,
cooler_083,Cooler,Tản nhiệt nước Xigmatek FENIX 240 - EN42935 (Đen),990000,https://phongvu.vn/tan-nhiet-nuoc-xigmatek-fenix-240-en42935-den--s240702620,Xigmatek,24 tháng,Tản nước,2 x 240 mm,"Intel LGA 1700, Intel LGA 1200, Intel LGA 115X, AMD AM4, AMD AM5",RGB,Đen,277 x 120 x 27mm,600~3000RPM ± 10%,600~1800RPM ± 10%,82.8 CFM,29.8dBA,,,Nhôm,,,,,,,
cooler_084,Cooler,Quạt case Xigmatek Infinity Reverse 120mm Fan -EN44588 (Đen),99000,https://phongvu.vn/quat-case-xigmatek-infinity-reverse-120mm-fan-en44588-den--s240702623,Xigmatek,6 tháng,Quạt,1 x 120 mm,,RGB,Đen,120 x 120 x 25 mm,,1200 RPM (±10%),40.60 CFM,,,,,,,,,,,
cooler_085,Cooler,Bộ tản nhiệt nước ID-COOLING ZOOMFLOW 360-XT ARGB V2,1790000,https://phongvu.vn/bo-tan-nhiet-nuoc-id-cooling-zoomflow-360-xt-argb-v2--s240603349,ID-Cooling,24 tháng,Tản nước,3 x 120 mm,"Intel LGA 2066, Intel LGA 2011, Intel LGA 1700, Intel LGA 1200, Intel LGA 1151, Intel LGA 1150, Intel LGA 1155, Intel LGA 1156",ARGB,Đen,39.7×12 × 2.7 cm,PWM 0-2500RPM,500～1800±10%RPM,82.5CFM,35.2dB(A),,,Nhôm,,,,,,,
cooler_086,Cooler,BỘ TẢN NHIỆT NƯỚC ID-COOLING SPACE SL360 XE WHITE,2790000,https://phongvu.vn/bo-tan-nhiet-nuoc-id-cooling-space-sl360-xe-white--s240403788,ID-Cooling,60 tháng,Tản nước,3 x 120 mm,"Intel LGA 2066, Intel LGA 2011, Intel LGA 1851, Intel LGA 1700, Intel LGA 1200, Intel LGA 1151, Intel LGA 1150, Intel LGA 1155, Intel LGA 1156, AMD AM5",ARGB,Trắng,397 × 120 × 27 mm,2500RPM ± 10%,500 ～1800±10% vòng/phút,"76,16CFM",35.2dB(A) Max.,,,Nhôm,,,,,,,
cooler_087,Cooler,BỘ TẢN NHIỆT NƯỚC ID-COOLING SPACE SL360 XE ARGB,2790000,https://phongvu.vn/bo-tan-nhiet-nuoc-id-cooling-space-sl360-xe-argb--s240403787,ID-Cooling,60 tháng,Tản nước,3 x 120 mm,"Intel LGA 2066, Intel LGA 2011, Intel LGA 1851, Intel LGA 1700, Intel LGA 1200, Intel LGA 1151, Intel LGA 1150, Intel LGA 1155, Intel LGA 1156, AMD AM5",ARGB,Đen,397 × 120 × 27mm,2500RPM ± 10%,500 ～1800±10% vòng/phút,"76,16CFM",35.2dB(A) Max.,,,Nhôm,,,,,,,
cooler_088,Cooler,Tản nhiệt nước AiO MSI MAG CORELIQUID M360,2290000,https://phongvu.vn/tan-nhiet-nuoc-aio-msi-m360--s240401331,Msi,36 tháng,Tản nước,3 x 120 mm,"AMD AM5, AMD TR4, AMD AM4, Intel LGA 1150, Intel LGA 1151, Intel LGA 1155, Intel LGA 1156, Intel LGA 1200, Intel LGA 1700, Intel LGA 2011",ARGB,Đen,397 x 120 x 27 mm,,,21.63 ~ 78.73 CFM,,1.35kg,,Nhôm,,,,,,,
cooler_089,Cooler,Tản nhiệt Xigmatek EPIX 1264 (EN41570),490000,https://phongvu.vn/tan-nhiet-xigmatek-epix-1264-en41570--s240200138,Xigmatek,12 tháng,Tản khí,1 x 120 mm,"Intel LGA 1151-v2, Intel LGA 1150, Intel LGA 1155, Intel LGA 1156, Intel LGA 1700, Intel LGA 1200, AMD AM4, AMD AM5",RGB,Đen,,800-1800 RPM,,68.59 CFM,≤ 23.8 dBA,500g,156mm,Nhôm,,,,,,,
cooler_090,Cooler,Tản nhiệt khí Noctua NH-U12A CH.BK Black CPU Cooler,3490000,https://phongvu.vn/tan-nhiet-khi-noctua-nh-u12a-ch-bk-black-cpu-cooler--s240103560,Noctua,72 tháng,Tản khí,1 x 120 mm,"Intel LGA 1851, Intel LGA 1151-v2, Intel LGA 1150, Intel LGA 1155, Intel LGA 1156, Intel LGA 1200, Intel LGA 1700, AMD AM4, AMD AM5",Không Led,Đen,158 x 125 x 112 mm,,2000 RPM,,"22,6 dB(A)",1220 g,158 mm,Nhôm,,,,,,,
cooler_091,Cooler,Tản nhiệt khí Deepcool AK400 DIGITAL (R-AK400-BKADMN-G),890000,https://phongvu.vn/tan-nhiet-khi-deepcool-ak400-digital-r-ak400-bkadmn-g--s240101328,DeepCool,24 tháng,Tản khí,1 x 120 mm,"Intel LGA 1151-v2, Intel LGA 1150, Intel LGA 1155, Intel LGA 1200, Intel LGA 1700, AMD AM5, AMD AM4",RGB,Đen,,,500~1850 RPM±10%,68.99 CFM,≤28 dB(A),695 g,,,,,,,,,
cooler_092,Cooler,Tản nhiệt nước ASUS ROG RYUJIN III 360 ARGB WHITE / Trắng,9190000,https://phongvu.vn/tan-nhiet-nuoc-asus-rog-ryujin-iii-360-argb-white-trang-90rc00l2-m0aay0--s231203194,Asus,72 tháng,Tản nước,3 x 120 mm,"AMD AM5, AMD AM4, Intel LGA 1700, Intel LGA 1200, Intel LGA 115X",ARGB,Đen,399.5 x 120 x 30 mm,800 - 3600 +/- 10% RPM,600 - 2200 RPM +/- 10%,,,,,Đồng,,,,,,,
cooler_093,Cooler,Tản nhiệt nước ASUS ROG RYUJIN III 360 ARGB,9990000,https://phongvu.vn/tan-nhiet-nuoc-asus-rog-ryujin-iii-360-argb-den-90rc00l1-m0aay0--s231203193,Asus,72 tháng,Tản nước,3 x 120 mm,"AMD AM5, AMD AM4, Intel LGA 1700, Intel LGA 1200, Intel LGA 115X",ARGB,Đen,399.5 x 120 x 30 mm,800 - 3600 +/- 10% RPM,600 - 2200 RPM +/- 10%,,,,,Đồng,,,,,,,
cooler_094,Cooler,Quạt/ Fan case ASUS TUF GAMING TF120 White ARGB 3in1 (90DA0033-B00030),890000,https://phongvu.vn/quat-fan-case-asus-tuf-gaming-tf120-white-argb-3in1-90da0033-b00030--s231002068,Asus,12 tháng,Quạt,3 x 120 mm,,ARGB,Trắng,,,1900 rpm (+/-10%),76 CFM,29 dB(A),514g,,,,,,,,,
cooler_095,Cooler,Tản nhiệt khí CPU ID-COOLING SE-207-XT ARGB (Đen),1199000,https://phongvu.vn/tan-nhiet-khi-cpu-id-cooling-se-207-xt-argb-den--s231000913,ID-Cooling,24 tháng,Tản khí,2 x 120 mm,"Intel LGA 1151-v2, Intel LGA 1150, Intel LGA 1155, Intel LGA 1156, Intel LGA 2066, Intel LGA 2011, Intel LGA 1200, Intel LGA 1700, AMD AM4, AMD AM5",ARGB,Đen,,,500-1500RPM(PWM),68.2CFM,30.5dB(A) Max.,1.3kg,,"Nhôm, Đồng",,,,,,,
cooler_096,Cooler,Bộ Tản Nhiệt Nước ID-COOLING ZOOMFLOW 240-XT ELITE SNOW (Trắng),1749000,https://phongvu.vn/bo-tan-nhiet-nuoc-id-cooling-zoomflow-240-xt-elite-snow-trang--s231000911,ID-Cooling,36 tháng,Tản nước AIO,2 x 120 mm,"Intel LGA 1151-v2, Intel LGA 1150, Intel LGA 1155, Intel LGA 1156, Intel LGA 2066, Intel LGA 2011, Intel LGA 1200, Intel LGA 1700, AMD AM4, AMD AM5",ARGB,Trắng,276 × 120 × 27mm,2100±10%RPM,900～2000±10%RPM,56.5CFM,16.2～31.5dB(A),500 g,,Nhôm,,,,,,,
cooler_097,Cooler,Bộ Tản Nhiệt Nước ID-COOLING DASHFLOW 360-XT LITE (Đen),2149000,https://phongvu.vn/bo-tan-nhiet-nuoc-id-cooling-dashflow-360-xt-lite-den--s231000861,ID-Cooling,60 tháng,Tản nước AIO,3 x 120 mm,"Intel LGA 1151-v2, Intel LGA 1150, Intel LGA 1155, Intel LGA 1156, Intel LGA 2066, Intel LGA 2011, Intel LGA 1200, Intel LGA 1700, AMD AM4, AMD AM5",,Đen,396 × 120 × 27mm,0~2500RPM,500±200~2000±10%RPM,78.25CFM,29.85dB(A) Max.,700 g,,Nhôm,,,,,,,
cooler_098,Cooler,Bộ Tản Nhiệt Nước ID-COOLING DASHFLOW 360-XT ARGB (Đen),3290000,https://phongvu.vn/bo-tan-nhiet-nuoc-id-cooling-dashflow-360-xt-argb-den--s231000860,ID-Cooling,60 tháng,Tản nước AIO,3 x 120 mm,"Intel LGA 1151-v2, Intel LGA 1150, Intel LGA 1155, Intel LGA 1156, Intel LGA 2066, Intel LGA 2011, Intel LGA 1200, Intel LGA 1700, AMD AM4, AMD AM5",ARGB,Đen,396 × 120 × 27mm,0~2500RPM,900～2400±10%RPM,85.5CFM,33.5dB(A) Max,700 g,,Nhôm,,,,,,,
cooler_099,Cooler,Bộ Tản Nhiệt Nước ID-COOLING SPACE SL240 ARGB (Đen),2690000,https://phongvu.vn/bo-tan-nhiet-nuoc-id-cooling-space-sl240-argb-den--s231000856,ID-Cooling,60 tháng,Tản nước AIO,2 x 120 mm,"Intel LGA 1151-v2, Intel LGA 1150, Intel LGA 1155, Intel LGA 1156, Intel LGA 2066, Intel LGA 2011, Intel LGA 1200, Intel LGA 1700, AMD AM4, AMD AM5",ARGB,Đen,276 × 120 × 27mm,2500±10%RPM,900～2000±10%RPM,78CFM,29.9dB(A),500 g,,Nhôm,,,,,,,
cooler_100,Cooler,Quạt/ Fan case Xigmatek Starlink Ultra (Pack x 3) (EN40412),990000,https://phongvu.vn/tan-nhiet-khi-xigmatek-starlink-ultra-pack-x-3-en40412--s230900025,Xigmatek,12 tháng,Tản khí,3 x 120 mm,,ARGB,Đen,,,800-2000±10% R.P.M,68.5 CFM,<29.2 dBA,900g,,,,,,,,,
cooler_101,Cooler,Tản nhiệt nước Xigmatek FROZR-O II 240 (EN40429),2990000,https://phongvu.vn/tan-nhiet-nuoc-xigmatek-frozr-o-ii-240-en40429--s230900019,Xigmatek,12 tháng,Tản nước,2 x 120 mm,"Intel LGA 1151-v2, Intel LGA 1151, Intel LGA 1150, Intel LGA 1155, Intel LGA 1156, Intel LGA 2066, Intel LGA 2011, Intel LGA 1366, Intel LGA 1200, Intel LGA 1700",ARGB,Đen,277 x 120 x 27mm,,1800 RPM +/- 10%,82.2 CFM,<25 dBA,2 kg,350mm,Nhôm,,,,,,,
cooler_102,Cooler,Tản nhiệt khí CPU Deepcool AG400 ARGB (R-AG400-BKANMC-G-1),409000,https://phongvu.vn/tan-nhiet-khi-cpu-deepcool-ag400-argb-r-ag400-bkanmc-g-1--s230703429,DeepCool,12 tháng,Tản khí,1 x 120 mm,"Intel LGA 1151-v2, Intel LGA 1150, Intel LGA 1155, Intel LGA 1200, Intel LGA 1700, AMD AM5, AMD AM4",ARGB,Đen,,,500~2000 RPM±10%,75.89 CFM,≤31.6 dB(A),614 g,Ø6 mm×4 pcs,,,,,,,,
cooler_103,Cooler,Tản nhiệt nước MSI MEG CORELIQUID S360,7590000,https://phongvu.vn/tan-nhiet-nuoc-msi-meg-coreliquid-s360--s230702765,Msi,36 tháng,Tản nước,3 x 120 mm,"Intel LGA 1151-v2, Intel LGA 1150, Intel LGA 1155, Intel LGA 1156, Intel LGA 2066, Intel LGA 2011, Intel LGA 2011-3, AMD TR4, AMD AM4, AMD AM3",,Đen,360 mm,,0 ~ 2000 RPM,56.2 CFM,22.7 dBA,990 g,350 mm,Nhôm,,,,,,,
cooler_104,Cooler,Quạt case MSI RGB 12cm Fan (OE3-7G20001-809),99000,https://phongvu.vn/tan-nhiet-nuoc-msi-auto-rgb-12cm-fan-oe3-7g20001-809--s230502041,Msi,12 tháng,Quạt,1 x 120 mm,,RGB,,,,,,,,,Nhựa,,,,,,,
cooler_105,Cooler,BỘ TẢN NHIỆT NƯỚC NZXT KRAKEN ELITE 360 RGB WHITE (RL-KR36E-W1),8399000,https://phongvu.vn/bo-tan-nhiet-nuoc-nzxt-kraken-elite-360-rgb-white-rl-kr36e-w1--s230500356,Nzxt,72 tháng,Tản nước,3 x 120 mm,"Intel LGA 1150, Intel LGA 1151-v2, Intel LGA 1155, Intel LGA 1156, Intel LGA 1200, Intel LGA 1700, AMD TR4, AMD AM4, AMD AM5, AMD sTRX4",RGB,Trắng,121 x 394 x 27mm,"800 - 2,800 ± 300 RPM","500-1,800 ± 180 RPM",78.86 CFM,33.88 dBA,1800g,,Nhôm,,,,,,,
cooler_106,Cooler,BỘ TẢN NHIỆT NƯỚC NZXT KRAKEN ELITE 280 RGB WHITE (RL-KR28E-W1),7599000,https://phongvu.vn/bo-tan-nhiet-nuoc-nzxt-kraken-elite-280-rgb-white-rl-kr28e-w1--s230500355,Nzxt,72 tháng,Tản nước,2 x 140 mm,"Intel LGA 1150, Intel LGA 1151-v2, Intel LGA 1155, Intel LGA 1156, Intel LGA 1200, Intel LGA 1700, AMD TR4, AMD AM4, AMD AM5, AMD sTRX4",RGB,Trắng,143 x 315 x 30mm,"800 - 2,800 ± 300 RPM","500-1,500 ± 150 RPM",90.79 CFM,34.48 dBA,1400g,,Nhôm,,,,,,,
cooler_107,Cooler,BỘ TẢN NHIỆT NƯỚC NZXT KRAKEN ELITE 360 RGB BLACK (RL-KR36E-B1),8399000,https://phongvu.vn/bo-tan-nhiet-nuoc-nzxt-kraken-elite-360-rgb-black-rl-kr36e-b1--s230500353,Nzxt,72 tháng,Tản nước,3 x 120 mm,"Intel LGA 1150, Intel LGA 1151-v2, Intel LGA 1155, Intel LGA 1156, Intel LGA 1200, Intel LGA 1700, AMD TR4, AMD AM4, AMD AM5, AMD sTRX4",RGB,Đen,121 x 394 x 27mm,"800 - 2,800 ± 300 RPM","500-1,800 ± 180 RPM",78.86 CFM,33.88 dBA,1800g,,Nhôm,,,,,,,
cooler_108,Cooler,BỘ TẢN NHIỆT NƯỚC NZXT KRAKEN ELITE 280 RGB BLACK (RL-KR28E-B1),7599000,https://phongvu.vn/bo-tan-nhiet-nuoc-nzxt-kraken-elite-280-rgb-black-rl-kr28e-b1--s230500352,Nzxt,72 tháng,Tản nước,2 x 140 mm,"Intel LGA 1150, Intel LGA 1151-v2, Intel LGA 1155, Intel LGA 1156, Intel LGA 1200, Intel LGA 1700, AMD TR4, AMD AM4, AMD AM5, AMD sTRX4",RGB,Đen,143 x 315 x 30mm,"800 - 2,800 ± 300 RPM","500-1,500 ± 150 RPM",90.79 CFM,34.48 dBA,1400g,,Nhôm,,,,,,,
cooler_109,Cooler,BỘ TẢN NHIỆT NƯỚC NZXT KRAKEN 360 RGB WHITE (RL-KR360-W1),5999000,https://phongvu.vn/bo-tan-nhiet-nuoc-nzxt-kraken-360-rgb-white-rl-kr360-w1--s230500347,Nzxt,72 tháng,Tản nước,3 x 120 mm,"Intel LGA 1150, Intel LGA 1151-v2, Intel LGA 1155, Intel LGA 1156, Intel LGA 1200, Intel LGA 1700, AMD TR4, AMD AM4, AMD AM5, AMD sTRX4",RGB,Trắng,121 x 394 x 27 mm,"800 - 2,800 ± 300RPM","500-1,800 ± 180 RPM",21.67 - 78.02 CFM,17.9 - 30.6dBA,1800g,,Nhôm,,,,,,,
cooler_110,Cooler,BỘ TẢN NHIỆT NƯỚC NZXT KRAKEN 280 RGB WHITE (RL-KR280-W1),4190000,https://phongvu.vn/bo-tan-nhiet-nuoc-nzxt-kraken-280-rgb-white-rl-kr280-w1--s230500346,Nzxt,72 tháng,Tản nước,2 x 140 mm,"Intel LGA 1150, Intel LGA 1151-v2, Intel LGA 1155, Intel LGA 1156, Intel LGA 1200, Intel LGA 1700, AMD TR4, AMD AM4, AMD AM5, AMD sTRX4",RGB,Trắng,143 x 315 x 30 mm,"800 - 2,800 ± 300RPM","500-1,500 ± 150 RPM",90.79 CFM,34.48 dBA,1400g,,Nhôm,,,,,,,
cooler_111,Cooler,BỘ TẢN NHIỆT NƯỚC NZXT KRAKEN 360 RGB BLACK (RL-KR360-B1),5999000,https://phongvu.vn/bo-tan-nhiet-nuoc-nzxt-kraken-360-rgb-black-rl-kr360-b1--s230500344,Nzxt,72 tháng,Tản nước,3 x 120 mm,"Intel LGA 1150, Intel LGA 1151-v2, Intel LGA 1155, Intel LGA 1156, Intel LGA 1200, Intel LGA 1700, AMD TR4, AMD AM4, AMD AM5, AMD sTRX4",RGB,Đen,121 x 394 x 27 mm,"800 - 2,800 ± 300RPM","500-1,800 ± 180 RPM",21.67 - 78.02 CFM,17.9 - 30.6dBA,1800g,,Nhôm,,,,,,,
cooler_112,Cooler,BỘ TẢN NHIỆT NƯỚC NZXT KRAKEN 280 RGB BLACK (RL-KR280-B1),4799000,https://phongvu.vn/bo-tan-nhiet-nuoc-nzxt-kraken-280-rgb-black-rl-kr280-b1--s230500343,Nzxt,72 tháng,Tản nước,2 x 140 mm,"Intel LGA 1150, Intel LGA 1151-v2, Intel LGA 1155, Intel LGA 1156, Intel LGA 1200, Intel LGA 1700, AMD TR4, AMD AM4, AMD AM5, AMD sTRX4",RGB,Đen,143 x 315 x 30 mm,"800 - 2,800 ± 300RPM","500-1,500 ± 150 RPM",90.79 CFM,34.48 dBA,1400g,,Nhôm,,,,,,,
cooler_113,Cooler,BỘ TẢN NHIỆT NƯỚC NZXT KRAKEN 240 RGB BLACK (RL-KR240-B1),4279000,https://phongvu.vn/bo-tan-nhiet-nuoc-nzxt-kraken-240-rgb-black-rl-kr240-b1--s230500342,Nzxt,72 tháng,Tản nước,2 x 120 mm,"Intel LGA 1150, Intel LGA 1151-v2, Intel LGA 1155, Intel LGA 1156, Intel LGA 1200, Intel LGA 1700, AMD TR4, AMD AM4, AMD AM5, AMD sTRX4",RGB,Đen,123 x 275 x 30mm,"800 - 2,800 ± 300RPM","500-1,800 ± 180 RPM",21.67 - 78.02 CFM,17.9 - 30.6dBA,1200g,,Nhôm,,,,,,,
cooler_114,Cooler,BỘ TẢN NHIỆT NƯỚC NZXT KRAKEN 360 (RL-KN360-B1),5090000,https://phongvu.vn/bo-tan-nhiet-nuoc-nzxt-kraken-360-rl-kn360-b1--s230500341,Nzxt,72 tháng,Tản nước,3 x 120 mm,"Intel LGA 1150, Intel LGA 1151-v2, Intel LGA 1155, Intel LGA 1156, Intel LGA 1200, Intel LGA 1700, AMD TR4, AMD AM4, AMD AM5, AMD sTRX4",,Đen,121 x 394 x 27 mm,"800 - 2,800 ± 300RPM","500-1,800 ± 180 RPM",21.67 - 78.02 CFM,17.9 - 30.6dBA,1800g,,Nhôm,,,,,,,
cooler_115,Cooler,Tản nhiệt CPU CM-ML 360L Core ARGB (MLW-D36M-A18PZ-R1),2740000,https://phongvu.vn/tan-nhiet-cpu-cm-ml-360l-core-argb-mlw-d36m-a18pz-r1--s230500086,Cooler Master,36 tháng,Tản nước,3 x 120 mm,"Intel LGA 2011, Intel LGA 2066, Intel LGA 1156, Intel LGA 1155, Intel LGA 1151-v2, Intel LGA 1150, Intel LGA 1200, Intel LGA 1700, AMD AM5, AMD AM4",ARGB,Đen,394 x 119.6 x 27.2 mm,,650-1750 RPM ± 10%,71.93 CFM (Max),27.2 dBA (Max),1.7 kg,,Nhôm,,,,,,,
cooler_116,Cooler,Tản nhiệt CPU Cooler Hyper 620S (RR-D6NA-17PA-R1),890000,https://phongvu.vn/tan-nhiet-cpu-cooler-hyper-620s-rr-d6na-17pa-r1--s230500084,Cooler Master,12 tháng,Tản khí,1 x 120 mm,"Intel LGA 1151-v2, Intel LGA 1151, Intel LGA 1150, Intel LGA 1155, Intel LGA 1156, AMD AM4, Intel LGA 1200, Intel LGA 1700, AMD AM5",ARGB,Đen,,,650-1750 RPM ± 10%,71.93 CFM (Max),27.2 dBA,,,Nhôm,,,,,,,
cooler_117,Cooler,Tản nhiệt nước CPU Deepcool LS720 SE White (R-LS720-WHAMMM-G-1),2599000,https://phongvu.vn/tan-nhiet-nuoc-cpu-deepcool-ls720-se-white-r-ls720-whammm-g-1--s230304340,DeepCool,36 tháng,Tản nước AIO,3 x 120 mm,"Intel LGA 1151-v2, Intel LGA 1150, Intel LGA 1155, Intel LGA 1700, Intel LGA 1200, AMD AM5, AMD AM4",RGB,Trắng,402 × 120 × 27 mm,3100 RPM±10%,500~2250 RPM±10%,85.85 CFM,≤32.9 dB(A),1659 g,,Nhôm,,,,,,,
cooler_118,Cooler,Tản nhiệt nước CPU Deepcool LS720 SE (R-LS720-BKAMMM-G-1),2599000,https://phongvu.vn/tan-nhiet-nuoc-cpu-deepcool-ls720-se-r-ls720-bkammm-g-1--s230304339,DeepCool,36 tháng,Tản nước AIO,3 x 120 mm,"Intel LGA 1151-v2, Intel LGA 1150, Intel LGA 1155, Intel LGA 1700, Intel LGA 1200, AMD AM5, AMD AM4",RGB,Đen,402 × 120 × 27 mm,3100 RPM±10%,500~2250 RPM±10%,85.85 CFM,≤32.9 dB(A),1659 g,,Nhôm,,,,,,,
cooler_119,Cooler,Tản nhiệt nước CPU Deepcool LS520 SE White (R-LS520-WHAMMM-G-1),1999000,https://phongvu.vn/tan-nhiet-nuoc-cpu-deepcool-ls520-se-white-r-ls520-whammm-g-1--s230304337,DeepCool,36 tháng,Tản nước AIO,2 x 120 mm,"Intel LGA 1151-v2, Intel LGA 1150, Intel LGA 1155, Intel LGA 1700, Intel LGA 1200, AMD AM5, AMD AM4",RGB,Trắng,282 × 120 × 27 mm,3100 RPM±10%,500~2250 RPM±10%,85.85 CFM,≤32.9 dB(A),1346g,,Nhôm,,,,,,,
cooler_120,Cooler,Bộ 3 quạt máy tính 120mm Corsair SP120 RGB ELITE kèm Node Core (CO-9050109-WW),1650000,https://phongvu.vn/bo-3-quat-may-tinh-120mm-corsair-sp120-rgb-elite-kem-node-core-co-9050109-ww--s230302821,Corsair,24 tháng,Quạt,3 x 120 mm,,RGB,Đen,,,1500 +/- 10% RPM,16.91 - 47.73 CFM,5 - 22.6 dBA,368g,,,,,,,,,
cooler_121,Cooler,Tản nhiệt nước Corsair H150i ELITE LCD XT WHITE (CW-9060077-WW),8290000,https://phongvu.vn/tan-nhiet-nuoc-corsair-h150i-elite-lcd-xt-white-cw-9060077-ww--s230300528,Corsair,60 tháng,Tản nước,3 x 120 mm,"Intel LGA 1700, Intel LGA 1200, Intel LGA 1150, Intel LGA 1151-v2, Intel LGA 1155, Intel LGA 1156, Intel LGA 1366, Intel LGA 2011, Intel LGA 2066, AMD sTRX4",RGB,Trắng,360mm,,550 - 2100 RPM ±10%,13.8 - 65.57 CFM,,1.1kg,,Nhôm,,,,,,,
cooler_122,Cooler,Tản nhiệt nước Corsair H170i ELITE LCD XT (CW-9060076-WW),8590000,https://phongvu.vn/tan-nhiet-nuoc-corsair-h170i-elite-lcd-xt-cw-9060076-ww--s230300527,Corsair,60 tháng,Tản nước,3 x 140 mm,"Intel LGA 1700, Intel LGA 1200, Intel LGA 1150, Intel LGA 1151-v2, Intel LGA 1155, Intel LGA 1156, Intel LGA 1366, Intel LGA 2011, Intel LGA 2066, AMD sTRX4",RGB,Đen,420mm,,500 - 1700 RPM ±10%,19.5 - 89.0 CFM,5 - 33.8 dBA,1.45kg,,Nhôm,,,,,,,
cooler_123,Cooler,Tản nhiệt nước Corsair H150i ELITE CAPELLIX XT WHITE (CW-9060073-WW),5490000,https://phongvu.vn/tan-nhiet-nuoc-corsair-h150i-elite-capellix-xt-white-cw-9060073-ww--s230300524,Corsair,60 tháng,Tản nước,3 x 120 mm,"Intel LGA 1700, Intel LGA 1200, Intel LGA 1150, Intel LGA 1151-v2, Intel LGA 1155, Intel LGA 1156, Intel LGA 2011, Intel LGA 2066, AMD sTRX4, AMD sTR4",RGB,Trắng,397mm x 120mm x 27mm,,550 - 2100 RPM ±10%,13.8 - 65.57 CFM,,1.1kg,,Nhôm,,,,,,,
cooler_124,Cooler,Tản nhiệt nước Thermaltake TH240 ARGB Black,2590000,https://phongvu.vn/tan-nhiet-nuoc-thermaltake-th240-argb-black--s221201188,Thermaltake,24 tháng,Tản nước AIO,2 x 120 mm,"Intel LGA 2066, Intel LGA 2011-3, Intel LGA 2011, Intel LGA 1700, Intel LGA 1366, Intel LGA 1200, Intel LGA 1156, Intel LGA 1155, Intel LGA 1151-v2, Intel LGA 1150",ARGB,Đen,273 x 120 x 27 mm,3300 RPM,1500 RPM,59.28 CFM,28.2 dBA,1.7 kg,,Nhôm,,,,,,,
cooler_125,Cooler,Tản Nhiệt nước Thermaltake TH360 ARGB Sync AIO Liquid Cooler (CL-W300-PL12SW-A),3090000,https://phongvu.vn/tan-nhiet-nuoc-thermaltake-th360-argb-sync-aio-liquid-cooler-cl-w300-pl12sw-a--s221100897,Thermaltake,36 tháng,Tản nước AIO,3 x 120 mm,"Intel LGA 2066, Intel LGA 2011-3, Intel LGA 2011, Intel LGA 1700, Intel LGA 1366, Intel LGA 1200, Intel LGA 1156, Intel LGA 1155, Intel LGA 1151-v2, Intel LGA 1150",ARGB,Đen,395 x 120 x 27 mm,1500 RPM,,59.28 CFM,28.2 dB-A,1.5 kg,,,,,,,,,
cooler_126,Cooler,Tản nhiệt nước SEGOTEP BE ICED 360RGB,2600000,https://phongvu.vn/tan-nhiet-nuoc-segotep-be-iced-360rgb--s220802515,Segotep,24 tháng,Tản nước,3 x 120 mm,"Intel LGA 1700, Intel LGA 2066, Intel LGA 2011, Intel LGA 1200, Intel LGA 1151-v2, Intel LGA 1150, Intel LGA 1155, Intel LGA 1156, AMD AM4",RGB,Đen,277 x 120 x 27 mm,2600±10% RPM,800-1800±10% RPM,77.9 CFM (MAX),30.6 dB(A),1 Kg,,Nhôm,,,,,,,
cooler_127,Cooler,Tản nhiệt nước MSI MAG CORELIQUID 240R V2 WHITE (306-7ZW1B50-813),3300000,https://phongvu.vn/tan-nhiet-nuoc-msi-mag-coreliquid-240r-v2-white-306-7zw1b50-813--s220610407,Msi,36 tháng,Tản nước,2 x 120 mm,"Intel LGA 1151-v2, Intel LGA 1150, Intel LGA 1155, Intel LGA 1156, Intel LGA 2066, Intel LGA 2011, Intel LGA 2011-3, AMD AM4, AMD AM3, AMD AM3+",ARGB,Trắng,274 x 120 x 27mm,4200 RPM +-10%,500 ~ 2000 RPM,21.63 ~ 78.73 CFM,18 dBA,,,Nhôm,,,,,,,
cooler_128,Cooler,Tản nhiệt nước AIO ASUS ROG STRIX LC 240 RGB,4700000,https://phongvu.vn/tan-nhiet-nuoc-aio-asus-rog-strix-lc-240-rgb--s220610029,Asus,72 tháng,Tản nước AIO,2 x 120 mm,"Intel LGA 1700, Intel LGA 1150, Intel LGA 1151, Intel LGA 1152, Intel LGA 1155, Intel LGA 1156, Intel LGA 1200, Intel LGA 1366, Intel LGA 2011, Intel LGA 2011-3",RGB,Đen,240 mm,"800 – 2,800 +/- 300 RPM",800 - 2500 RPM +/- 10%,80.95 CFM / 137.5 m3h,37.6 dB(A),1.5kg,,"Nhôm, Đồng",,,,,,,
cooler_129,Cooler,Tản nhiệt nước AIO ASUS ROG STRIX LC II 240 ARGB (SP005549),4900000,https://phongvu.vn/tan-nhiet-nuoc-aio-asus-rog-strix-lc-ii-240-argb-sp005549--s220610023,Asus,72 tháng,Tản nước AIO,2 x 120 mm,"Intel LGA 1700, Intel LGA 1150, Intel LGA 1151, Intel LGA 1152, Intel LGA 1155, Intel LGA 1156, Intel LGA 1200, Intel LGA 1366, Intel LGA 2011, Intel LGA 2011-3",ARGB,Đen,240 mm,"800 – 2,800 +/- 300 RPM",800 - 2500 RPM +/- 10%,80.95 CFM / 137.5 m3h,37.6 dB(A),1.5kg,,"Nhôm, Đồng",,,,,,,
cooler_130,Cooler,Tản nhiệt nước AIO ASUS ROG STRIX LC 360 ARGB (SP005330),7030000,https://phongvu.vn/tan-nhiet-nuoc-aio-asus-rog-strix-lc-360argb-sp005330--s220610022,Asus,72 tháng,Tản nước AIO,3 x 120 mm,"Intel LGA 1700, Intel LGA 1150, Intel LGA 1151, Intel LGA 1152, Intel LGA 1155, Intel LGA 1156, Intel LGA 1200, Intel LGA 1366, Intel LGA 2011, Intel LGA 2011-3",ARGB,Đen,360 mm,"800 – 2,800 +/- 300 RPM",800 - 2500 RPM +/- 10%,80.95 CFM / 137.5 m3h,37.6 dB(A),2.5kg,,"Nhôm, Đồng",,,,,,,
cooler_131,Cooler,Tản nhiệt nước AIO ASUS ROG STRIX LC II 360 ARGB (SP005548),7210000,https://phongvu.vn/tan-nhiet-nuoc-aio-asus-rog-strix-lc-ii-360-argb-sp005548--s220610021,Asus,72 tháng,Tản nước AIO,3 x 120 mm,"Intel LGA 1700, Intel LGA 1150, Intel LGA 1151, Intel LGA 1152, Intel LGA 1155, Intel LGA 1156, Intel LGA 1200, Intel LGA 1366, Intel LGA 2011, Intel LGA 2011-3",ARGB,Đen,360 mm,"800 – 2,800 +/- 300 RPM",800 – 2500 RPM +/- 10%,80.95 CFM / 137.5 m3h,37.6 dB(A),2.9kg,,"Nhôm, Đồng",,,,,,,
cooler_132,Cooler,Tản nhiệt nước AIO ASUS ROG STRIX LC II 360 ARGB White (SP005758),7670000,https://phongvu.vn/tan-nhiet-nuoc-aio-asus-rog-strix-lc-ii-360-argb-white--s220610020,Asus,72 tháng,Tản nước AIO,3 x 120 mm,"Intel LGA 1700, Intel LGA 1150, Intel LGA 1151, Intel LGA 1152, Intel LGA 1155, Intel LGA 1156, Intel LGA 1200, Intel LGA 1366, Intel LGA 2011, Intel LGA 2011-3",ARGB,Trắng,360 mm,"800 – 2,800 +/- 300 RPM",800 – 2500 RPM +/- 10%,80.95 CFM / 137.5 m3h,37.6 dB(A),2.9kg,,"Nhôm, Đồng",,,,,,,
cooler_133,Cooler,Tản nhiệt nước AIO ASUS ROG RYUJIN 240 (SP000154),6140000,https://phongvu.vn/tan-nhiet-nuoc-aio-asus-rog-ryujin-240--s220610019,Asus,72 tháng,Tản nước AIO,2 x 120 mm,"Intel LGA 1700, Intel LGA 1150, Intel LGA 1151, Intel LGA 1152, Intel LGA 1155, Intel LGA 1156, Intel LGA 1200, Intel LGA 1366, Intel LGA 2011, Intel LGA 2011-3",ARGB,Đen,240 mm,4.800 RPM +/- 10%,450 - 2000 RPM +/- 10%,71.6 CFM / 121.8 m3h,29.7 dB(A),1.6 kg,,"Nhôm, Đồng",,,,,,,
cooler_134,Cooler,Tản nhiệt nước AIO ASUS ROG RYUJIN II 360 ARGB (SP005849),9780000,https://phongvu.vn/tan-nhiet-nuoc-aio-asus-rog-ryujin-ii-360-argb--s220610018,Asus,72 tháng,Tản nước AIO,3 x 120 mm,"Intel LGA 1700, Intel LGA 1150, Intel LGA 1151, Intel LGA 1152, Intel LGA 1155, Intel LGA 1156, Intel LGA 1200, Intel LGA 1366, Intel LGA 2011, Intel LGA 2011-3",ARGB,Đen,360 mm,"800 – 2,800 +/- 300 RPM",450 - 2000 RPM +/- 10%,71.6 CFM / 121.8 m3h,29.7 dB(A),2.9 kg,,"Nhôm, Đồng",,,,,,,
cooler_135,Cooler,Bộ tản nhiệt nước NZXT Kraken Z73 RGB (WHITE)- 360mm ( RL-KRZ73-RW ),9190000,https://phongvu.vn/bo-tan-nhiet-nuoc-nzxt-kraken-z73-rgb-white-360mm--s220609673,Nzxt,72 tháng,Tản nước AIO,3 x 120 mm,"Intel LGA 1700, Intel LGA 1200, Intel LGA 115X, Intel LGA 1366, Intel LGA 2011, Intel LGA 2011-3, Intel LGA 2066, AMD AM4",ARGB,Trắng,121 x 394 x 27mm,"800 - 2,800 ± 300RPM","500 - 1,500 ± 300RPM",17.48 - 52.44 CFM,22 - 33 dBA,2.4kg,,"Nhôm, Đồng",,,,,,,
cooler_136,Cooler,Bộ tản nhiệt nước NZXT Kraken Z73 RGB - 360mm ( RL-KRZ73-R1 ),7899000,https://phongvu.vn/bo-tan-nhiet-nuoc-nzxt-kraken-z73-rgb-360mm--s220609672,Nzxt,72 tháng,Tản nước AIO,3 x 120 mm,"Intel LGA 1700, Intel LGA 1200, Intel LGA 115X, Intel LGA 1366, Intel LGA 2011, Intel LGA 2011-3, Intel LGA 2066, AMD AM4",ARGB,Đen,121 x 394 x 27mm,"800 - 2,800 ± 300RPM","500 - 1,500 ± 300RPM",17.48 - 52.44 CFM,22 - 33 dBA,2.4kg,,"Nhôm, Đồng",,,,,,,
cooler_137,Cooler,Bộ tản nhiệt nước NZXT Kraken Z63 RGB (WHITE)- 280mm ( RL-KRZ63-RW ),6990000,https://phongvu.vn/bo-tan-nhiet-nuoc-nzxt-kraken-z63-rgb-white-280mm--s220609671,Nzxt,72 tháng,Tản nước,2 x 140 mm,"Intel LGA 1700, Intel LGA 1200, Intel LGA 115X, Intel LGA 1366, Intel LGA 2011, Intel LGA 2011-3, Intel LGA 2066, AMD AM4",ARGB,Trắng,143 x 315 x 30mm,"800 - 2,800 ± 300RPM","500 - 1,500 ± 300RPM",30.39 - 91.19 CFM,22 - 33 dBA,2.3kg,,"Nhôm, Đồng",,,,,,,
cooler_138,Cooler,Bộ tản nhiệt nước NZXT Kraken Z63 RGB - 280mm ( RL-KRZ63-R1 ),6990000,https://phongvu.vn/bo-tan-nhiet-nuoc-nzxt-kraken-z63-rgb-280mm--s220609670,Nzxt,72 tháng,Tản nước,2 x 140 mm,"Intel LGA 1700, Intel LGA 1200, Intel LGA 115X, Intel LGA 1366, Intel LGA 2011, Intel LGA 2011-3, Intel LGA 2066, AMD AM4",ARGB,Đen,143 x 315 x 30mm,"800 - 2,800 ± 300RPM","500 - 1,500 ± 300RPM",30.39 - 91.19 CFM,22 - 33 dBA,2.3kg,,"Nhôm, Đồng",,,,,,,
cooler_139,Cooler,Bộ tản nhiệt nước NZXT Kraken Z53 RGB (WHITE)- 240mm ( RL-KRZ53-RW ),6199000,https://phongvu.vn/bo-tan-nhiet-nuoc-nzxt-kraken-z53-rgb-white-240mm--s220609669,Nzxt,72 tháng,Tản nước,2 x 120 mm,"Intel LGA 1700, Intel LGA 1200, Intel LGA 115X, Intel LGA 1366, Intel LGA 2011, Intel LGA 2011-3, Intel LGA 2066, AMD AM4",ARGB,Trắng,123 x 275 x 30mm,"800 - 2,800 ± 300RPM","500 - 1,500 ± 300RPM",17.48 - 52.44 CFM,22 - 33 dBA,2.1kg,,"Nhôm, Đồng",,,,,,,
cooler_140,Cooler,Bộ tản nhiệt nước NZXT Kraken Z53 RGB - 240mm ( RL-KRZ53-R1 ),6199000,https://phongvu.vn/bo-tan-nhiet-nuoc-nzxt-kraken-z53-rgb-240mm--s220609668,Nzxt,72 tháng,Tản nước,2 x 120 mm,"Intel LGA 1700, Intel LGA 1200, Intel LGA 115X, Intel LGA 1366, Intel LGA 2011, Intel LGA 2011-3, Intel LGA 2066, AMD AM4",ARGB,Đen,123 x 275 x 30mm,"800 - 2,800 ± 300RPM","500 - 1,500 ± 300RPM",17.48 - 52.44 CFM,22 - 33 dBA,2.1kg,,"Nhôm, Đồng",,,,,,,
cooler_141,Cooler,Bộ tản nhiệt nước NZXT Kraken X73 RGB (WHITE) - 360mm ( RL-KRX73-RW ),5590000,https://phongvu.vn/bo-tan-nhiet-nuoc-nzxt-kraken-x73-rgb-white-360mm--s220609667,Nzxt,72 tháng,Tản nước,3 x 120 mm,"Intel LGA 1700, Intel LGA 1200, Intel LGA 115X, Intel LGA 1366, Intel LGA 2011, Intel LGA 2011-3, Intel LGA 2066, AMD AM4",ARGB,Trắng,121 x 394 x 27mm,"800 - 2,800 ± 300RPM","500 - 2,000 ± 300RPM",18.28 - 73.11 CFM,21 - 36 dBA,2.4kg,,"Nhôm, Đồng",,,,,,,
cooler_142,Cooler,Bộ tản nhiệt nước NZXT Kraken X63 RGB (WHITE) - 280mm ( RL-KRX63-RW ),4399000,https://phongvu.vn/bo-tan-nhiet-nuoc-nzxt-kraken-x63-rgb-white-280mm--s220609665,Nzxt,72 tháng,Tản nước,2 x 140 mm,"Intel LGA 1700, Intel LGA 1200, Intel LGA 115X, Intel LGA 1366, Intel LGA 2011, Intel LGA 2011-3, Intel LGA 2066, AMD AM4",ARGB,Đen,143 x 315 x 30mm,"800 - 2,800 ± 300RPM","500 - 1,800 ± 300RPM",27.27 - 98.17 CFM,21 - 38 dBA,2.1kg,,"Nhôm, Đồng",,,,,,,
cooler_143,Cooler,Bộ tản nhiệt nước NZXT Kraken X53 RGB - 240mm ( RL-KRX53-R1 ),3999000,https://phongvu.vn/bo-tan-nhiet-nuoc-nzxt-kraken-x53-rgb-240mm--s220609663,Nzxt,72 tháng,Tản nước AIO,2 x 240 mm,"Intel LGA 2066, Intel LGA 2011, Intel LGA 1366, Intel LGA 2011-3, AMD AM4, Intel LGA 1200, Intel LGA 1700, Intel LGA 115X",RGB,Đen,123 x 275 x 30mm,"800 - 2,800 ± 300RPM","500 - 2,000 ± 300RPM",18.28 - 73.11 CFM,21-36dBA,1.9kg,,"Nhôm, Đồng",,,,,,,
cooler_144,Cooler,Tản nhiệt CPU CM Masterliquid Flux360 (MLY-D36M-A23PZ-R1),4599000,https://phongvu.vn/tan-nhiet-cpu-cm-masterliquid-flux360--s220609497,Cooler Master,60 tháng,Tản nhiệt Laptop,3 x 120 mm,"Intel LGA 1151-v2, Intel LGA 1150, Intel LGA 1155, Intel LGA 1156, Intel LGA 2066, Intel LGA 2011, Intel LGA 2011-3, AMD TR4, AMD AM4, AMD AM3",RGB,Đen,394 x 119.6 x 27.2mm,,0-2300 RPM ± 10%,72.37 CFM,32 dBA,1.98kg,,Nhôm,,,,,,,
cooler_145,Cooler,Tản nhiệt CPU CM Masterliquid Flux240 (MLY-D24M-A23PZ-R1),3949000,https://phongvu.vn/tan-nhiet-cpu-cm-masterliquid-flux240--s220609496,Cooler Master,60 tháng,Tản nhiệt Laptop,2 x 120 mm,"Intel LGA 1151-v2, Intel LGA 1150, Intel LGA 1155, Intel LGA 1156, Intel LGA 2066, Intel LGA 2011, Intel LGA 2011-3, AMD TR4, AMD AM4, AMD AM3",RGB,Đen,277 x 119.6 x 27.2 mm,,0-2300 RPM ± 10%,72.37 CFM,32dBA,1.43 kg,,Nhôm,,,,,,,
cooler_146,Cooler,Tản nhiệt nước Xigmatek LIQUID-KILLER X Artic 240 (EN47963),1949000,https://phongvu.vn/tan-nhiet-nuoc-xigmatek-liquid-killer-x-artic-240-en47963--s220600171,Xigmatek,12 tháng,Tản nước,2 x 120 mm,"Intel LGA 1151-v2, Intel LGA 1150, Intel LGA 1155, Intel LGA 1156, Intel LGA 2066, Intel LGA 2011, Intel LGA 2011-3, Intel LGA 1200, Intel LGA 1700, AMD AM4",ARGB,Trắng,274 x 120 x 27mm,2800 +-10% RPM,1800 RPM +/- 10%,82.2 CFM,<25.3 dBA,1.8 kg,,Nhôm,,,,,,,
cooler_147,Cooler,Tản Nhiệt Nước Id-Cooling Zoomflow 240-Xt Snow,1590000,https://phongvu.vn/tan-nhiet-nuoc-id-cooling-zoomflow-240-xt-snow--s220304002,ID-Cooling,24 tháng,Tản nước,2 x 120 mm,"Intel LGA 1151, Intel LGA 1150, Intel LGA 1155, Intel LGA 1156, Intel LGA 2066, Intel LGA 2011, AMD AM4, Intel LGA 1200, Intel LGA 1700",,Trắng,274 × 120 × 27mm,,Tốc độ bơm: 2100 ± 10% RPM - Tốc độ quạt: 500 ～ 1500 ± 10% RPM,"68,2CFM","13,8 ～ 30,5dB (A)",,,Nhôm,,,,,,,
cooler_148,Cooler,Tản Nhiệt Nước Id-Cooling Pinkflow 240 Diamond Purple,2590000,https://phongvu.vn/tan-nhiet-nuoc-id-cooling-pinkflow-240-diamond-purple--s220304001,ID-Cooling,24 tháng,Tản nước,2 x 120 mm,"Intel LGA 1151, Intel LGA 1150, Intel LGA 1155, Intel LGA 1156, Intel LGA 2066, Intel LGA 2011, AMD AM4, Intel LGA 1200, Intel LGA 1700",Có,Trắng,274×120×27mm,,Tốc độ bơm: 2100 ± 10% RPM -  Tốc độ quạt: 900 ～ 2000 ± 10% RPM,"55,2CFM",25dB (A),,,Nhôm,,,,,,,
cooler_149,Cooler,Quạt case Xigmatek X22F (120mm Fixed RGB) - EN48441,89000,https://phongvu.vn/quat-case-xigmatek-x22f-rgb-en48441--s220103050,Xigmatek,6 tháng,Quạt,1 x 120 mm,,RGB,Đen,,,,,,,,Nhựa,,,,,,,
cooler_150,Cooler,Tản nước CPU AIO Cooler Master ML360 ILLUSION ARGB Gen2 (LGA 1700),3159000,https://phongvu.vn/tan-nuoc-cpu-aio-cooler-master-ml360-illusion-argb-gen2-lga-1700--s220102322,Cooler Master,24 tháng,Tản nước,3 x 120 mm,"Intel LGA 2066, Intel LGA 2011-3, Intel LGA 2011, Intel LGA 1700, Intel LGA 1200, Intel LGA 1151-v2, Intel LGA 1150, AMD AM4, AMD AM3+, AMD AM3",RGB,Đen,394 X 119.6 X 27.2 MM,,650-1800 RPM (PWM) ± 10%,,6 - 30 DBA,,,Nhôm,,,,,,,
cooler_151,Cooler,Tản nước CPU AIO Cooler Master ML240 ILLUSION ARGB Gen2 (LGA 1700),2649000,https://phongvu.vn/tan-nuoc-cpu-aio-cooler-master-ml240-illusion-argb-gen2-lga-1700--s220102321,Cooler Master,24 tháng,Tản nước,2 x 120 mm,"Intel LGA 1151-v2, Intel LGA 1150, Intel LGA 1155, Intel LGA 1156, Intel LGA 2011, Intel LGA 2011-3, AMD AM4, AMD AM3, AMD AM3+, AMD AM2",RGB,Đen,277 X 119.6 X 27.2 MM,,650-1800 RPM ± 10%,,6 - 30 DBA,,,Nhôm,,,,,,,
cooler_152,Cooler,Quạt/ Fan case Deepcool RF120 3 IN 1 RGB,950000,https://phongvu.vn/quat-fan-case-deepcool-rf120-3-in-1-rgb--s220101423,DeepCool,12 tháng,Quạt,1 x 120 mm,,RGB,"Đen, Trắng",,,500±200 -1500±10%RPM,56.5CFM,17.8~27dB(A),0.505 kg,,Nhựa,,,,,,,
cooler_153,Cooler,Tản nhiệt nước CPU AIO Deepcool CASTLE 360EX A-RGB WH,3990000,https://phongvu.vn/tan-nhiet-nuoc-cpu-aio-deepcool-castle-360ex-a-rgb-wh--s220101422,DeepCool,36 tháng,Tản nước AIO,3 x 120 mm,"Intel LGA 1151, Intel LGA 1150, Intel LGA 1155, Intel LGA 2066, Intel LGA 2011, Intel LGA 1366, Intel LGA 2011-3, AMD TR4, AMD AM4, AMD AM3",RGB,Trắng,402×120×27 mm,2550 vòng / phút ± 10%,500 ~ 1800 RPM ± 10%,"69,34 CFM",≤30 dB (A),1.665 kg,,Nhôm,,,,,,,
cooler_154,Cooler,Tản nhiệt nước CPU AIO Deepcool CASTLE 240EX A-RGB,1990000,https://phongvu.vn/tan-nhiet-nuoc-cpu-aio-deepcool-castle-240ex-a-rgb--s220101421,DeepCool,36 tháng,Tản nước AIO,2 x 120 mm,"Intel LGA 1151, Intel LGA 1150, Intel LGA 1155, Intel LGA 2066, Intel LGA 2011, Intel LGA 1366, Intel LGA 2011-3, AMD TR4, AMD AM4, AMD AM3",RGB,Đen,282 x 120 x 27 mm,2550 RPM ± 10%,500 ~ 1800 RPM ± 10%,"69,34 CFM",≤30 dB (A),1.38 kg,,Nhôm,,,,,,,
cooler_155,Cooler,Tản nhiệt nước CPU AIO Deepcool CASTLE 240EX A-RGB WH,1990000,https://phongvu.vn/tan-nhiet-nuoc-cpu-aio-deepcool-castle-240ex-a-rgb-wh--s220101420,DeepCool,36 tháng,Tản nước AIO,2 x 120 mm,"Intel LGA 1151, Intel LGA 1150, Intel LGA 1155, Intel LGA 2066, Intel LGA 2011, Intel LGA 1366, Intel LGA 2011-3, AMD TR4, AMD AM4, AMD AM3",RGB,Trắng,282 x 120 x 27 mm,2550 RPM ± 10%,500 ~ 1800 RPM ± 10%,"69,34 CFM",≤30 dB (A),1.38 kg,,Nhôm,,,,,,,
cooler_156,Cooler,Tản nhiệt nước CPU AIO Deepcool Gammaxx L240 A-RGB,1799000,https://phongvu.vn/tan-nhiet-nuoc-cpu-aio-deepcool-gammaxx-l240-a-rgb--s220101419,DeepCool,36 tháng,Tản nước AIO,2 x 120 mm,"Intel LGA 2066, Intel LGA 2011, Intel LGA 2011-3, Intel LGA 1700, Intel LGA 1200, Intel LGA 1151, Intel LGA 1150, Intel LGA 1155, AMD AM4",RGB,Đen,282×120×27 mm,2400 vòng / phút ± 10%,500 ~ 1800 RPM ± 10%,"69,34 CFM",≤30 dB (A),1.33 kg,,Nhôm,,,,,,,
cooler_157,Cooler,Quạt CPU Deepcool NEPTWIN RGB V3,1090000,https://phongvu.vn/quat-cpu-deepcool-neptwin-rgb-v3--s220101417,DeepCool,12 tháng,Quạt,2 x 120 mm,"Intel LGA 1151-v2, Intel LGA 2011-3, Intel LGA 1200, Intel LGA 2066, Intel LGA 2011, Intel LGA 1700, Intel LGA 1366, Intel LGA 1151, Intel LGA 1150, Intel LGA 1155",RGB,Đen,,,500~1500 RPM±10%,56.5 CFM,≤27 dB(A),1068 g,,,,,,,,,
cooler_158,Cooler,Tản nhiệt nước AIO ASUS TUF LC 240 ARGB (Đen),1890000,https://phongvu.vn/tan-nhiet-nuoc-aio-asus-tuf-lc-240-argb-den--s211208728,Asus,36 tháng,Tản nước,2 x 120 mm,"Intel LGA 1700, Intel LGA 1200, Intel LGA 1151-v2, Intel LGA 1150, Intel LGA 1155, Intel LGA 1156, AMD AM4",RGB,Đen,,,800 - 2000 RPM +/- 10%,"67 CFM / 113,8 m3h",29 dB (A),,,Nhôm,,,,,,,
cooler_159,Cooler,Quạt CPU Cooler Master HYPER 212 ARGB TURBO,989000,https://phongvu.vn/quat-cpu-cooler-master-hyper-212-argb-turbo--s211106230,Cooler Master,12 tháng,Tản khí,2 x 120 mm,"Intel LGA 1151, Intel LGA 1150, Intel LGA 1155, Intel LGA 1156, Intel LGA 2066, Intel LGA 2011, Intel LGA 775, Intel LGA 1366, Intel LGA 2011-3, AMD AM4",RGB,Đen,,,650-1800 RPM,61 CFM (Max),8 - 27 dBA,,,"Nhôm, Đồng",,,,,,,
cooler_160,Cooler,Tản nhiệt nước/ AIO Corsair H55 RGB (CW-9060052-WW),1890000,https://phongvu.vn/tan-nhiet-nuoc-aio-corsair-h55-rgb-cw-9060052-ww--s211105354,Corsair,24 tháng,Tản nước AIO,1 x 120 mm,"Intel LGA 1151-v2, Intel LGA 1151, Intel LGA 1150, Intel LGA 1155, Intel LGA 1156, Intel LGA 2066, Intel LGA 2011, AMD AM4, Intel LGA 1152, Intel LGA 1200",RGB,Đen,120mm,,,,,0.68 kg,,"Nhôm, Đồng",,,,,,,
cooler_161,Cooler,Tản nhiệt nước/AIO Corsair H150 RGB (CW-9060054-WW),3190000,https://phongvu.vn/tan-nhiet-nuoc-aio-corsair-h150-rgb-cw-9060054-ww--s211105352,Corsair,36 tháng,Tản nước AIO,3 x 120 mm,"Intel LGA 1151-v2, Intel LGA 1151, Intel LGA 1150, Intel LGA 1155, Intel LGA 1156, Intel LGA 2066, Intel LGA 2011, AMD AM4, Intel LGA 1152, Intel LGA 1200",RGB,Đen,360mm,,,,,1.05 kg,,"Nhôm, Đồng",,,,,,,
cooler_162,Cooler,Quạt/ Fan case Xigmatek STARZ X20A Arctic (White ARGB x3),490000,https://phongvu.vn/quat-fan-case-xigmatek-starz-x20a-arctic-white-argb-x3--s211011691,Xigmatek,12 tháng,Quạt,3 x 120 mm,,RGB,Trắng,,,900 RPM,40.60 CFM,<18.71 dBA,,,Nhựa,,,,,,,
cooler_163,Cooler,Bộ Tản Nhiệt Nước ID-COOLING Zoomflow 360-XT ARGB,1690000,https://phongvu.vn/bo-tan-nhiet-nuoc-id-cooling-zoomflow-360-xt-argb--s210602934,ID-Cooling,24 tháng,Tản nước,3 x 120 mm,"Intel LGA 1151-v2, Intel LGA 1150, Intel LGA 1155, Intel LGA 1156, Intel LGA 2066, Intel LGA 2011, AMD AM4, Intel LGA 1200, Intel LGA 1700",RGB,Đen,397×120×27mm,2100 ± 10% RPM,500 ～ 15 00 ± 10% RPM,"68,2CFM","13,8 ～ 30,5 dB (A)",2.310 kg,,Nhôm,,,,,,,
cooler_164,Cooler,Bộ Tản Nhiệt Nước ID-COOLING Zoomflow 240-XT ARGB,1590000,https://phongvu.vn/bo-tan-nhiet-nuoc-id-cooling-zoomflow-240-xt-argb--s210602933,ID-Cooling,24 tháng,Tản nước,2 x 120 mm,"Intel LGA 1151-v2, Intel LGA 1150, Intel LGA 1155, Intel LGA 1156, Intel LGA 2066, Intel LGA 2011, AMD AM4, Intel LGA 1200, Intel LGA 1700",RGB,Đen,274 × 120 × 27 mm,2100±10%RPM,500～1500±10%RPM,68.2CFM,25dB(A),,,Nhôm,,,,,,,
cooler_165,Cooler,Tản nhiệt nước AIO GIGABYTE AORUS WATERFORCE X 360,7190000,https://phongvu.vn/tan-nhiet-nuoc-aio-gigabyte-aorus-waterforce-x-360--s210600385,Gigabyte,24 tháng,Tản nước AIO,3 x 120 mm,"Intel LGA 2066, Intel LGA 2011, Intel LGA 1366, AMD TR4, AMD AM4, AMD sTRX4, Intel LGA 1200, Intel LGA 1700, Intel LGA 1151, Intel LGA 1150",RGB,Đen,394 x 119 x 27mm,800~2300 RPM +/-10%,,16.92~60.07 CFM,7.9~37.6 dBA,2.2 kg,,Nhôm,,,,,,,
cooler_166,Cooler,Tản nhiệt nước AIO GIGABYTE AORUS WATERFORCE X 240,5990000,https://phongvu.vn/tan-nhiet-nuoc-aio-gigabyte-aorus-waterforce-x-240--s210600384,Gigabyte,24 tháng,Tản nước AIO,2 x 120 mm,"Intel LGA 2066, Intel LGA 2011, Intel LGA 1366, Intel LGA 1200, Intel LGA 1151-v2, Intel LGA 1150, Intel LGA 1155, Intel LGA 1156, AMD AM4, AMD TR4",RGB,Đen,277 x 119 x 27mm,800~2500 RPM +/-10%,,16.92~60.07 CFM,7.9~37.6 dBA,1.7 kg,,Nhôm,,,,,,,
cooler_167,Cooler,Tản nước AIO Cooler Master ML360L V2 ARGB White (LGA 1700),2950000,https://phongvu.vn/tan-nuoc-aio-cooler-master-ml360l-v2-argb-white--s210404616,Cooler Master,24 tháng,Tản nước,3 x 120 mm,"Intel LGA 1700, Intel LGA 1200, Intel LGA 2066, Intel LGA 2011-3, Intel LGA 2011, Intel LGA 1150, Intel LGA 1151-v2, Intel LGA 1155, Intel LGA 1156, AMD AM4",RGB,Trắng,360mm,,650-1800 RPM ± 5%,62 CFM,8 - 27 DBA,,,Nhôm,,,,,,,
cooler_168,Cooler,Tản nước AIO Cooler Master ML240L V2 ARGB White (LGA 1700),1690000,https://phongvu.vn/tan-nuoc-aio-cooler-master-ml240l-v2-argb-white--s210404615,Cooler Master,24 tháng,Tản nước,2 x 120 mm,"Intel LGA 1700, Intel LGA 1200, Intel LGA 2066, Intel LGA 1156, Intel LGA 1155, Intel LGA 1150, Intel LGA 1151-v2, Intel LGA 2011, Intel LGA 2011-3, AMD AM4",RGB,Trắng,240 mm,,650-1800 RPM ± 5%,62 CFM,8 - 27 DBA,,,Nhôm,,,,,,,
cooler_169,Cooler,Quạt CPU CM Hyper 212 ARGB,699000,https://phongvu.vn/quat-cpu-cm-hyper-212-argb--s210404613,Cooler Master,12 tháng,Quạt,1 x 120 mm,"Intel LGA 1700, Intel LGA 1200, Intel LGA 1151-v2, Intel LGA 1150, Intel LGA 1155, Intel LGA 1156, AMD AM4",RGB,Bạc,,,650-1800 RPM (PWM) ± 5%,62 CFM,8 - 27 DBA,,,"Nhôm, Đồng",,,,,,,
cooler_170,Cooler,Quạt CPU Deepcool Gammaxx 400 XT (DP-MCH4-GMX400-XT),730000,https://phongvu.vn/quat-cpu-deepcool-gammaxx-400-xt-dp-mch4-gmx400-xt--s210400735,DeepCool,12 tháng,Tản khí,1 x 120 mm,"Intel LGA 1200, Intel LGA 1151, Intel LGA 1150, Intel LGA 1155, AMD AM4",,Đen,,,500 ~ 1500 vòng / phút ± 10%,"56,5 CFM",≤27 ​​dB (A),723 g,,,,,,,,,
cooler_171,Cooler,Tản nhiệt khí CM MasterAir MA624 Stealth (MAM-D6PS-314PK-R1) (LGA 1700),2990000,https://phongvu.vn/tan-nhiet-khi-cm-masterair-ma624-stealth-mam-d6ps-314pk-r1--s210300184,Cooler Master,24 tháng,Tản khí,2 x 140mm/1 x 120mm,"Intel LGA 1151, Intel LGA 1150, Intel LGA 1155, Intel LGA 1156, Intel LGA 2066, Intel LGA 2011, Intel LGA 1366, Intel LGA 2011-3, AMD AM4, AMD AM3",,Đen,,,- 140 mm Fan - 650-1400 RPM ± 5% - -120 mm Fan - 650-1800 RPM ± 5%,- 140 mm Fan - 67 CFM (Max) - - 120 mm Fan - 62 CFM (Max),- 140 mm Fan - 10 ~ 27 dBA - - 120 mm Fan - 8 ~ 27 dBA,,16,"Nhôm, Đồng",,,,,,,
cooler_172,Cooler,Tản nhiệt khí CM MasterAir MA612 Stealth ARGB (MAP-T6PS-218PA-R1),2079000,https://phongvu.vn/tan-nhiet-khi-cm-masterair-ma612-stealth-argb-map-t6ps-218pa-r1--s210300183,Cooler Master,24 tháng,Tản khí,2 x 120 mm,"Intel LGA 2066, Intel LGA 2011-3, Intel LGA 2011, Intel LGA 1200, Intel LGA 1366, Intel LGA 1156, Intel LGA 1155, Intel LGA 1151, Intel LGA 1150, AMD AM4",RGB,Đen,,,650-1800 vòng / phút (PWM) ± 5%,62 CFM (Tối đa),8 - 27 dBA,,15.8,Nhôm,,,,,,,
cooler_173,Cooler,Tản nhiệt khí CM MasterAir MA612 Stealth (MAP-T6PS-218PK-R1) (LGA 1700),1789000,https://phongvu.vn/tan-nhiet-khi-cm-masterair-ma612-stealth-map-t6ps-218pk-r1--s210300182,Cooler Master,24 tháng,Tản khí,2 x 120 mm,"Intel LGA 1151, Intel LGA 1150, Intel LGA 1155, Intel LGA 1156, Intel LGA 2066, Intel LGA 2011, Intel LGA 1366, Intel LGA 2011-3, AMD AM4, AMD AM3",,Đen,,,650-1800 vòng / phút ± 5%,62 CFM (Tối đa),8 - 27 dBA,,15.8,Nhôm,,,,,,,
cooler_174,Cooler,Quạt case Cooler Master SickleFlow 120RGB 3IN1 + Controller,999000,https://phongvu.vn/quat-case-cooler-master-sickleflow-120rgb-3in1-controller--s210102394,Cooler Master,12 tháng,Quạt,3 x 120 mm,,RGB,Đen,,,650-1800 RPM ± 10%,62 CFM ± 10%,8 - 27 dBA,156,,,,,,,,,
cooler_175,Cooler,Quạt CPU Deepcool Gammaxx GTE V2 Black,850000,https://phongvu.vn/quat-cpu-deepcool-gammaxx-gte-v2-black-rgb--s210101766,DeepCool,12 tháng,Quạt,1 x 120 mm,"Intel LGA 1151-v2, Intel LGA 1150, Intel LGA 1155, Intel LGA 1366, AMD AM4, AMD AM3, AMD AM3+, AMD AM2, AMD AM2+, AMD FM1",,Đen,,,500~1650 RPM±10%,64.5 CFM,≤27.8 dB(A),0.65 kg,,,,,,,,,
cooler_176,Cooler,Quạt case Xigmatek Galaxy III Royal BR120 (PACK x3 + CONTROLLER) (EN46119),849000,https://phongvu.vn/quat-case-xigmatek-galaxy-iii-royal-br120-pack-x3-controller-en46119--s201200476,Xigmatek,12 tháng,Quạt,3 x 120 mm,,RGB,Đen,,,600 - 1200 RPM,42.68 CFM,< 23.80 dBA,,,,,,,,,,
cooler_177,Cooler,Tản nhiệt nước Corsair H100i RGB PRO XT (CW-9060043-WW),3200000,https://phongvu.vn/tan-nhiet-nuoc-corsair-h100i-rgb-pro-xt-cw-9060043-ww--s201100831,Corsair,24 tháng,Tản nước,2 x 120 mm,"Intel LGA 1200, Intel LGA 1150, Intel LGA 1151-v2, Intel LGA 1155, Intel LGA 1156, Intel LGA 1366, Intel LGA 2011, Intel LGA 2066, AMD AM4, AMD AM3",RGB,Đen,277mm x 120mm x 27mm,,2400 RPM,75 CFM,10 - 37 dBA,,,"Nhôm, Đồng",,,,,,,
cooler_178,Cooler,Tản Nhiệt Nước AIO ASUS ROG STRIX LC 360 ARGB (90RC0071-M0UAY0),7000000,https://phongvu.vn/tan-nhiet-nuoc-aio-asus-rog-strix-lc-360-argb-90rc0071-m0uay0--s201100830,Asus,60 tháng,Tản nước AIO,3 x 120 mm,"Intel LGA 1151-v2, Intel LGA 1151, Intel LGA 2066, Intel LGA 2011, Intel LGA 1366, Intel LGA 2011-3, AMD TR4, AMD AM4",RGB,Đen,,,800 ~ 2500 RPM +/- 10 %,,37.6 dB(A),,,"Nhôm, Đồng",,,,,,,
cooler_179,Cooler,Tản nhiệt nước Corsair H150i ELITE CAPELLIX (CW-9060048-WW),4759000,https://phongvu.vn/tan-nhiet-nuoc-corsair-h150i-elite-capellix-cw-9060048-ww--s201000783,Corsair,60 tháng,Tản nước,3 x 120 mm,"Intel LGA 1151, Intel LGA 1150, Intel LGA 1155, Intel LGA 1156, Intel LGA 2066, Intel LGA 2011, Intel LGA 1366, AMD AM4, AMD AM3, AMD AM2",RGB,Đen,360 mm,,2400 RPM,75 CFM,10 - 37 dBA,2.626,,"Nhôm, Đồng",,,,,,,
cooler_180,Cooler,Tản nhiệt nước  Corsair H115i ELITE CAPELLIX (CW-9060047-WW),4519000,https://phongvu.vn/tan-nhiet-nuoc-corsair-h115i-elite-capellix-cw-9060047-ww--s201000782,Corsair,60 tháng,Tản nước,2 x 140 mm,"Intel LGA 1151, Intel LGA 1150, Intel LGA 1155, Intel LGA 1156, Intel LGA 2066, Intel LGA 2011, Intel LGA 1366, AMD AM4, AMD AM3, AMD AM2",RGB,Đen,280,,2000 RPM,97 CFM,10 - 36 dBA,24.67 kg,,"Nhôm, Đồng",,,,,,,
cooler_181,Cooler,Tản nhiệt nước Corsair H100i ELITE CAPELLIX (CW-9060046-WW),3979000,https://phongvu.vn/tan-nhiet-nuoc-corsair-h100i-elite-capellix-cw-9060046-ww--s201000781,Corsair,60 tháng,Tản nước,2 x 120 mm,"Intel LGA 1151, Intel LGA 1150, Intel LGA 1155, Intel LGA 1156, Intel LGA 2066, Intel LGA 2011, Intel LGA 1366, AMD AM4, AMD AM3, AMD AM2",RGB,Đen,240,,2400 RPM,75 CFM,10 - 37 dBA,2.13,5.6,"Nhôm, Đồng",,,,,,,
cooler_182,Cooler,Quạt CPU ID-COOLING SE-224-XT Trắng,689000,https://phongvu.vn/quat-cpu-id-cooling-se-224-xt-trang--s201000514,ID-Cooling,24 tháng,Tản khí,1 x 120 mm,"Intel LGA 1151, Intel LGA 1150, Intel LGA 1155, Intel LGA 1156, Intel LGA 2066, Intel LGA 2011, AMD AM4, Intel LGA 1200",Đơn sắc,Trắng,,,700 ± 200 ~ 1800 ± 10% RPM (PWM),"76,16CFM","15,2-32,5dB (A)",0.81 g,15.4,Nhôm,,,,,,,
cooler_183,Cooler,Quạt case ID-COOLING ZF-12025 (Xanh),239000,https://phongvu.vn/quat-case-id-cooling-zf-12025-pastel-blue--s201000508,ID-Cooling,24 tháng,Quạt,1 x 120 mm,,,Xanh dương,,,900~2000±10%RPM,55.2CFM,16.3~33.5dB(A),0.15 kg,,,,,,,,,
cooler_184,Cooler,Quạt case ID-COOLING DF-12025-ARGB TRIO Snow (3 Fan),599000,https://phongvu.vn/quat-case-id-cooling-df-12025-argb-trio-snow-3-fan--s201000505,ID-Cooling,24 tháng,Quạt,3 x 120 mm,,RGB,Trắng,,,700~1800±10%RPM,74.5CFM,18~35.2dB(A),0.15 kg,,,,,,,,,
cooler_185,Cooler,Quạt case Xigmatek X20C (RGB CIRCLE),149000,https://phongvu.vn/quat-case-xigmatek-x20c-rgb-circle--s200801056,Xigmatek,6 tháng,Quạt,1 x 120 mm,,RGB,Đen,,,,,,,,Nhựa,,,,,,,
cooler_186,Cooler,Quạt case Cooler Master SickleFlow 120 RED,250000,https://phongvu.vn/quat-case-cooler-master-sickleflow-120-red--s200700559,Cooler Master,12 tháng,Quạt,1 x 120 mm,,Đỏ,Đen,,,650-1800 RPM ± 10%,62 CFM ± 10%,8 - 27 dBA,,,Nhựa,,,,,,,
cooler_187,Cooler,Quạt case Cooler Master SickleFlow 120 BLUE,250000,https://phongvu.vn/quat-case-cooler-master-sickleflow-120-blue--s200700558,Cooler Master,12 tháng,Quạt,1 x 120 mm,,Xanh,Đen,,,650-1800 RPM ± 10%,62 CFM ± 10%,8 - 27 dBA,,,Nhựa,,,,,,,
cooler_188,Cooler,Tản nước AIO Cooler Master MasterLiquid ML360L ARGB V2,2499000,https://phongvu.vn/tan-nuoc-aio-cooler-master-masterliquid-ml360l-argb-v2--s200700557,Cooler Master,12 tháng,Tản nước,3 x 120 mm,"Intel LGA 1151-v2, Intel LGA 1150, Intel LGA 1155, Intel LGA 1156, Intel LGA 2066, AMD AM4, AMD AM3, AMD AM3+, AMD FM1, Intel LGA 1200",RGB,Đen,79.9 x 76 x 47.1 mm,,650-1800 RPM ± 10%,62 CFM (Max),Độ ồn quat: 8 - 27 dBA - Độ ồn bơm: < 15 dBA,,,Nhôm,,,,,,,
cooler_189,Cooler,Tản nước AIO Cooler Master MasterLiquid ML240L ARGB V2,1899000,https://phongvu.vn/tan-nuoc-aio-cooler-master-masterliquid-ml240l-argb-v2--s200700556,Cooler Master,12 tháng,Tản nước AIO,2 x 120 mm,"Intel LGA 1151-v2, Intel LGA 1150, Intel LGA 1155, Intel LGA 1156, Intel LGA 2066, Intel LGA 2011, Intel LGA 2011-3, AMD AM4, AMD FM1, Intel LGA 1200",RGB,Đen,79.9 x 76 x 47.1 mm,,650-1800 RPM ± 10%,62 CFM (Max),Độ ồn quạt: 8 - 27 dBA - Độ ồn của bơm:  < 15 dBA,LHT,,Nhôm,,,,,,,
cooler_190,Cooler,Quạt Case Xigmatek GALAXY III ESSENTIAL BX120 (3 Fan + controller),749000,https://phongvu.vn/quat-case-xigmatek-galaxy-iii-essential-bx120-3-fan-controller--s200700090,Xigmatek,12 tháng,Quạt,3 x 120 mm,,RGB,Đen,,,600~1200RPM,50.4 CFM,23.7 dBA,,,Nhựa,,,,,,,
cooler_191,Cooler,Quạt Case Corsair LL120 White RGB 120mm (3 Fan + Node PRO) CO-9050092-WW,2969000,https://phongvu.vn/quat-case-corsair-ll120-white-rgb-120mm-3-fan-node-pro-co-9050092-ww--s200601327,Corsair,24 tháng,Quạt,3 x 120 mm,,RGB,Trắng,,,,63 CFM,36 dBA,,,Nhựa,,,,,,,
cooler_192,Cooler,Tản nhiệt nước MSI MAG CORELIQUID 360R,4290000,https://phongvu.vn/tan-nhiet-nuoc-msi-mag-coreliquid-360r--s200601279,Msi,36 tháng,Tản nước,3 x 120 mm,"Intel LGA 1150, Intel LGA 1151-v2, Intel LGA 1155, Intel LGA 1156, Intel LGA 1200, Intel LGA 1366, Intel LGA 2011, Intel LGA 2011-3, Intel LGA 2066, AMD AM4",RGB,Trắng,394 x 120 x27mm,4200 RPM,500 ~ 2000 RPM,21.63 ~ 78.73 CFM,14.3 ~ 34.3 dBA,2290 g,,Nhôm,,,,,,,
cooler_193,Cooler,Tản nhiệt nước AIO ASUS ROG STRIX LC 240 RGB (Trắng),4790000,https://phongvu.vn/tan-nhiet-nuoc-aio-asus-rog-strix-lc-240-rgb-trang--s200500781,Asus,60 tháng,Tản nước AIO,2 x 120 mm,"Intel LGA 1151-v2, Intel LGA 1151, Intel LGA 1150, Intel LGA 1155, Intel LGA 1156, Intel LGA 2066, Intel LGA 2011, Intel LGA 1366, Intel LGA 2011-3, AMD TR4",RGB,Trắng,272 x 121 x 27 mm,,800 ~ 2500 RPM +/- 10 %,80.95 CFM / 137.5 m3h,37.6 dB(A),,,"Nhôm, Đồng",,,,,,,
cooler_194,Cooler,Tản nhiệt nước AIO ASUS ROG STRIX LC 360 RGB (Trắng),7490000,https://phongvu.vn/tan-nhiet-nuoc-aio-asus-rog-strix-lc-360-rgb-trang--s200500780,Asus,60 tháng,Tản nước AIO,3 x 120 mm,"Intel LGA 1151-v2, Intel LGA 1151, Intel LGA 1150, Intel LGA 1155, Intel LGA 1156, Intel LGA 2066, Intel LGA 2011, Intel LGA 1366, Intel LGA 2011-3, AMD TR4",RGB,Trắng,394 x 121 x 27 mm,,800 ~ 2500 RPM +/- 10 %,80.95 CFM / 137.5 m3h,37.6 dB(A),,,"Nhôm, Đồng",,,,,,,
cooler_195,Cooler,Quạt CPU ID-COOLING SE-224-XT ARGB,699000,https://phongvu.vn/quat-cpu-idcooling-se224xt-argb--s200400710,ID-Cooling,24 tháng,Tản khí,1 x 120 mm,"Intel LGA 1151, Intel LGA 1150, Intel LGA 1155, Intel LGA 1156, Intel LGA 2066, Intel LGA 2011, AMD AM4",RGB,Đen,,,900±200~2000±10%RPM(PWM)(RGB),56.5CFM,16.2-31.5dB(A),0.83 Kg,154 mm,Nhôm,,,,,,,
cooler_196,Cooler,Quạt CPU Noctua NH-L9I CH.BK (Đen),1430000,https://phongvu.vn/quat-cpu-noctua-nhl9i-chbk-den--s200302069,Noctua,72 tháng,Quạt,1 x 92 mm,"Intel LGA 1151, Intel LGA 1150, Intel LGA 1155, Intel LGA 1156",,Đen,,,2500 RPM,,"23,6 dB(A)",3.80 Kg,37 mm,"Nhôm, Đồng",,,,,,,
cooler_197,Cooler,Quạt CPU Noctua NH-D15 CH.BK,3190000,https://phongvu.vn/quat-cpu-noctua-nhd15-chbk--s200302068,Noctua,72 tháng,Tản khí,1 x 140 mm,"Intel LGA 1151, Intel LGA 1150, Intel LGA 1155, Intel LGA 1156, Intel LGA 2066, Intel LGA 2011, Intel LGA 2011-3, AMD AM4, AMD AM3, AMD AM3+",,Đen,,,1500 RPM,,"24,6 dB(A)",1.32 Kg,165 cm,"Nhôm, Đồng",,,,,,,
cooler_198,Cooler,Quạt CPU Gigabyte Aorus ATC800,2249000,https://phongvu.vn/quat-cpu-gigabyte-aorus-atc800--s200200450,Gigabyte,24 tháng,Tản khí,1 x 120 mm,"Intel LGA 1151, Intel LGA 1150, Intel LGA 1156, Intel LGA 2066, Intel LGA 2011, Intel LGA 1366, AMD AM4, AMD AM3, AMD AM3+, AMD AM2",RGB,Đen,,,6‎00 - 2000 RPM±10%,1‎4.05 - 51.7 CFM,1‎8 ~ 31 dBA,1.01 kg,163 mm,Nhôm,,,,,,,
cooler_199,Cooler,Quạt CPU Noctua NH-U12DX i4,1900000,https://phongvu.vn/quat-cpu-noctua-nh-u12dx-i4--s191100067,Noctua,72 tháng,Tản khí,1 x 120 mm,"Intel LGA 2066, Intel LGA 2011, Intel LGA 2011-3, Intel LGA 1356, Intel LGA 1366",,Nâu,,,1500 RPM,,22.4 dB(A),0.755 kg,158 mm,"Nhôm, Đồng",,,,,,,
cooler_200,Cooler,Quạt CPU Noctua NH-U12A,3290000,https://phongvu.vn/quat-cpu-noctua-nh-u12a--s191100066,Noctua,72 tháng,Tản khí,1 x 120 mm,"Intel LGA 1150, Intel LGA 1151, Intel LGA 1155, Intel LGA 1156, Intel LGA 2011, Intel LGA 2066, AMD AM4, AMD AM3+, AMD AM2+, AMD FM1",,Nâu,,,2000 RPM,,22.6 dB(A),1.22 kg,158 mm,"Đồng, Nhôm",,,,,,,
