ID,category,name,price,link,brand,warranty,Thương hiệu CPU,use_case,Series,Thế hệ,CPU,Ra mắt,Số nhân xử lý,Số luồng của CPU,base_clock,tdp,Nhiệt độ tối đa,cache,socket,supported_ddr,Đồ hoạ tích hợp,Phiên bản PCI Express,Số cổng PCI Express,tdp_w,cpu_tier
cpu_001,CPU,Bộ vi xử lý/ CPU AMD Ryzen 5 5500GT MPK (3.6GHz up to 4.4GHz/19MB/6 cores 12 threads/Socket AM4) kèm quạt làm mát,3790000,https://phongvu.vn/cpu-amd-ryzen-5-5500gt-mpk--s260305637,AMD,36 tháng,AMD,Văn phòng,Ryzen 5,AMD Ryzen 5000 Series,AMD Ryzen™ 5 5500GT,30/01/2024,6,12,- Xung nhịp cơ bản: 3.6GHz - - Xung nhịp tối đa lên tới: 4.4 GHz,65.0,95°C,16MB,AM4,- DDR4 up to 3200 MT/s,AMD Radeon™ Graphics,PCIe® 3.0,,65.0,mid
cpu_002,CPU,Bộ vi xử lý/ CPU AMD Ryzen 3 3200G MPK (Không box),1790000,https://phongvu.vn/cpu-amd-ryzen-3-3200g-mpk--s260305614,AMD,36 tháng,AMD,Văn phòng,Ryzen 3,AMD Ryzen thế hệ thứ 3,Ryzen 3 3200G,07/07/2019,4,4,3.6 GHz - 4.0 GHz,65.0,95°C,4MB,AM4,DDR4,AMD Vega 8 Graphics,PCIe® 3.0,,65.0,budget
cpu_003,CPU,Bộ vi xử lý/ CPU AMD Ryzen 5 7500F Tray (Không box),4190000,https://phongvu.vn/cpu-amd-ryzen-5-7500f-tray--s260305615,AMD,36 tháng,AMD,Văn phòng,Ryzen 5,AMD Ryzen thế hệ thứ 7,AMD Ryzen™ 5 7500F,06/05/2024,6,12,- Xung nhịp cơ bản: 3.7GHz - - Xung nhịp tối đa lên tới: 5.0 GHz,65.0,95°C,32MB,AM5,- DDR5 up to 5200 MT/s,,PCIe® 5.0,,65.0,mid
cpu_004,CPU,Bộ vi xử lý/ CPU AMD Ryzen 9 9950X3D2,28990000,https://phongvu.vn/cpu-amd-ryzen-9-9950x3d2--s260304019,AMD,36 tháng,AMD,"Gaming, Văn phòng",Ryzen 9,AMD Ryzen thế hệ thứ 9,AMD Ryzen™ 9 9950X3D2,Tháng 4/2026,16,32,- Xung nhịp cơ bản: 4.3GHz - - Xung nhịp tối đa lên tới: 5.6 GHz,200.0,95°C,192 MB,AM5,- DDR5 up to 5600 MT/s,AMD Radeon™ Graphics,PCIe® 5.0,28.0,200.0,extreme
cpu_005,CPU,Bộ vi xử lý/ CPU AMD Ryzen 5 3400G MPK (Không box),2090000,https://phongvu.vn/cpu-amd-ryzen-5-3400g-mpk--s260301106,AMD,36 tháng,AMD,"Gaming, Văn phòng, Đồ họa - Kỹ thuật, Doanh nghiệp, Học sinh - Sinh viên",Ryzen 5,AMD Ryzen thế hệ thứ 3,AMD Ryzen™ 5 3400G,07/07/2019,4,8,- Xung nhịp cơ bản: 3.7GHz - - Xung nhịp tối đa lên tới: 4.2GHz,65.0,95°C,4MB,AM4,- DDR4 up to 2933 MT/s,AMD Radeon™ RX Vega 11 Graphics,PCIe® 3.0,,65.0,budget
cpu_006,CPU,Bộ vi xử lý/ CPU Intel Core i3-13100 TRAY (không box),3790000,https://phongvu.vn/cpu-intel-core-i3-13100-tray--s260203202,Intel,36 tháng,Intel,Văn phòng,Core i3,Intel Core thế hệ thứ 13,Intel® Core™ i3-13100,"Quý 1, 2023",4,8,- Tần số Turbo tối đa 4.5 GHz - - Tốc độ Turbo tối đa của P-core 4.5 GHz - - Tốc độ cơ bản của P-core 3.4 GHz,60.0,100°C,12MB,LGA1700,- DDR5 up to 4800 MT/s - DDR4 up to 3200 MT/s,Intel® UHD Graphics 730,PCIe® 5.0 & PCIe® 4.0,20.0,60.0,mid
cpu_007,CPU,Bộ vi xử lý/ CPU Intel Core i7-14700 TRAY (Không box),10490000,https://phongvu.vn/bo-vi-xu-ly-cpu-intel-core-i7-14700-tray-khong-box--s260100164?selectPromotionId=1983103,Intel,36 tháng,Intel,"Gaming, Văn phòng, Đồ họa - Kỹ thuật, Doanh nghiệp, Học sinh - Sinh viên",Core i7,Intel Core thế hệ thứ 14,Intel® Core™ i7-14700,"Quý 1, 2024",20,28,- Tần số Turbo tối đa 5.4 GHz - - Tốc độ Turbo tối đa của P-core 5.3 GHz - - Tốc độ Turbo tối đa của E-core 4.2 GHz - - Tốc độ cơ bản của P-core 2.1 GHz - - Tốc độ cơ bản của E-core 1.5 GHz,65.0,100°C,30MB,LGA1700,- DDR5 up to 5600 MT/s - DDR4 up to 3200 MT/s,Intel® UHD Graphics 770,PCIe® 5.0 & PCIe® 4.0,20.0,65.0,high
cpu_008,CPU,Bộ vi xử lý/ CPU Intel Core i5-12400F TRAY (Không box),4390000,https://phongvu.vn/bo-vi-xu-ly-cpu-intel-core-i5-12400f-tray-khong-box--s251204776?selectPromotionId=2343987,Intel,36 tháng,Intel,"Gaming, Văn phòng, Đồ họa - Kỹ thuật, Doanh nghiệp, Học sinh - Sinh viên",Core i5,Intel Core thế hệ thứ 12,Intel® Core™ i5-12400F,"Quý 1, 2022",6,12,- Tần số Turbo tối đa 4.4 GHz - - Tốc độ Turbo tối đa của P-core 4.4 GHz - - Tốc độ cơ bản của P-core 2.5 GHz,65.0,100°C,18MB,LGA1700,- Hỗ trợ tối đa: 128 GB - -DDR5 up to 4800 MT/s - - DDR4 up to 3200 MT/s,,PCIe® 5.0 & PCIe® 4.0,20.0,65.0,mid
cpu_009,CPU,Bộ vi xử lý/ CPU Intel Core i3-14100 TRAY (Không box),4290000,https://phongvu.vn/bo-vi-xu-ly-cpu-intel-core-i5-14100-tray-khong-box--s251204778?selectPromotionId=2155016,Intel,36 tháng,Intel,"Gaming, Văn phòng, Đồ họa - Kỹ thuật, Doanh nghiệp, Học sinh - Sinh viên",Core i3,Intel Core thế hệ thứ 14,Intel® Core™ i3-14100,"Quý 1, 2024",4,8,- Tần số Turbo tối đa 4.7 GHz - - Tốc độ Turbo tối đa của P-core 4.7 GHz - - Tốc độ cơ bản của P-core 3.5 GHz,60.0,100°C,12MB,LGA1700,- DDR5 up to 4800 MT/s - - DDR4 up to 3200 MT/s,Intel® UHD Graphics 730,PCIe® 5.0 & PCIe® 4.0,20.0,60.0,mid
cpu_010,CPU,Bộ vi xử lý/ CPU Intel Core i7-12700 TRAY (Không box),8290000,https://phongvu.vn/bo-vi-xu-ly-cpu-intel-core-i5-12700-tray-khong-box--s251204779?selectPromotionId=1983102,Intel,36 tháng,Intel,"Gaming, Văn phòng, Đồ họa - Kỹ thuật, Doanh nghiệp, Học sinh - Sinh viên",Core i7,Intel Core thế hệ thứ 12,Intel® Core™ i7-12700,"Quý 1, 2022",12,20,- Tần số Turbo tối đa 4.9 GHz - - Tốc độ Turbo tối đa của P-core 4.8 GHz - - Tốc độ Turbo tối đa của E-core 3.6 GHz - - Tốc độ cơ bản của P-core 2.1 GHz - - Tốc độ cơ bản của E-core 1.6 GHz,65.0,100°C,25MB,LGA1700,- DDR5 up to 4800 MT/s - - DDR4 up to 3200 MT/s,Intel® UHD Graphics 770,PCIe® 5.0 & PCIe® 4.0,20.0,65.0,high
cpu_011,CPU,Bộ vi xử lý/ CPU AMD Ryzen 5 7500F MPK (6C - 12T | 38MB Cache | Upto 5.0GHz | Wraith Stealth | No iGPU | AM5) - Hàng không box,4290000,https://phongvu.vn/bo-vi-xu-ly-cpu-amd-ryzen-5-7500f-mpk-6c-12t-32mb-cache-upto-5-0ghz-wraith-stealth-no-igpu-am5--s250808056,AMD,36 tháng,AMD,Gaming,Ryzen 5,AMD Ryzen thế hệ thứ 7,AMD Ryzen™ 5 7500F,06/05/2024,6,12,- Xung nhịp cơ bản: 3.7GHz - - Xung nhịp tối đa lên tới: 5.0 GHz,65.0,95°C,32MB,AM5,- DDR5 up to 5200 MT/s,,PCIe® 5.0,,65.0,mid
cpu_012,CPU,CPU AMD Ryzen 9 9950X3D (16C-32T | Up to 5.7GHz | 144MB | Radeon Graphics 2CUs - RDNA 2.0 | No Cooler | AM5),21090000,https://phongvu.vn/cpu-amd-ryzen-9-9950x3d-16c-32t-up-to-5-7ghz-144mb-am5-radeon-graphics-2cus-rdna-2-0-100-100000719wof--s250301292,AMD,36 tháng,AMD,Gaming,Ryzen 9,AMD Ryzen thế hệ thứ 9,AMD Ryzen™ 9 9950X3D,12/03/2025,16,32,- Xung nhịp cơ bản: 4.3GHz - - Xung nhịp tối đa lên tới: 5.7 GHz,170.0,95°C,128MB,AM5,- DDR5 up to 5600 MT/s,AMD Radeon™ Graphics,PCIe® 5.0,,170.0,extreme
cpu_013,CPU,CPU Intel Core Ultra 5-225 (10 nhân 10 luồng - Boost tối đa 4.9 GHz - 20MB - 1851),5090000,https://phongvu.vn/cpu-intel-core-ultra-5-225--s250116201,Intel,36 tháng,Intel,Gaming,Ultra 5,Intel Core Ultra series 2,Intel® Core™ Ultra 5-225,"Quý 1, 2025",10,10,- Tần số Turbo tối đa 4.9 GHz - - Tốc độ Turbo tối đa của P-core 4.9 GHz - - Tốc độ Turbo tối đa của E-core 4.4 GHz - - Tốc độ cơ bản của P-core 3.3 GHz - - Tốc độ cơ bản của E-core 2.7 GHz,65.0,105°C,20MB,LGA1851,- Up to DDR5 6400 MT/s,,PCIe® 5.0 & PCIe® 4.0,24.0,65.0,mid
cpu_014,CPU,CPU Intel Core Ultra 5-225F (10 nhân 10 luồng - Boost tối đa 4.9 GHz - 20MB - 1851),4490000,https://phongvu.vn/cpu-intel-core-ultra-5-225f--s250116202,Intel,36 tháng,Intel,Gaming,Ultra 5,Intel Core Ultra series 2,Intel® Core™ Ultra 5-225F,"Quý 1, 2025",10,10,- Tần số Turbo tối đa 4.9 GHz - - Tốc độ Turbo tối đa của P-core 4.9 GHz - - Tốc độ Turbo tối đa của E-core 4.4 GHz - - Tốc độ cơ bản của P-core 3.3 GHz - - Tốc độ cơ bản của E-core 2.7 GHz,65.0,105°C,20MB,LGA1851,- Up to DDR5 6400 MT/s,,PCIe® 5.0 & PCIe® 4.0,24.0,65.0,mid
cpu_015,CPU,CPU Intel Core Ultra 7-265 (20 nhân 20 luồng - Boost tối đa 5.3 GHz - 30MB - 1851),9990000,https://phongvu.vn/cpu-intel-core-ultra-7-265--s250116203,Intel,36 tháng,Intel,Gaming,Ultra 7,Intel Core Ultra series 2,Intel® Core™ Ultra 7-265,"Quý 1, 2025",20,20,- Tần số Turbo tối đa 5.3 GHz - - Tốc độ Turbo tối đa của P-core 5.2 GHz - - Tốc độ Turbo tối đa của E-core 4.6 GHz - - Tốc độ cơ bản của P-core 2.4 GHz - - Tốc độ cơ bản của E-core 1.8 GHz,65.0,105°C,30MB,LGA1851,- Up to DDR5 6400 MT/s,,PCIe® 5.0 & PCIe® 4.0,24.0,65.0,high
cpu_016,CPU,CPU AMD Ryzen 7 9800X3D (8 nhân 16 luồng - Boost to 5.2 GHz - 104MB - AM5),14990000,https://phongvu.vn/cpu-amd-ryzen-7-9800x3d--s241100295,AMD,36 tháng,AMD,Gaming,Ryzen 7,AMD Ryzen thế hệ thứ 9,Ryzen 7 9800X3D,07/11/2024,8,16,- Xung nhịp cơ bản: 4.7GHz - Xung nhịp tối đa lên tới: 5.2 GHz,120.0,95°C,104MB,AM5,- DDR5 up to 5600 MT/s,AMD Radeon Graphics,PCIe® 5.0,28.0,120.0,high
cpu_017,CPU,CPU Intel® Core™ Ultra 5-245KF (14 nhân 14 luồng - Turbo Boost to 5.2 GHz - 24MB - 1851),5890000,https://phongvu.vn/bo-vi-xu-ly-intel-core-ultra-5-245kf--s241003862,Intel,36 tháng,Intel,Gaming,Ultra 5,Intel Core Ultra series 2,Intel® Core™ Ultra 5-245KF,"Quý 4, 2024",14,14,- Tần số Turbo tối đa 5.2 GHz - - Tốc độ Turbo tối đa của P-core 5.2 GHz - - Tốc độ Turbo tối đa của E-core 4.6 GHz - - Tốc độ cơ bản của P-core 4.2 GHz - - Tốc độ cơ bản của E-core 3.6 GHz,125.0,105°C,24MB,LGA1851,- DDR5 up to 6400 MT/s,,PCIe® 5.0 & PCIe® 4.0,24.0,125.0,mid
cpu_018,CPU,CPU Intel Core Ultra 9-285K (24 nhân 24 luồng - Turbo boost to 5.7 GHz - 36MB - LGA 1851),16990000,https://phongvu.vn/cpu-intel-core-ultra-9-285k--s241003863,Intel,36 tháng,Intel,Gaming,Ultra 9,Intel Core Ultra series 2,Intel® Core™ Ultra 9-285K,"Quý 4, 2024",24,24,- Tần số Turbo tối đa 5.7 GHz - - Tốc độ Turbo tối đa của P-core 5.5 GHz - - Tốc độ Turbo tối đa của E-core 4.6 GHz - - Tốc độ cơ bản của P-core 3.7 GHz - - Tốc độ cơ bản của E-core 3.2 GHz,125.0,,36MB,LGA1851,- DDR5 up to 6400 MT/s,Intel® Graphics,PCIe® 5.0 & PCIe® 4.0,24.0,125.0,extreme
cpu_019,CPU,CPU Intel Core Ultra 5-245K (14 nhân 14 luồng - Turbo boost to 5.2GHz - 24MB - LGA 1851),6290000,https://phongvu.vn/cpu-intel-core-ultra-5-245k--s241003867,Intel,36 tháng,Intel,Gaming,Ultra 5,Intel Core Ultra series 2,Intel® Core™ Ultra 5-245K,"Quý 4, 2024",14,14,- Tần số Turbo tối đa 5.2 GHz - - Tốc độ Turbo tối đa của P-core 5.2 GHz - - Tốc độ Turbo tối đa của E-core 4.6 GHz - - Tốc độ cơ bản của P-core 4.2 GHz - - Tốc độ cơ bản của E-core 3.6 GHz,125.0,105°C,24MB,LGA1851,- DDR5 up to 6400 MT/s,Intel® Graphics,PCIe® 5.0 & PCIe® 4.0,24.0,125.0,mid
cpu_020,CPU,CPU AMD RYZEN™ 5 5500GT (6 Core/12 Threads - 3.6GHz Boost to 4.4Ghz - 16MB Cache - AM4),3890000,https://phongvu.vn/cpu-amd-ryzen-5-5500gt-3-6ghz-boost-to-4-4ghz--s240602358,AMD,36 tháng,AMD,Gaming,Ryzen 5,AMD Ryzen thế hệ thứ 5,AMD Ryzen™ 5 5500GT,30/01/2024,6,12,- Xung nhịp cơ bản: 3.6GHz - - Xung nhịp tối đa lên tới: 4.4 GHz,65.0,95°C,16MB,AM4,- DDR4 up to 3200 MT/s,AMD Radeon™ Graphics,PCIe® 3.0,,65.0,mid
cpu_021,CPU,CPU AMD RYZEN™ 5 5600GT (6 Core/12 Threads - 3.6 GHz Boost to 4.6 GHz - 19MB Cache - AM4),4190000,https://phongvu.vn/cpu-amd-ryzen-5-5600gt-3-6-ghz-boost-to-4-6-ghz--s240103594,AMD,36 tháng,AMD,Gaming,Ryzen 5,AMD Ryzen thế hệ thứ 5,AMD Ryzen™ 5 5600GT,30/01/2024,6,12,- Xung nhịp cơ bản: 4.4GHz - - Xung nhịp tối đa lên tới: 5.2 GHz,65.0,95°C,19MB,AM4,- DDR4 up to 3200 MT/s,AMD Radeon™ Graphics,PCIe® 3.0,,65.0,mid
cpu_022,CPU,CPU AMD Ryzen 5 8500G (6 nhân 12 luồng - Boost to 5.0 GHz - 22MB - AM5),4150000,https://phongvu.vn/cpu-amd-ryzen-5-8500g-3-5-ghz-boost-to-5-0-ghz--s240103593,AMD,36 tháng,AMD,Gaming,Ryzen 5,AMD Ryzen thế hệ thứ 8,AMD Ryzen™ 5 8500G,31/01/2024,6,12,- Xung nhịp cơ bản: 3.5GHz - - Xung nhịp tối đa lên tới: 5.0 GHz,45.0,95°C,22MB,AM5,- DDR5 up to 5200 MT/s,AMD Radeon™ 740M,PCIe® 4.0,,45.0,mid
cpu_023,CPU,CPU Intel Core i9-14900 (24 nhân 32 luồng - Boost to 5.8 GHz - 36MB - 1700),17190000,https://phongvu.vn/cpu-intel-core-i9-14900--s231204445,Intel,36 tháng,Intel,"Gaming, Văn phòng, Đồ họa - Kỹ thuật, Doanh nghiệp, Học sinh - Sinh viên",Core i9,Intel Core thế hệ thứ 14,Intel® Core™ i9-14900,"Quý 1, 2024",24,32,- Tần số Turbo tối đa 5.8 GHz - - Tốc độ Turbo tối đa của P-core 5.4 GHz - - Tốc độ Turbo tối đa của E-core 4.3 GHz - - Tốc độ cơ bản của P-core 2.0 GHz - - Tốc độ cơ bản của E-core 1.5 GHz,65.0,100°C,36MB,LGA1700,- DDR5 up to 5600 MT/s - DDR4 up to 3200 MT/s,,PCIe® 5.0 & PCIe® 4.0,20.0,65.0,extreme
cpu_024,CPU,CPU Intel Core i7-14700F (20 nhân 28 luồng - Boost to 5.4 GHz - 33MB - 1700),10990000,https://phongvu.vn/cpu-intel-core-i7-14700f-3-4-ghz-5-6-ghz-turbo-boost--s231204444,Intel,36 tháng,Intel,"Gaming, Văn phòng, Đồ họa - Kỹ thuật, Doanh nghiệp, Học sinh - Sinh viên",Core i7,Intel Core thế hệ thứ 14,Intel® Core™ i7-14700F,"Quý 1, 2024",20,28,- Tần số Turbo tối đa 5.4 GHz - - Tốc độ Turbo tối đa của P-core 5.3 GHz - - Tốc độ Turbo tối đa của E-core 4.2 GHz - - Tốc độ cơ bản của P-core 2.1 GHz - - Tốc độ cơ bản của E-core 1.5 GHz,65.0,100°C,33MB,LGA1700,- Hỗ trợ tối đa: 192 GB -DDR5 up to 5600 MT/s - DDR4 up to 3200 MT/s,,PCIe® 5.0 & PCIe® 4.0,20.0,65.0,high
cpu_025,CPU,CPU Intel Core i5-14400F (10 nhân 16 luồng - Boost to 4.7 GHz - 20MB - 1700),6490000,https://phongvu.vn/cpu-intel-core-i5-14400f-2-5ghz-4-7ghz-turbo-boost--s231204441,Intel,36 tháng,Intel,"Gaming, Văn phòng, Đồ họa - Kỹ thuật, Doanh nghiệp, Học sinh - Sinh viên",Core i5,Intel Core thế hệ thứ 14,Intel® Core™ i5-14400F,,10,16,- Tần số Turbo tối đa 4.7 GHz - - Tốc độ Turbo tối đa của P-core 4.7 GHz - - Tốc độ Turbo tối đa của E-core 3.5 GHz - - Tốc độ cơ bản của P-core 2.5 GHz - - Tốc độ cơ bản của E-core 1.8 GHz,65.0,100°C,20MB,LGA1700,- Hỗ trợ tối đa: 192 GB -DDR5 up to 4800 MT/s - DDR4 up to 3200 MT/s,,PCIe® 5.0 & PCIe® 4.0,20.0,65.0,mid
cpu_026,CPU,CPU Intel Core i5-14400 (10 nhân 16 luồng - Boost to 4.7 GHz - 20MB - 1700),7390000,https://phongvu.vn/cpu-intel-core-i5-14400-2-5ghz-4-7ghz-turbo-boost--s231204440,Intel,36 tháng,Intel,"Gaming, Văn phòng, Đồ họa - Kỹ thuật, Doanh nghiệp, Học sinh - Sinh viên",Core i5,Intel Core thế hệ thứ 14,Intel® Core™ i5-14400,,10,16,- Tần số Turbo tối đa 4.7 GHz - - Tốc độ Turbo tối đa của P-core 4.7 GHz - - Tốc độ Turbo tối đa của E-core 3.5 GHz - - Tốc độ cơ bản của P-core 2.5 GHz - - Tốc độ cơ bản của E-core 1.8 GHz,65.0,100°C,20MB,LGA1700,- Hỗ trợ tối đa: 192 GB -DDR5 up to 4800 MT/s - DDR4 up to 3200 MT/s,Intel® UHD Graphics 730,PCIe® 5.0 & PCIe® 4.0,20.0,65.0,mid
cpu_027,CPU,CPU Intel Core i3-14100 (4 nhân 8 luồng - Boost to 4.7 GHz - 12MB - 1700),4390000,https://phongvu.vn/cpu-intel-core-i3-14100--s231204438,Intel,36 tháng,Intel,"Gaming, Văn phòng, Đồ họa - Kỹ thuật, Doanh nghiệp, Học sinh - Sinh viên",Core i3,Intel Core thế hệ thứ 14,Intel® Core™ i3-14100,"Quý 1, 2024",4,8,- Tần số Turbo tối đa 4.7 GHz - - Tốc độ Turbo tối đa của P-core 4.7 GHz - - Tốc độ cơ bản của P-core 3.5 GHz,60.0,100°C,12MB,LGA1700,- DDR5 up to 4800 MT/s - DDR4 up to 3200 MT/s,Intel® UHD Graphics 730,PCIe® 5.0 & PCIe® 4.0,20.0,60.0,mid
cpu_028,CPU,CPU Intel Core i7-14700KF (20 nhân 28 luồng - Boost to 5.6 GHz - 33MB - 1700),11190000,https://phongvu.vn/cpu-intel-core-i7-14700kf-3-2-ghz-6-0-ghz-turbo-boost--s231002131,Intel,36 tháng,Intel,Văn phòng,Core i7,Intel Core thế hệ thứ 14,Intel® Core™ i7-14700KF,"Quý 4, 2023",20,28,- Tần số Turbo tối đa 5.6 GHz - - Tốc độ Turbo tối đa của P-core 5.5 GHz - - Tốc độ Turbo tối đa của E-core 4.3 GHz - - Tốc độ cơ bản của P-core 3.4 GHz - - Tốc độ cơ bản của E-core 2.5 GHz,125.0,100°C,33MB,LGA1700,- DDR5 up to 5600 MT/s - DDR4 up to 3200 MT/s,,PCIe® 5.0 & PCIe® 4.0,20.0,125.0,high
cpu_029,CPU,CPU Intel Core i9-14900KF (24 nhân 32 luồng - Boost to 6.0 GHz - 36MB - 1700),15390000,https://phongvu.vn/cpu-intel-core-i9-14900kf-2-1ghz-5-2ghz-turbo-boost--s231002129,Intel,36 tháng,Intel,Văn phòng,Core i9,Intel Core thế hệ thứ 14,Intel® Core™ i9-14900KF,"Quý 4, 2023",24,32,- Tần số Turbo tối đa 5.8 GHz - - Tốc độ Turbo tối đa của P-core 5.6 GHz - - Tốc độ Turbo tối đa của E-core 4.4 GHz - - Tốc độ cơ bản của P-core 3.2 GHz - - Tốc độ cơ bản của E-core 2.4 GHz,125.0,100°C,33MB,LGA1700,- DDR5 up to 5600 MT/s - DDR4 up to 3200 MT/s,,PCIe® 5.0 & PCIe® 4.0,,125.0,extreme
cpu_030,CPU,CPU Intel Core i9-14900K (24 nhân 32 luồng - Boost to 6.0 GHz - 36MB - 1700),16490000,https://phongvu.vn/cpu-intel-core-i9-14900k--s231002128,Intel,36 tháng,Intel,Văn phòng,Core i9,Intel Core thế hệ thứ 14,Intel® Core™ i9-14900K,"Quý 4, 2023",24,32,- Tần số Turbo tối đa 6.0 GHz - - Tốc độ Turbo tối đa của P-core 5.6 GHz - - Tốc độ Turbo tối đa của E-core 4.4 GHz - - Tốc độ cơ bản của P-core 3.2 GHz - - Tốc độ cơ bản của E-core 2.4 GHz,125.0,100°C,36MB,LGA1700,- DDR5 up to 5600 MT/s - DDR4 up to 3200 MT/s,Intel® UHD Graphics 770,PCIe® 5.0 & PCIe® 4.0,20.0,125.0,extreme
cpu_031,CPU,CPU AMD Ryzen 5 7600 (6 nhân 12 luồng - Boost to 5.1 GHz - 32MB - AM5),5890000,https://phongvu.vn/cpu-amd-ryzen-5-7600-3-8ghz-boost-to-5-1ghz--s230603086,AMD,36 tháng,AMD,"Gaming, Văn phòng",Ryzen 5,AMD Ryzen thế hệ thứ 7,AMD Ryzen™ 5 7600,10/01/2023,6,12,- Xung nhịp cơ bản: 3.8GHz - - Xung nhịp tối đa lên tới: 5.1 GHz,65.0,95°C,32MB,AM5,- DDR5 up to 5200 MT/s,AMD Radeon™ Graphics,,,65.0,mid
cpu_032,CPU,CPU Intel Core i3-13100 (4 nhân 8 luồng - Boost tối đa 4.5 GHz - 12MB - 1700),3890000,https://phongvu.vn/cpu-intel-core-i3-13100-4-nhan-8-luong-boost-toi-da-4-5-ghz-12mb-1700--s230100131,Intel,36 tháng,Intel,Văn phòng,Core i3,Intel Core thế hệ thứ 13,Intel® Core™ i3-13100,"Quý 1, 2023",4,8,- Tần số Turbo tối đa 4.5 GHz - - Tốc độ Turbo tối đa của P-core 4.5 GHz - - Tốc độ cơ bản của P-core 3.4 GHz,60.0,100°C,12MB,LGA1700,- DDR5 up to 4800 MT/s - DDR4 up to 3200 MT/s,Intel® UHD Graphics 730,PCIe® 5.0 & PCIe® 4.0,20.0,60.0,mid
cpu_033,CPU,CPU AMD Ryzen 5 7600X (6 nhân 12 luồng - Boost to 5.3 GHz - 32MB - AM5),6649000,https://phongvu.vn/cpu-amd-ryzen-5-7600x-4-7ghz-boost-to-5-3ghz--s220919570,AMD,36 tháng,AMD,"Gaming, Văn phòng, Đồ họa - Kỹ thuật, Doanh nghiệp, Học sinh - Sinh viên",Ryzen 5,AMD Ryzen thế hệ thứ 7,AMD Ryzen™ 5 7600X,27/09/2022,6,12,- Xung nhịp cơ bản: 4.7GHz - - Xung nhịp tối đa lên tới: 5.3GHz,105.0,95°C,32MB,AM5,- DDR5 up to 5200 MT/s,AMD Radeon™ Graphics,,,105.0,mid
cpu_034,CPU,CPU Intel Core i7 12700 (12 nhân 20 luồng - Boost tối đa 4.9 GHz - 25MB - 1700),9390000,https://phongvu.vn/cpu-intel-core-i7-12700-12-nhan-20-luong-boost-toi-da-4-9-ghz-25mb-1700--s211208136,Intel,36 tháng,Intel,"Gaming, Văn phòng, Đồ họa - Kỹ thuật, Doanh nghiệp, Học sinh - Sinh viên",Core i7,Intel Core thế hệ thứ 12,Intel® Core™ i7-12700,"Quý 1, 2022",12,20,- Tần số Turbo tối đa 4.9 GHz - - Tốc độ Turbo tối đa của P-core 4.8 GHz - - Tốc độ Turbo tối đa của E-core 3.6 GHz - - Tốc độ cơ bản của P-core 2.1 GHz - - Tốc độ cơ bản của E-core 1.6 GHz,65.0,100°C,25MB,LGA1700,- DDR5 up to 4800 MT/s - DDR4 up to 3200 MT/s,Intel® UHD Graphics 770,PCIe® 5.0 & PCIe® 4.0,20.0,65.0,high
cpu_035,CPU,Bộ vi xử lý/ CPU Intel Core i5-12500 (6C-12T | Up to 4.60GHz | 18MB | UHD Graphics 770 | LGA1700),6090000,https://phongvu.vn/bo-vi-xu-ly-cpu-intel-core-i5-12500-6-cores-12-threads-4-6-ghz-alder-lake-12th-gen-lga-1700--s211208132,Intel,36 tháng,Intel,,Core i5,Intel Core thế hệ thứ 12,Core i5-12500,,6,12,,,,18MB,LGA1700,,Intel UHD Graphics 770,,,,mid
cpu_036,CPU,CPU Intel Core i5-12400 (6 nhân 12 luồng - Boost tối đa 4.4 GHz - 18MB - 1700),5590000,https://phongvu.vn/cpu-intel-core-i5-12400-6-nhan-12-luong-boost-toi-da-4-4-ghz-18mb-1700--s211208131,Intel,36 tháng,Intel,"Gaming, Văn phòng, Đồ họa - Kỹ thuật, Doanh nghiệp, Học sinh - Sinh viên",Core i5,Intel Core thế hệ thứ 12,Intel® Core™ i5-12400,"Quý 1, 2022",6,12,- Tần số Turbo tối đa 4.4 GHz - - Tốc độ Turbo tối đa của P-core 4.4 GHz - - Tốc độ cơ bản của P-core 2.5 GHz,65.0,100°C,18MB,LGA1700,- Hỗ trợ tối đa: 128 GB -DDR5 up to 4800 MT/s - DDR4 up to 3200 MT/s,Intel® UHD Graphics 730,PCIe® 5.0 & PCIe® 4.0,20.0,65.0,mid
cpu_037,CPU,CPU Intel Core i5-12400F (6 nhân 12 luồng - Boost tối đa 4.4 GHz - 18MB - 1700),4490000,https://phongvu.vn/cpu-intel-core-i5-12400f-6-nhan-12-luong-boost-toi-da-4-4-ghz-18mb-1700--s211208130,Intel,36 tháng,Intel,"Gaming, Văn phòng, Đồ họa - Kỹ thuật, Doanh nghiệp, Học sinh - Sinh viên",Core i5,Intel Core thế hệ thứ 12,Intel® Core™ i5-12400F,"Quý 1, 2022",6,12,- Tần số Turbo tối đa 4.4 GHz - - Tốc độ Turbo tối đa của P-core 4.4 GHz - - Tốc độ cơ bản của P-core 2.5 GHz,65.0,100°C,18MB,LGA1700,- Hỗ trợ tối đa: 128 GB -DDR5 up to 4800 MT/s - DDR4 up to 3200 MT/s,,PCIe® 5.0 & PCIe® 4.0,20.0,65.0,mid
cpu_038,CPU,CPU Intel Core i3 12100F (4 nhân 8 luồng - Boost tối đa 4.3 GHz - 12MB - 1700),2749000,https://phongvu.vn/cpu-intel-core-i3-12100f-4-nhan-8-luong-boost-toi-da-4-3-ghz-12mb-1700--s211208127,Intel,36 tháng,Intel,"Gaming, Văn phòng, Đồ họa - Kỹ thuật, Doanh nghiệp, Học sinh - Sinh viên",Core i3,Intel Core thế hệ thứ 12,Intel® Core™ i3-12100F,,4,8,- Tần số Turbo tối đa 4.3 GHz - - Tốc độ Turbo tối đa của P-core 4.3 GHz - - Tốc độ cơ bản của P-core 3.3 GHz,58.0,100°C,12MB,LGA1700,- Hỗ trợ tối đa: 128 GB -DDR5 up to 4800 MT/s - DDR4 up to 3200 MT/s,,PCIe® 5.0 & PCIe® 4.0,20.0,58.0,budget
cpu_039,CPU,CPU Intel Core i5-12600K (10 nhân 16 luồng - Boost tối đa 4.9 GHz - 20MB - 1700),5790000,https://phongvu.vn/cpu-intel-core-i5-12600k-10-nhan-16-luong-boost-toi-da-4-9-ghz-20mb-1700--s211108636,Intel,36 tháng,Intel,,Core i5,Intel Core thế hệ thứ 12,Intel® Core™ i5-12600K,"Quý 4, 2021",10,16,- Tần số Turbo tối đa 4.9 GHz - - Tốc độ Turbo tối đa của P-core 4.9 GHz - - Tốc độ Turbo tối đa của E-core 3.6 GHz - - Tốc độ cơ bản của P-core 3.7 GHz - - Tốc độ cơ bản của E-core 2.8 GHz,125.0,100°C,20MB,LGA1700,- DDR5 up to 4800 MT/s - DDR4 up to 3200 MT/s,Intel® UHD Graphics 770,PCIe® 5.0 & PCIe® 4.0,20.0,125.0,mid
cpu_040,CPU,CPU Intel Core i7-12700KF (12 nhân 20 luồng - Boost tối đa 5.0 GHz - 25MB - 1700),9290000,https://phongvu.vn/cpu-intel-core-i7-12700kf-12-nhan-20-luong-boost-toi-da-5-0-ghz-25mb-1700--s211012371,Intel,36 tháng,Intel,,Core i7,Intel Core thế hệ thứ 12,Intel® Core™ i7-12700KF,"Quý 4, 2021",12,20,- Tần số Turbo tối đa 5.0 GHz - - Tốc độ Turbo tối đa của P-core 4.9 GHz - - Tốc độ Turbo tối đa của E-core 3.8 GHz - - Tốc độ cơ bản của P-core 3.6 GHz - - Tốc độ cơ bản của E-core 2.7 GHz,125.0,100°C,25MB,LGA1700,- DDR5 up to 4800 MT/s - DDR4 up to 3200 MT/s,,PCIe® 5.0 & PCIe® 4.0,20.0,125.0,high
cpu_041,CPU,CPU AMD RYZEN™ 3 3100 (4 Core/8 Threads - 3.6 GHz Up to 3.9 GHz - 16MB Cache - AM4),2729000,https://phongvu.vn/cpu-amd-ryzen-3-3100-3-6-ghz-up-to-3-9-ghz--s200500556,AMD,36 tháng,AMD,,Ryzen 3,AMD Ryzen thế hệ thứ 3,AMD Ryzen™ 3 3100,24/04/2020,4,8,- Xung nhịp cơ bản: 3.6GHz - - Xung nhịp tối đa lên tới: 3.9GHz,65.0,95°C,16MB,AM4,- DDR4 up to 3200 MT/s,,PCIe® 4.0,,65.0,budget
cpu_042,CPU,CPU AMD RYZEN™ 5 3500 (6 Core/6 Threads - 3.6 GHz up to 4.1 GHz - 16MB Cache - AM4),3869000,https://phongvu.vn/cpu-amd-ryzen-5-3500-3-6-ghz-up-to-4-1-ghz--s200302000,AMD,36 tháng,AMD,,Ryzen 5,AMD Ryzen thế hệ thứ 3,AMD Ryzen™ 5 3500,,6,6,- Xung nhịp cơ bản: 3.6GHz - - Xung nhịp tối đa lên tới: 4.1 GHz,65.0,95°C,16MB,AM4,- DDR4 up to 3200 MT/s,,PCIe® 4.0,,65.0,mid
cpu_043,CPU,CPU AMD RYZEN™ 7 1800X (8 Core/16 Threads - 3.6 GHz Boost to 4 GHz - 16MB Cache - AM4),6559000,https://phongvu.vn/cpu-amd-ryzen-7-1800x-3-6-ghz-boost-to-4-ghz--s1700971,AMD,36 tháng,AMD,,Ryzen 7,AMD Ryzen thế hệ thứ 1,AMD Ryzen™ 7 1800X,02/03/2017,8,16,- Xung nhịp cơ bản: 3.6GHz - - Xung nhịp tối đa lên tới: 4.0 GHz,95.0,95°C,16MB,AM4,- DDR4 up to 2667 MT/s,,PCIe® 3.0,,95.0,mid
cpu_044,CPU,CPU AMD RYZEN™ 5 2600 (6 Core/12 Threads - 3.4 GHz Boost to 3.9 GHz - 16MB Cache - AM4),4869000,https://phongvu.vn/cpu-amd-ryzen-5-2600-3-4-ghz-boost-to-3-9-ghz--s1805132,AMD,36 tháng,AMD,,Ryzen 5,AMD Ryzen thế hệ thứ 2,AMD Ryzen™ 5 2600,19/04/2018,6,12,- Xung nhịp cơ bản: 3.4GHz - - Xung nhịp tối đa lên tới: 3.9 GHz,65.0,95°C,16MB,AM4,- DDR4 up to 2933 MT/s,,PCIe® 3.0,,65.0,mid
cpu_045,CPU,CPU AMD RYZEN™ 5 2600X (6 Core/12 Threads - 3.6 GHz Boost to 4.2 GHz - 16MB Cache - AM4),5919000,https://phongvu.vn/cpu-amd-ryzen-5-2600x-3-6-ghz-boost-to-4-2-ghz--s1805133,AMD,36 tháng,AMD,,Ryzen 5,AMD Ryzen thế hệ thứ 2,AMD Ryzen™ 5 2600X,19/04/2018,6,12,- Xung nhịp cơ bản: 3.6GHz - - Xung nhịp tối đa lên tới: 4.2 GHz,95.0,95°C,16MB,AM4,- DDR4 up to 2933 MT/s,,PCIe® 3.0,,95.0,mid
cpu_046,CPU,CPU AMD RYZEN™ Threadripper 1920X (12 Core/24 Threads - 3.5 GHz Boost to 4.0 GHz - 39MB Cache - TR4),22200000,https://phongvu.vn/cpu-amd-ryzen-threadripper-1920x-3-5-ghz-boost-to-4-0-ghz--s1805453,AMD,36 tháng,AMD,,Ryzen Threadripper,AMD Ryzen thế hệ thứ 1,AMD Ryzen™ Threadripper 1920X,10/08/2017,12,24,- Xung nhịp cơ bản: 3.5GHz - - Xung nhịp tối đa lên tới: 4.0 GHz,180.0,68°C,39MB,TR4,- DDR4 up to 2666 MT/s,,PCIe® 3.0,60.0,180.0,extreme
cpu_047,CPU,CPU AMD RYZEN™ 3 3200G (4 Core/4 Threads - 3.6 GHz up to 4GHz - 4MB Cache - AM4),1890000,https://phongvu.vn/cpu-amd-ryzen-3-3200g-3-6-ghz-up-to-4ghz--s19070059,AMD,36 tháng,AMD,Văn phòng,Ryzen 3,AMD Ryzen thế hệ thứ 3,Ryzen 3 3200G,07/07/2019,4,4,3.6 GHz - 4.0 GHz,65.0,95°C,4MB,AM4,DDR4,AMD Vega 8 Graphics,PCIe® 3.0,,65.0,budget
cpu_048,CPU,CPU AMD RYZEN™ 5 3600X (6 Core/12 Threads - 3.8GHz Boost to 4.4 GHz - 32MB Cache - AM4),6449000,https://phongvu.vn/cpu-amd-ryzen-5-3600x-3-8ghz-boost-to-4-4-ghz--s19070062,AMD,36 tháng,AMD,,Ryzen 5,AMD Ryzen thế hệ thứ 3,AMD Ryzen™ 5 3600X,07/07/2019,6,12,- Xung nhịp cơ bản: 3.8GHz - - Xung nhịp tối đa lên tới: 4.4 GHz,95.0,95°C,32MB,AM4,- DDR4 up to 3200 MT/s,,PCIe® 4.0,,95.0,mid
cpu_049,CPU,"Bộ vi xử lý/ CPU Intel Core Ultra 7 270K Plus, 3.7 GHz, 36MB BX80768270K S A4V6",9990000,https://phongvu.vn/cpu-intel-core-ultra-7-270k-plus--s260305656,Intel,36 tháng,Intel,"Gaming, Văn phòng",Ultra 7,Intel Core Ultra series 2,Intel® Core™ Ultra 7-270K Plus,Q1'26,24,24,3.7 GHz - 5.5 GHz,250.0,105°C,40MB,LGA1851,Up To DDR5 7200 MT/s,Intel® Graphics,PCIe® 5.0 & PCIe® 4.0,24.0,250.0,high
cpu_050,CPU,Bộ vi xử lý/ CPU Intel Core i5-14400 TRAY (Không box),7090000,https://phongvu.vn/cpu-intel-core-i5-14400-tray--s260203203,Intel,36 tháng,Intel,"Gaming, Văn phòng, Đồ họa - Kỹ thuật, Doanh nghiệp, Học sinh - Sinh viên",Core i5,Intel Core thế hệ thứ 14,Intel® Core™ i5-14400,,10,16,- Tần số Turbo tối đa 4.7 GHz - - Tốc độ Turbo tối đa của P-core 4.7 GHz - - Tốc độ Turbo tối đa của E-core 3.5 GHz - - Tốc độ cơ bản của P-core 2.5 GHz - - Tốc độ cơ bản của E-core 1.8 GHz,65.0,100°C,20MB,LGA1700,- Hỗ trợ tối đa: 192 GB -DDR5 up to 4800 MT/s - DDR4 up to 3200 MT/s,Intel® UHD Graphics 730,PCIe® 5.0 & PCIe® 4.0,20.0,65.0,mid
cpu_051,CPU,Bộ vi xử lý/ CPU Intel Core i5-14600K TRAY (Không box),7890000,https://phongvu.vn/bo-vi-xu-ly-cpu-intel-core-i5-14600k-tray-khong-box--s260100165?selectPromotionId=2259507,Intel,36 tháng,Intel,Văn phòng,Core i5,Intel Core thế hệ thứ 14,Intel® Core™ i5-14600K,,14,20,- Tần số Turbo tối đa 5.3 GHz - - Tốc độ Turbo tối đa của P-core 5.3 GHz - - Tốc độ Turbo tối đa của E-core 4.0 GHz - - Tốc độ cơ bản của P-core 3.5 GHz - - Tốc độ cơ bản của E-core 2.6 GHz,125.0,100°C,24MB,LGA1700,- Hỗ trợ tối đa: 192 GB - DDR5 up to 5600 MT/s - DDR4 up to 3200 MT/s,Intel® UHD Graphics 770,PCIe® 5.0 & PCIe® 4.0,20.0,125.0,mid
cpu_052,CPU,Bộ vi xử lý/ CPU AMD Ryzen Threadripper PRO 9975WX (32C-64T | Upto 5.4GHz | 160MB | 350W | No iGPU | No Cooler | Socket sTR5),129000000,https://phongvu.vn/bo-vi-xu-ly-cpu-amd-ryzen-threadripper-pro-9975wx-32c-64t-upto-5-4ghz-160mb-350w-no-igpu-no-cooler-socket-str5--s250714657,AMD,36 tháng,AMD,"Văn phòng, Gaming",Ryzen Threadripper,AMD Ryzen thế hệ thứ 9,AMD Ryzen™ Threadripper™ PRO 9975WX,,32,64,4 GHz - 5.4 GHz,350.0,95°C,128MB,sTR5,DDR5,,PCIe® 5.0,148.0,350.0,extreme
cpu_053,CPU,CPU AMD Ryzen 9 9900X3D (12C/24T | Up to 5.5GHz | 140MB | AM5 | Radeon Graphics 2CUs - RDNA 2.0) (100-100001368WOF),18090000,https://phongvu.vn/bo-vi-xu-ly-cpu-amd-ryzen-9-9900x3d-12c-24t-up-to-5-5ghz-140mb-am5-radeon-graphics-2cus-rdna-2-0-100-100001368wof--s250301293,AMD,36 tháng,AMD,Gaming,,,AMD Ryzen™ 9 9900X3D,12/03/2025,12,24,- Xung nhịp cơ bản: 4.4GHz - - Xung nhịp tối đa lên tới: 5.5 GHz,120.0,95°C,128MB,AM5,- DDR5 up to 5600 MT/s,AMD Radeon™ Graphics,PCIe® 5.0,,120.0,extreme
cpu_054,CPU,CPU Intel Core Ultra 7-265K (20 nhân 20 luồng - Turbo Boost to 5.5 GHz - 30MB - LGA 1851),10490000,https://phongvu.vn/cpu-intel-core-ultra-7-265k--s241003865,Intel,36 tháng,Intel,Gaming,Ultra 7,Intel Core Ultra series 2,Intel® Core™ Ultra 7-265K,"Quý 4, 2024",20,20,- Tần số Turbo tối đa 5.5 GHz - - Tốc độ Turbo tối đa của P-core 5.4 GHz - - Tốc độ Turbo tối đa của E-core 4.6 GHz - - Tốc độ cơ bản của P-core 3.9 GHz - - Tốc độ cơ bản của E-core 3.3 GHz,125.0,100°C,30MB,LGA1851,- DDR5 up to 6400 MT/s,Intel® Graphics,PCIe® 5.0 & PCIe® 4.0,24.0,125.0,high
cpu_055,CPU,CPU Intel® Core™ Ultra 7-265KF (20 nhân 20 luồng - Turbo boost to 5.5GHz - 30MB - 1851),9990000,https://phongvu.vn/bo-vi-xu-ly-cpu-intel-core-ultra-7-265kf--s241003868,Intel,36 tháng,Intel,Gaming,Ultra 7,Intel Core Ultra series 2,Intel® Core™ Ultra 7-265KF,"Quý 4, 2024",20,20,- Tần số Turbo tối đa 5.5 GHz - - Tốc độ Turbo tối đa của P-core 5.4 GHz - - Tốc độ Turbo tối đa của E-core 4.6 GHz - - Tốc độ cơ bản của P-core 3.9 GHz - - Tốc độ cơ bản của E-core 3.3 GHz,125.0,105°C,30MB,LGA1851,- DDR5 up to 6400 MT/s,,PCIe® 5.0 & PCIe® 4.0,24.0,125.0,high
cpu_056,CPU,CPU AMD Ryzen 7 9700X (8 nhân 16 luồng - Boost to 5.5 GHz - 32MB - AM5),10090000,https://phongvu.vn/cpu-amd-ryzen-7-9700x-3-8-ghz-boost-to-5-5-ghz--s240803309,AMD,36 tháng,AMD,Gaming,Ryzen 7,AMD Ryzen thế hệ thứ 9,AMD Ryzen™ 7 9700X,08/08/2024,8,16,- Xung nhịp cơ bản: 3.8GHz - - Xung nhịp tối đa lên tới: 5.5 GHz,65.0,95°C,32MB,AM5,- DDR5 up to 5600 MT/s,AMD Radeon™ Graphics,PCIe® 5.0,28.0,65.0,high
cpu_057,CPU,CPU AMD Ryzen 9 9950X (16 nhân 32 luồng - Boost to 5.1 GHz - 64MB - AM5),18490000,https://phongvu.vn/cpu-amd-ryzen-9-9950x-4-3-ghz-boost-to-5-7-ghz--s240803311,AMD,36 tháng,AMD,Gaming,Ryzen 9,AMD Ryzen thế hệ thứ 9,AMD Ryzen™ 9 9950X,15/08/2024,16,32,- Xung nhịp cơ bản: 3.2GHz - - Xung nhịp tối đa lên tới: 5.1 GHz,170.0,95°C,64MB,AM5,- DDR5 up to 5200 MT/s,AMD Radeon™ Graphics,PCIe® 5.0,,170.0,extreme
cpu_058,CPU,CPU AMD Ryzen 9 9900X (12 nhân 24 luồng - Boost to 5.6 GHz - 64MB - AM5),12700000,https://phongvu.vn/cpu-amd-ryzen-9-9900x-4-4-ghz-boost-to-5-6-ghz--s240803312,AMD,36 tháng,AMD,Gaming,Ryzen 9,AMD Ryzen thế hệ thứ 9,AMD Ryzen™ 9 9900X,15/08/2024,12,24,- Xung nhịp cơ bản: 4.4GHz - - Xung nhịp tối đa lên tới: 5.6 GHz,120.0,95°C,64MB,AM5,- DDR5 up to 5200 MT/s,AMD Radeon™ Graphics,PCIe® 5.0,,120.0,high
cpu_059,CPU,CPU Intel Core i5-14600KF (14 nhân 20 luồng - Boost to 5.3 GHz - 24MB - 1700),7590000,https://phongvu.vn/cpu-intel-core-i5-14600kf-2-6ghz-5-0ghz-turbo-boost--s240603291,Intel,36 tháng,Intel,Văn phòng,Core i5,Intel Core thế hệ thứ 14,Intel® Core™ i5 14600KF,,14,20,- Tần số Turbo tối đa 5.3 GHz - - Tốc độ Turbo tối đa của P-core 5.3 GHz - - Tốc độ Turbo tối đa của E-core 4.0 GHz - - Tốc độ cơ bản của P-core 3.5 GHz - - Tốc độ cơ bản của E-core 2.6 GHz,125.0,100°C,24MB,FCLGA1700,- Hỗ trợ tối đa: 192 GB - DDR5 up to 5600 MT/s - DDR4 up to 3200 MT/s,,PCIe® 5.0 & PCIe® 4.0,20.0,125.0,mid
cpu_060,CPU,CPU AMD Ryzen 5 7500F (6 nhân 12 luồng - Boost to 5.0 GHz - 32MB - AM5),5199000,https://phongvu.vn/cpu-amd-ryzen-5-7500f-3-7ghz-boost-to-5-0ghz--s240602373,AMD,36 tháng,AMD,Gaming,Ryzen 5,AMD Ryzen thế hệ thứ 7,AMD Ryzen™ 5 7500F,06/05/2024,6,12,- Xung nhịp cơ bản: 3.7GHz - - Xung nhịp tối đa lên tới: 5.0 GHz,65.0,95°C,32MB,AM5,- DDR5 up to 5200 MT/s,,PCIe® 5.0,,65.0,mid
cpu_061,CPU,CPU AMD Ryzen 5 8600G (6 nhân 12 luồng - Boost to 5.1 GHz - 22MB - AM5),6890000,https://phongvu.vn/cpu-amd-ryzen-5-8600g-4-3-ghz-boost-to-5-0-ghz--s240103592,AMD,36 tháng,AMD,Gaming,Ryzen 5,AMD Ryzen thế hệ thứ 8,AMD Ryzen™ 5 8600G,30/01/2024,6,12,- Xung nhịp cơ bản: 3.8GHz - - Xung nhịp tối đa lên tới: 5.1 GHz,65.0,95°C,22MB,AM5,DDR5 up to 5200 MT/s,AMD Radeon™ 760M,PCIe® 4.0,,65.0,mid
cpu_062,CPU,CPU AMD RYZEN™ 7 5700X3D (8 Core/16 Threads - 3.0 GHz Boost to 4.1 GHz - 100MB Cache - AM4),7490000,https://phongvu.vn/cpu-amd-ryzen-7-5700x3d-3-0-ghz-boost-to-4-1-ghz--s240103590,AMD,36 tháng,AMD,Gaming,Ryzen 7,AMD Ryzen thế hệ thứ 5,AMD Ryzen™ 7 5700X3D,30/01/2024,8,16,- Xung nhịp cơ bản: 3.0GHz - - Xung nhịp tối đa lên tới: 4.1 GHz,105.0,90°C,100MB,AM4,- DDR4 up to 3200 MT/s,,PCIe® 4.0,,105.0,mid
cpu_063,CPU,CPU AMD Ryzen 7 8700G (8 nhân 16 luồng - Boost to 5.1 GHz - 24MB - AM5),9790000,https://phongvu.vn/cpu-amd-ryzen-7-8700g-4-2-ghz-boost-to-5-1-ghz--s240103589,AMD,36 tháng,AMD,Gaming,Ryzen 7,AMD Ryzen thế hệ thứ 8,AMD Ryzen™ 7 8700G,01/31/2024,8,16,- Xung nhịp cơ bản: 4.2GHz - - Xung nhịp tối đa lên tới: 5.1 GHz,65.0,95°C,24MB,AM5,- DDR5 up to 5200 MT/s,AMD Radeon™ 780M,PCIe® 4.0,20.0,65.0,high
cpu_064,CPU,CPU Intel Core i7-14700 (20 nhân 28 luồng - Boost to 5.4 GHz - 33MB - 1700),12390000,https://phongvu.vn/cpu-intel-core-i7-14700--s231204443,Intel,36 tháng,Intel,"Gaming, Văn phòng, Đồ họa - Kỹ thuật, Doanh nghiệp, Học sinh - Sinh viên",Core i7,Intel Core thế hệ thứ 14,Intel® Core™ i7-14700,"Quý 1, 2024",20,28,- Tần số Turbo tối đa 5.4 GHz - - Tốc độ Turbo tối đa của P-core 5.3 GHz - - Tốc độ Turbo tối đa của E-core 4.2 GHz - - Tốc độ cơ bản của P-core 2.1 GHz - - Tốc độ cơ bản của E-core 1.5 GHz,65.0,100°C,30MB,LGA1700,- DDR5 up to 5600 MT/s - DDR4 up to 3200 MT/s,Intel® UHD Graphics 770,PCIe® 5.0 & PCIe® 4.0,20.0,65.0,high
cpu_065,CPU,CPU Intel Core i5-14500 (14 nhân 20 luồng - Boost to 5.0 GHz - 24MB - 1700),9490000,https://phongvu.vn/cpu-intel-core-i5-14500-3-5-ghz-5-3-ghz-turbo-boost--s231204442,Intel,36 tháng,Intel,"Gaming, Văn phòng, Đồ họa - Kỹ thuật, Doanh nghiệp, Học sinh - Sinh viên",Core i5,Intel Core thế hệ thứ 14,Intel® Core™ i5-14500,,14,20,- Tần số Turbo tối đa 5.0 GHz - - Tốc độ Turbo tối đa của P-core 5.0 GHz - - Tốc độ Turbo tối đa của E-core 3.7 GHz - - Tốc độ cơ bản của P-core 2.6 GHz - - Tốc độ cơ bản của E-core 1.9 GHz,65.0,100°C,24MB,LGA1700,- Hỗ trợ tối đa: 192 GB -DDR5 up to 4800 MT/s - DDR4 up to 3200 MT/s,Intel® UHD Graphics 770,PCIe® 5.0 & PCIe® 4.0,20.0,65.0,high
cpu_066,CPU,CPU Intel Core i3-14100F (4 nhân 8 luồng -Boost to 4.7 GHz - 12MB - 1700),3090000,https://phongvu.vn/cpu-intel-core-i3-14100f--s231204439,Intel,36 tháng,Intel,"Gaming, Văn phòng, Đồ họa - Kỹ thuật, Doanh nghiệp, Học sinh - Sinh viên",Core i3,Intel Core thế hệ thứ 14,Intel® Core™ i3-14100F,"Quý 1, 2024",4,8,- Tần số Turbo tối đa 4.7 GHz - - Tốc độ Turbo tối đa của P-core 4.7 GHz - - Tốc độ cơ bản của P-core 3.5 GHz,58.0,100°C,12MB,LGA1700,- DDR5 up to 4800 MT/s - DDR4 up to 3200 MT/s,,PCIe® 5.0 & PCIe® 4.0,20.0,58.0,mid
cpu_067,CPU,CPU AMD Ryzen Threadripper 7975WX (32 nhân 64 luồng - Boost to 5.3 GHz - 160MB - sTR5),119000000,https://phongvu.vn/cpu-amd-ryzen-threadripper-pro-7975wx-4-0ghz-boost-to-5-3ghz--s231103713,AMD,36 tháng,AMD,"Gaming, Văn phòng, Đồ họa - Kỹ thuật, Doanh nghiệp, Học sinh - Sinh viên",Ryzen Threadripper,AMD Ryzen thế hệ thứ 7,AMD Ryzen™ Threadripper Pro 7975WX,22/11/2023,32,64,- Xung nhịp cơ bản: 4.0GHz - - Xung nhịp tối đa lên tới: 5.3 GHz,350.0,95°C,160MB,sTR5,DDR5,,PCIe® 5.0,128.0,350.0,extreme
cpu_068,CPU,CPU AMD Ryzen Threadripper 7965WX (24 nhân 48 luồng - Boost to 5.3 GHz - 152MB - sTR5),79990000,https://phongvu.vn/cpu-amd-ryzen-threadripper-pro-7965wx-4-2ghz-boost-to-5-3ghz--s231103712,AMD,36 tháng,AMD,"Gaming, Văn phòng, Đồ họa - Kỹ thuật, Doanh nghiệp, Học sinh - Sinh viên",Ryzen Threadripper,AMD Ryzen thế hệ thứ 7,AMD Ryzen™ Threadripper Pro 7965WX,22/11/2023,24,48,- Xung nhịp cơ bản: 4.2GHz - - Xung nhịp tối đa lên tới: 5.3 GHz,350.0,95°C,152MB,sTR5,DDR5,,PCIe® 5.0,128.0,350.0,extreme
cpu_069,CPU,CPU Intel Core i5-14600K (14 nhân 20 luồng - Boost to 5.3 GHz - 24MB - 1700),7990000,https://phongvu.vn/cpu-intel-core-i5-14600k--s231101852,Intel,36 tháng,Intel,Văn phòng,Core i5,Intel Core thế hệ thứ 14,Intel® Core™ i5-14600K,,14,20,- Tần số Turbo tối đa 5.3 GHz - - Tốc độ Turbo tối đa của P-core 5.3 GHz - - Tốc độ Turbo tối đa của E-core 4.0 GHz - - Tốc độ cơ bản của P-core 3.5 GHz - - Tốc độ cơ bản của E-core 2.6 GHz,125.0,100°C,24MB,LGA1700,- Hỗ trợ tối đa: 192 GB - DDR5 up to 5600 MT/s - DDR4 up to 3200 MT/s,Intel® UHD Graphics 770,PCIe® 5.0 & PCIe® 4.0,20.0,125.0,mid
cpu_070,CPU,CPU Intel Core i5-13500 (14 nhân 20 luồng - Boost tối đa 4.8 GHz - 24MB - 1700),7290000,https://phongvu.vn/cpu-intel-core-i5-13500-14-nhan-20-luong-boost-toi-da-4-8-ghz-24mb-1700--s231003449,Intel,36 tháng,Intel,Văn phòng,Core i5,Intel Core thế hệ thứ 13,Intel® Core™ i5-13500,"Quý 1, 2023",14,20,- Tần số Turbo tối đa 4.8 GHz - - Tốc độ Turbo tối đa của P-core 4.8 GHz - - Tốc độ Turbo tối đa của E-core 3.5 GHz - - Tốc độ cơ bản của P-core 2.5 GHz - - Tốc độ cơ bản của E-core 1.8 GHz,65.0,100°C,24MB,LGA1700,- DDR5 up to 4800 MT/s - DDR4 up to 3200 MT/s,Intel® UHD Graphics 770,PCIe® 5.0 & PCIe® 4.0,20.0,65.0,mid
cpu_071,CPU,CPU Intel Core i7-14700K (20 nhân 28 luồng - Boost to 5.6 GHz - 33MB - 1700),12490000,https://phongvu.vn/cpu-intel-core-i7-14700k--s231002130,Intel,36 tháng,Intel,Văn phòng,Core i7,Intel Core thế hệ thứ 14,Intel® Core™ i7-14700K,"Quý 4, 2023",20,28,- Tần số Turbo tối đa 5.6 GHz - - Tốc độ Turbo tối đa của P-core 5.5 GHz - - Tốc độ Turbo tối đa của E-core 4.3 GHz - - Tốc độ cơ bản của P-core 3.4 GHz - - Tốc độ cơ bản của E-core 2.5 GHz,125.0,100°C,33MB,LGA1700,- DDR5 up to 5600 MT/s - DDR4 up to 3200 MT/s,,PCIe® 5.0 & PCIe® 4.0,20.0,125.0,high
cpu_072,CPU,CPU Intel Core i9-13900KS (24 nhân 32 luồng - Boost tối đa 6.0 GHz - 36MB - 1700),18499000,https://phongvu.vn/cpu-intel-core-i9-13900ks-24-nhan-32-luong-boost-toi-da-6-0-ghz-36mb-1700--s230603290,Intel,36 tháng,Intel,Văn phòng,Core i9,Intel Core thế hệ thứ 13,Intel® Core™ i9-13900KS,"Quý 1, 2023",24,32,- Tần số Turbo tối đa 6.0 GHz - - Tốc độ Turbo tối đa của P-core 5.4 GHz - - Tốc độ Turbo tối đa của E-core 4.3 GHz - - Tốc độ cơ bản của P-core 3.2 GHz - - Tốc độ cơ bản của E-core 2.4 GHz,125.0,100°C,36MB,LGA1700,- DDR5 up to 5600 MT/s - DDR4 up to 3200 MT/s,,PCIe® 5.0 & PCIe® 4.0,20.0,125.0,extreme
cpu_073,CPU,CPU AMD Ryzen 7 7700 (8 nhân 16 luồng - Boost to 5.3 GHz - 32MB - AM5),9090000,https://phongvu.vn/cpu-amd-ryzen-7-7700-3-8ghz-boost-to-5-3ghz--s230603085,AMD,36 tháng,AMD,"Gaming, Văn phòng",Ryzen 7,AMD Ryzen thế hệ thứ 7,AMD Ryzen™ 7 7700,10/01/2023,8,16,- Xung nhịp cơ bản: 3.8GHz - - Xung nhịp tối đa lên tới: 5.3 GHz,65.0,95°C,32MB,AM5,- DDR5 up to 5200 MT/s,AMD Radeon™ Graphics,,,65.0,high
cpu_074,CPU,CPU AMD Ryzen 9 7900X3D (12 nhân 24 luồng - Boost to 5.6 GHz - 128MB - AM5),14859000,https://phongvu.vn/cpu-amd-ryzen-9-7900x3d-4-4ghz-boost-to-5-6ghz--s230603084,AMD,36 tháng,AMD,"Gaming, Văn phòng",Ryzen 9,AMD Ryzen thế hệ thứ 7,AMD Ryzen™ 9 7900X3D,28/02/2023,12,24,- Xung nhịp cơ bản: 4.4GHz - - Xung nhịp tối đa lên tới: 5.6 GHz,120.0,89°C,128MB,AM5,- DDR5 up to 5200 MT/s,AMD Radeon™ Graphics,,,120.0,high
cpu_075,CPU,CPU AMD Ryzen 9 7950X3D (16 nhân 32 luồng - Boost to 5.7 GHz - 128MB - AM5),19289000,https://phongvu.vn/cpu-amd-ryzen-9-7950x3d-4-2ghz-boost-to-5-7ghz--s230603083,AMD,36 tháng,AMD,"Gaming, Văn phòng",Ryzen 9,AMD Ryzen thế hệ thứ 7,AMD Ryzen™ 9 7950X3D,28/02/2023,16,32,- Xung nhịp cơ bản: 4.2GHz - - Xung nhịp tối đa lên tới: 5.7 GHz,120.0,89°C,128MB,AM5,- DDR5 up to 5200 MT/s,AMD Radeon™ Graphics,PCIe® 5.0,28.0,120.0,extreme
cpu_076,CPU,CPU AMD Ryzen 7 7800X3D (8 nhân 16 luồng - Boost to 5.0 GHz - 96MB - AM5),12449000,https://phongvu.vn/cpu-amd-ryzen-7-7800x3d-4-2-boost-to-5-0-ghz--s230400542,AMD,36 tháng,AMD,"Gaming, Đồ họa - Kỹ thuật",Ryzen 7,AMD Ryzen thế hệ thứ 7,AMD Ryzen™ 7 7800X3D,06/04/2023,8,16,- Xung nhịp cơ bản: 4.2GHz - - Xung nhịp tối đa lên tới: 5.0GHz,120.0,89°C,96MB,AM5,- DDR5 up to 5200 MT/s,AMD Radeon™ Graphics,,,120.0,high
cpu_077,CPU,CPU AMD Ryzen 9 7900 (12 nhân 24 luồng - Boost to 5.4 GHz - 64MB - AM5),10490000,https://phongvu.vn/cpu-amd-ryzen-9-7900-3-7ghz-boost-to-5-4ghz--s230104440,AMD,36 tháng,AMD,"Gaming, Văn phòng",Ryzen 9,AMD Ryzen thế hệ thứ 7,AMD Ryzen™ 9 7900,10/01/2023,12,24,- Xung nhịp cơ bản: 3.5GHz - - Xung nhịp tối đa lên tới: 4.4GHz,65.0,95°C,64MB,AM5,- DDR5 up to 5200 MT/s,AMD Radeon™ Graphics,,,65.0,high
cpu_078,CPU,CPU Intel Core i9-13900 (24 nhân 32 luồng - Boost tối đa 5.6 GHz - 36MB - 1700),15599000,https://phongvu.vn/cpu-intel-core-i9-13900-24-nhan-32-luong-boost-toi-da-5-6-ghz-36mb-1700--s230100137,Intel,36 tháng,Intel,Văn phòng,Core i9,Intel Core thế hệ thứ 13,Intel® Core™ i9-13900,"Quý 1, 2023",24,32,- Tần số Turbo tối đa 5.6 GHz - - Tốc độ Turbo tối đa của P-core 5.5 GHz - - Tốc độ Turbo tối đa của E-core 4.2 GHz - - Tốc độ cơ bản của P-core 2.0 GHz - - Tốc độ cơ bản của E-core 1.5 GHz,65.0,100°C,36MB,LGA1700,- DDR5 up to 5600 MT/s - DDR4 up to 3200 MT/s,,PCIe® 5.0 & PCIe® 4.0,20.0,65.0,extreme
cpu_079,CPU,CPU Intel Core i9-13900F (24 nhân 32 luồng - Boost tối đa 5.6 GHz - 36MB - 1700),16390000,https://phongvu.vn/cpu-intel-core-i9-13900f-24-nhan-32-luong-boost-toi-da-5-6-ghz-36mb-1700--s230100136,Intel,36 tháng,Intel,Văn phòng,Core i9,Intel Core thế hệ thứ 13,Intel® Core™ i9-13900F,"Quý 1, 2023",24,32,- Tần số Turbo tối đa 5.6 GHz - - Tốc độ Turbo tối đa của P-core 5.5 GHz - - Tốc độ Turbo tối đa của E-core 4.2 GHz - - Tốc độ cơ bản của P-core 2.0 GHz - - Tốc độ cơ bản của E-core 1.5 GHz,65.0,100°C,36MB,LGA1700,- DDR5 up to 5600 MT/s - DDR4 up to 3200 MT/s,,PCIe® 5.0 & PCIe® 4.0,20.0,65.0,extreme
cpu_080,CPU,CPU Intel Core i5-13400 (10 nhân 16 luồng - Boost tối đa 4.6 GHz - 20MB - 1700),6690000,https://phongvu.vn/cpu-intel-core-i5-13400-10-nhan-16-luong-boost-toi-da-4-6-ghz-20mb-1700--s230100133,Intel,36 tháng,Intel,Văn phòng,Core i5,Intel Core thế hệ thứ 13,Intel® Core™ i5-13400,,10,16,- Tần số Turbo tối đa 4.6 GHz - - Tốc độ Turbo tối đa của P-core 4.6 GHz - - Tốc độ Turbo tối đa của E-core 3.3 GHz - - Tốc độ cơ bản của P-core 2.5 GHz - - Tốc độ cơ bản của E-core 1.8 GHz,65.0,100°C,20MB,LGA1700,- Hỗ trợ tối đa: 192 GB -DDR5 up to 4800 MT/s - DDR4 up to 3200 MT/s,Intel® UHD Graphics 730,PCIe® 5.0 & PCIe® 4.0,20.0,65.0,mid
cpu_081,CPU,CPU Intel Core i5-13400F (10 nhân 16 luồng - Boost tối đa 4.6 GHz - 20MB - 1700),5090000,https://phongvu.vn/cpu-intel-core-i5-13400f-10-nhan-16-luong-boost-toi-da-4-6-ghz-20mb-1700--s230100132,Intel,36 tháng,Intel,Văn phòng,Core i5,Intel Core thế hệ thứ 13,Intel® Core™ i5-13400F,"Quý 4, 2022",10,16,- Tần số Turbo tối đa 4.6 GHz - - Tốc độ Turbo tối đa của P-core 4.6 GHz - - Tốc độ Turbo tối đa của E-core 3.3 GHz - - Tốc độ cơ bản của P-core 2.5 GHz - - Tốc độ cơ bản của E-core 1.8 GHz,65.0,100°C,20MB,LGA1700,- Hỗ trợ tối đa: 192 GB -DDR5 up to 4800 MT/s - DDR4 up to 3200 MT/s,Intel® UHD Graphics 730,PCIe® 5.0 & PCIe® 4.0,20.0,65.0,mid
cpu_082,CPU,CPU Intel Core i9-13900K (24 nhân 32 luồng - Boost tối đa 5.8 GHz - 36MB - 1700),15499000,https://phongvu.vn/cpu-intel-core-i9-13900k-24-nhan-32-luong-boost-toi-da-5-8-ghz-36mb-1700--s221000501,Intel,36 tháng,Intel,,Core i9,Intel Core thế hệ thứ 13,Intel® Core™ i9-13900K,"Quý 4, 2022",24,32,- Tần số Turbo tối đa 5.8 GHz - - Tốc độ Turbo tối đa của P-core 5.4 GHz - - Tốc độ Turbo tối đa của E-core 4.3 GHz - - Tốc độ cơ bản của P-core 3.0 GHz - - Tốc độ cơ bản của E-core 2.2 GHz,125.0,,36MB,LGA1700,- DDR5 up to 5600 MT/s - DDR4 up to 3200 MT/s,Intel® UHD Graphics 770,PCIe® 5.0 & PCIe® 4.0,20.0,125.0,extreme
cpu_083,CPU,CPU Intel Core i9-13900KF (24 nhân 32 luồng - Boost tối đa 5.8 GHz - 36MB - 1700),14999000,https://phongvu.vn/cpu-intel-core-i9-13900kf-24-nhan-32-luong-boost-toi-da-5-8-ghz-36mb-1700--s221000500,Intel,36 tháng,Intel,,Core i9,Intel Core thế hệ thứ 13,Intel® Core™ i9-13900KF,"Quý 4, 2022",24,32,- Tần số Turbo tối đa 5.8 GHz - - Tốc độ Turbo tối đa của P-core 5.4 GHz - - Tốc độ Turbo tối đa của E-core 4.3 GHz - - Tốc độ cơ bản của P-core 3.0 GHz - - Tốc độ cơ bản của E-core 2.2 GHz,125.0,100°C,36MB,LGA1700,- Hỗ trợ tối đa: 192 GB - DDR5 up to 5600 MT/s - DDR4 up to 3200 MT/s,,PCIe® 5.0 & PCIe® 4.0,20.0,125.0,high
cpu_084,CPU,CPU Intel Core i7-13700K (16 nhân 24 luồng - Boost tối đa 5.4 GHz - 30MB - 1700),11190000,https://phongvu.vn/cpu-intel-core-i7-13700k-16-nhan-24-luong-boost-toi-da-5-4-ghz-30mb-1700--s221000499,Intel,36 tháng,Intel,,Core i7,Intel Core thế hệ thứ 13,Intel® Core™ i7-13700K,"Quý 4, 2022",16,24,- Tần số Turbo tối đa 5.4 GHz - - Tốc độ Turbo tối đa của P-core 5.3 GHz - - Tốc độ Turbo tối đa của E-core 4.2 GHz - - Tốc độ cơ bản của P-core 3.4 GHz - - Tốc độ cơ bản của E-core 2.5 GHz,125.0,100°C,30MB,LGA1700,- Hỗ trợ tối đa: 192 GB - DDR5 up to 5600 MT/s - DDR4 up to 3200 MT/s,Intel® UHD Graphics 770,PCIe® 5.0 & PCIe® 4.0,20.0,125.0,high
cpu_085,CPU,CPU Intel Core i7-13700KF (16 nhân 24 luồng - Boost tối đa 5.4 GHz - 30MB - 1700),10490000,https://phongvu.vn/cpu-intel-core-i7-13700kf-16-nhan-24-luong-boost-toi-da-5-4-ghz-30mb-1700--s221000498,Intel,36 tháng,Intel,,Core i7,Intel Core thế hệ thứ 13,Intel® Core™ i7-13700KF,"Quý 4, 2022",16,24,- Tần số Turbo tối đa 5.4 GHz - - Tốc độ Turbo tối đa của P-core 5.3 GHz - - Tốc độ Turbo tối đa của E-core 4.2 GHz - - Tốc độ cơ bản của P-core 3.4 GHz - - Tốc độ cơ bản của E-core 2.5 GHz,125.0,100°C,30MB,LGA1700,- DDR5 up to 5600 MT/s - DDR4 up to 3200 MT/s,,PCIe® 5.0 & PCIe® 4.0,20.0,125.0,high
cpu_086,CPU,CPU Intel Core i5-13600KF (14 nhân 20 luồng - Boost tối đa 5.1 GHz - 24MB - 1700),7729000,https://phongvu.vn/cpu-intel-core-i5-13600kf-14-nhan-20-luong-boost-toi-da-5-1-ghz-24mb-1700--s221000496,Intel,36 tháng,Intel,,Core i5,Intel Core thế hệ thứ 13,Intel® Core™ i5-13600KF,"Quý 4, 2022",14,20,- Tần số Turbo tối đa 5.1 GHz - - Tốc độ Turbo tối đa của P-core 5.10 GHz - - Tốc độ Turbo tối đa của E-core 3.9 GHz - - Tốc độ cơ bản của P-core 3.5 GHz - - Tốc độ cơ bản của E-core 2.6 GHz,125.0,100°C,24MB,LGA1700,- DDR5 up to 5600 MT/s - DDR4 up to 3200 MT/s,,PCIe® 5.0 & PCIe® 4.0,20.0,125.0,mid
cpu_087,CPU,CPU AMD Ryzen 7 7700X (8 nhân 16 luồng - Boost to 5.4 GHz - 32MB - AM5),9790000,https://phongvu.vn/cpu-amd-ryzen-7-7700x-4-5ghz-boost-to-5-4ghz--s220919569,AMD,36 tháng,AMD,"Gaming, Văn phòng, Đồ họa - Kỹ thuật, Doanh nghiệp, Học sinh - Sinh viên",Ryzen 7,AMD Ryzen thế hệ thứ 7,AMD Ryzen™ 7 7700X,27/09/2022,8,16,- Xung nhịp cơ bản: 4.5GHz - - Xung nhịp tối đa lên tới: 5.4GHz,105.0,95°C,32MB,AM5,- DDR5 up to 5200 MT/s,AMD Radeon™ Graphics,,,105.0,high
cpu_088,CPU,CPU AMD Ryzen 9 7900X (12 nhân 24 luồng - Boost to 5.6 GHz - 64MB - AM5),11290000,https://phongvu.vn/cpu-amd-ryzen-9-7900x-4-7ghz-boost-to-5-6ghz--s220919568,AMD,36 tháng,AMD,"Gaming, Văn phòng, Đồ họa - Kỹ thuật, Doanh nghiệp, Học sinh - Sinh viên",Ryzen 9,AMD Ryzen thế hệ thứ 7,AMD Ryzen™ 9 7900X,27/09/2022,12,24,- Xung nhịp cơ bản: 4.7GHz - - Xung nhịp tối đa lên tới: 5.6GHz,170.0,95°C,64MB,AM5,- DDR5 up to 5200 MT/s,AMD Radeon™ Graphics,,,170.0,high
cpu_089,CPU,CPU AMD Ryzen 9 7950X (16 nhân 32 luồng - Boost to 5.7 GHz - 64MB - AM5),20990000,https://phongvu.vn/cpu-amd-ryzen-9-7950x-4-5ghz-boost-to-5-7ghz--s220919567,AMD,36 tháng,AMD,"Gaming, Văn phòng, Đồ họa - Kỹ thuật, Doanh nghiệp, Học sinh - Sinh viên",Ryzen 9,AMD Ryzen thế hệ thứ 7,AMD Ryzen™ 9 7950X,27/09/2022,16,32,- Xung nhịp cơ bản: 4.5GHz - - Xung nhịp tối đa lên tới: 5.7 GHz,170.0,95°C,64MB,AM5,- DDR5 up to 5200 MT/s,AMD Radeon™ Graphics,,,170.0,extreme
cpu_090,CPU,CPU AMD RYZEN™ Threadripper pro 5975WX (32 Core/64 Threads - 3.6 GHz Boost to 4.5 GHz - 128MB Cache - sWRX8),97990000,https://phongvu.vn/cpu-amd-ryzen-threadripper-pro-5975wx-3-6-ghz-boost-to-4-5-ghz--s220802537,AMD,36 tháng,AMD,"Gaming, Văn phòng, Đồ họa - Kỹ thuật, Doanh nghiệp, Học sinh - Sinh viên",Ryzen Threadripper,AMD Threadripper,AMD Ryzen™ Threadripper pro 5975WX,08/03/2022,32,64,- Xung nhịp cơ bản: 3.6GHz - - Xung nhịp tối đa lên tới: 4.5 GHz,280.0,95°C,128MB,sWRX8,- DDR4 up to 3200 MT/s,,PCIe® 4.0,,280.0,extreme
cpu_091,CPU,CPU AMD RYZEN™ Threadripper pro 5965WX (24 Core/48 Threads - 3.8 GHz Boost to 4.5 GHz - 128MB Cache - sWRX8),65259000,https://phongvu.vn/cpu-amd-ryzen-threadripper-pro-5965wx-3-8-ghz-boost-to-4-5-ghz--s220801966,AMD,36 tháng,AMD,"Gaming, Văn phòng, Đồ họa - Kỹ thuật, Doanh nghiệp, Học sinh - Sinh viên",Ryzen Threadripper,AMD Threadripper,AMD Ryzen™ Threadripper pro 5965WX,08/03/2022,24,48,- Xung nhịp cơ bản: 3.8GHz - - Xung nhịp tối đa lên tới: 4.5GHz,280.0,95°C,128MB,sWRX8,- DDR4 up to 3200 MT/s,,PCIe® 4.0,,280.0,extreme
cpu_092,CPU,CPU AMD RYZEN™ Threadripper pro 5995WX (64 Core/128 Threads - 2.7 GHz Boost to 4.5 GHz - 256MB Cache - sWRX8),177909000,https://phongvu.vn/cpu-amd-ryzen-threadripper-pro-5995wx-2-7-ghz-boost-to-4-5-ghz--s220801965,AMD,36 tháng,AMD,"Gaming, Văn phòng, Đồ họa - Kỹ thuật, Doanh nghiệp, Học sinh - Sinh viên",Ryzen Threadripper,AMD Threadripper,AMD Ryzen™ Threadripper pro 5995WX,08/03/2022,64,128,- Xung nhịp cơ bản: 2.7GHz - - Xung nhịp tối đa lên tới: 4.5GHz,280.0,95°C,256MB,sWRX8,- DDR4 up to 3200 MT/s,,PCIe® 4.0,,280.0,extreme
cpu_093,CPU,CPU AMD RYZEN™ 5 3400G (4 Core/8 Threads - 3.7GHz Boost to 4.2GHz - 4MB Cache - AM4),2190000,https://phongvu.vn/cpu-amd-ryzen-5-3400g-3-7ghz-boost-to-4-2ghz--s220800030,AMD,36 tháng,AMD,"Gaming, Văn phòng, Đồ họa - Kỹ thuật, Doanh nghiệp, Học sinh - Sinh viên",Ryzen 5,AMD Ryzen thế hệ thứ 3,AMD Ryzen™ 5 3400G,07/07/2019,4,8,- Xung nhịp cơ bản: 3.7GHz - - Xung nhịp tối đa lên tới: 4.2GHz,65.0,95°C,4MB,AM4,- DDR4 up to 2933 MT/s,AMD Radeon™ RX Vega 11 Graphics,PCIe® 3.0,,65.0,budget
cpu_094,CPU,CPU AMD RYZEN™ 5 5500 (6 Core/12 Threads - 3.6 GHz Boost to 4.2 GHz - 16MB Cache - AM4),2649000,https://phongvu.vn/cpu-amd-ryzen-5-5500-3-6-ghz-boost-to-4-2-ghz--s220800024,AMD,36 tháng,AMD,"Gaming, Văn phòng, Đồ họa - Kỹ thuật, Doanh nghiệp, Học sinh - Sinh viên",Ryzen 5,AMD Ryzen thế hệ thứ 5,AMD Ryzen™ 5 5500,04/04/2022,6,12,- Xung nhịp cơ bản: 3.6GHz - - Xung nhịp tối đa lên tới: 4.2 GHz,65.0,90°C,16MB,AM4,- DDR4 up to 3200 MT/s,,PCIe® 3.0,,65.0,budget
cpu_095,CPU,CPU AMD RYZEN™ 5 5600 (6 Core/12 Threads - 3.5 GHz Boost to 4.4 GHz - 32MB Cache - AM4),3729000,https://phongvu.vn/cpu-amd-ryzen-5-5600-3-5-ghz-boost-to-4-4-ghz--s220800023,AMD,36 tháng,AMD,"Gaming, Văn phòng, Đồ họa - Kỹ thuật, Doanh nghiệp, Học sinh - Sinh viên",Ryzen 5,AMD Ryzen thế hệ thứ 5,AMD Ryzen™ 5 5600,04/04/2022,6,12,- Xung nhịp cơ bản: 3.5GHz - - Xung nhịp tối đa lên tới: 4.4GHz,65.0,90°C,32MB,AM4,- DDR4 up to 3200 MT/s,,PCIe® 4.0,,65.0,mid
cpu_096,CPU,CPU AMD RYZEN™ 3 4100 BOX (4 Core/8 Threads - 3.8 GHz Boost to 4.0 GHz - 4MB Cache - AM4),1990000,https://phongvu.vn/cpu-amd-ryzen-3-4100-box-3-8-ghz-boost-to-4-0-ghz--s220800022,AMD,36 tháng,AMD,"Gaming, Văn phòng, Đồ họa - Kỹ thuật, Doanh nghiệp, Học sinh - Sinh viên",Ryzen 3,AMD Ryzen thế hệ thứ 4,AMD Ryzen™ 3 4100 BOX,04/04/2022,4,8,- Xung nhịp cơ bản: 3.8GHz - - Xung nhịp tối đa lên tới: 4.0GHz,65.0,95°C,4MB,AM4,- DDR4 up to 3200 MT/s,,PCIe® 3.0,,65.0,budget
cpu_097,CPU,CPU AMD RYZEN™ 5 4500 (6 Core/12 Threads - 3.6 GHz Boost to 4.1 GHz - 8MB Cache - AM4),2249000,https://phongvu.vn/cpu-amd-ryzen-5-4500-3-6-ghz-boost-to-4-1-ghz--s220800021,AMD,36 tháng,AMD,"Gaming, Văn phòng, Đồ họa - Kỹ thuật, Doanh nghiệp, Học sinh - Sinh viên",Ryzen 5,AMD Ryzen thế hệ thứ 4,AMD Ryzen™ 5 4500,06/01/2020,6,12,- Xung nhịp cơ bản: 2.3GHz - - Xung nhịp tối đa lên tới: 4.0 GHz,10.0,105°C,8MB,AM4,- DDR4 up to 4266 MT/s,AMD Radeon™ Graphics,PCIe® 3.0,,10.0,budget
cpu_098,CPU,CPU AMD RYZEN™ 7 5700X (8 Core/16 Threads - 3.4GHz Boost to 4.6GHz - 32MB Cache - AM4),6090000,https://phongvu.vn/cpu-amd-ryzen-7-5700x-3-4ghz-boost-to-4-6ghz--s220800020,AMD,36 tháng,AMD,"Gaming, Văn phòng, Đồ họa - Kỹ thuật, Doanh nghiệp, Học sinh - Sinh viên",Ryzen 7,AMD Ryzen thế hệ thứ 5,AMD Ryzen™ 7 5700X,04/04/2022,8,16,- Xung nhịp cơ bản: 4.6GHz - - Xung nhịp tối đa lên tới: 3.4 GHz,65.0,90°C,32MB,AM4,- DDR4 up to 3200 MT/s,,PCIe® 4.0,,65.0,mid
cpu_099,CPU,CPU AMD RYZEN™ 7 5800X3D (8 Core/16 Threads - 3.4GHz Boost to 4.5GHz - 96MB Cache - AM4),9559000,https://phongvu.vn/cpu-amd-ryzen-7-5800x3d-3-4ghz-boost-to-4-5ghz--s220800019,AMD,36 tháng,AMD,"Gaming, Văn phòng, Đồ họa - Kỹ thuật, Doanh nghiệp, Học sinh - Sinh viên",Ryzen 7,AMD Ryzen thế hệ thứ 5,AMD Ryzen™ 7 5800X3D,11/05/2020,8,16,- Xung nhịp cơ bản: 3.4GHz - - Xung nhịp tối đa lên tới: 4.5 GHz,105.0,90°C,96MB,AM4,- DDR4 up to 3200 MT/s,,PCIe® 4.0,,105.0,high
cpu_100,CPU,CPU Intel Core i9 12900 (16 nhân 24 luồng - Boost tối đa 5.1 GHz - 30MB - 1700),10999000,https://phongvu.vn/cpu-intel-core-i9-12900-16-nhan-24-luong-boost-toi-da-5-1-ghz-30mb-1700--s211208138,Intel,36 tháng,Intel,,Core i9,Intel Core thế hệ thứ 12,Intel® Core™ i9-12900,"Quý 1, 2022",16,24,- Tần số Turbo tối đa 5.1 GHz - - Tốc độ Turbo tối đa của P-core 5.0 GHz - - Tốc độ Turbo tối đa của E-core 3.8 GHz - - Tốc độ cơ bản của P-core 2.4 GHz - - Tốc độ cơ bản của E-core 1.8 GHz,65.0,100°C,30MB,LGA1700,- DDR5 up to 4800 MT/s - DDR4 up to 3200 MT/s,,PCIe® 5.0 & PCIe® 4.0,20.0,65.0,high
cpu_101,CPU,CPU Intel Core i9 13900F (16 nhân 24 luồng - Boost tối đa 5.1 GHz - 30MB - 1700),10499000,https://phongvu.vn/cpu-intel-core-i9-13900f-16-nhan-24-luong-boost-toi-da-5-1-ghz-30mb-1700--s211208137,Intel,36 tháng,Intel,,Core i9,Intel Core thế hệ thứ 12,Intel® Core™ i9-12900F,"Quý 1, 2022",16,24,- Tần số Turbo tối đa 5.1 GHz - - Tốc độ Turbo tối đa của P-core 5.0 GHz - - Tốc độ Turbo tối đa của E-core 3.8 GHz - - Tốc độ cơ bản của P-core 2.4 GHz - - Tốc độ cơ bản của E-core 1.8 GHz,65.0,100°C,30MB,LGA1700,- DDR5 up to 4800 MT/s - DDR4 up to 3200 MT/s,,PCIe® 5.0 & PCIe® 4.0,20.0,65.0,high
cpu_102,CPU,CPU Intel Core i7-12700F (12 nhân 20 luồng - Boost tối đa 4.9 GHz - 25MB - 1700),8390000,https://phongvu.vn/cpu-intel-core-i7-12700f-12-nhan-20-luong-boost-toi-da-4-9-ghz-25mb-1700--s211208135,Intel,36 tháng,Intel,"Gaming, Văn phòng, Đồ họa - Kỹ thuật, Doanh nghiệp, Học sinh - Sinh viên",Core i7,Intel Core thế hệ thứ 12,Intel® Core™ i7-12700F,"Quý 1, 2022",12,20,- Tần số Turbo tối đa 4.9 GHz - - Tốc độ Turbo tối đa của P-core 4.8 GHz - - Tốc độ Turbo tối đa của E-core 3.6 GHz - - Tốc độ cơ bản của P-core 2.1 GHz - - Tốc độ cơ bản của E-core 1.6 GHz,65.0,100°C,25MB,LGA1700,- DDR5 up to 4800 MT/s - DDR4 up to 3200 MT/s,,PCIe® 5.0 & PCIe® 4.0,20.0,65.0,high
cpu_103,CPU,CPU Intel Core i3 12100 (4 nhân 8 luồng - Boost tối đa 4.3 GHz - 12MB - 1700),4590000,https://phongvu.vn/cpu-intel-core-i3-12100-4-nhan-8-luong-boost-toi-da-4-3-ghz-12mb-1700--s211208128,Intel,36 tháng,Intel,"Gaming, Văn phòng, Đồ họa - Kỹ thuật, Doanh nghiệp, Học sinh - Sinh viên",Core i3,Intel Core thế hệ thứ 12,Intel® Core™ i3-12100,"Quý 1, 2022",4,8,- Tần số Turbo tối đa 4.3 GHz - - Tốc độ Turbo tối đa của P-core 4.3 GHz - - Tốc độ cơ bản của P-core 3.3 GHz,60.0,100°C,12MB,LGA1700,- Hỗ trợ tối đa: 128 GB -DDR5 up to 4800 MT/s - DDR4 up to 3200 MT/s,Intel® UHD Graphics 730,PCIe® 5.0 & PCIe® 4.0,20.0,60.0,mid
cpu_104,CPU,Bộ vi xử lý/ CPU Intel Pentium G7400 (2 Cores 4 Threads 3.7 GHz Alder Lake 12th Gen LGA 1700),3090000,https://phongvu.vn/bo-vi-xu-ly-cpu-intel-pentium-g7400-2-cores-4-threads-3-7-ghz-alder-lake-12th-gen-lga-1700--s211208126,Intel,36 tháng,Intel,"Gaming, Văn phòng, Đồ họa - Kỹ thuật, Doanh nghiệp, Học sinh - Sinh viên",Pentium,Intel Pentium G,Intel® Pentium® Gold G7400,"Quý 1, 2022",2,4,- Tần số Cơ sở của P-core: 3.70 GHz,46.0,100°C,6MB,LGA1700,- DDR5 up to 4800 MT/s - DDR4 up to 3200 MT/s,,PCIe® 5.0 & PCIe® 4.0,20.0,46.0,mid
cpu_105,CPU,CPU Intel Core i9-12900K (16 nhân 24 luồng - Boost tối đa 5.2 GHz - 30MB - 1700),13290000,https://phongvu.vn/cpu-intel-core-i9-12900k-16-nhan-24-luong-boost-toi-da-5-2-ghz-30mb-1700--s211012373,Intel,36 tháng,Intel,"Gaming, Văn phòng, Đồ họa - Kỹ thuật, Doanh nghiệp, Học sinh - Sinh viên",Core i9,Intel Core thế hệ thứ 12,Intel® Core™ i9-12900K,"Quý 4, 2021",16,24,- Tần số Turbo tối đa 5.2 GHz - - Tốc độ Turbo tối đa của P-core 5.1 GHz - - Tốc độ Turbo tối đa của E-core 3.9 GHz - - Tốc độ cơ bản của P-core 3.2 GHz - - Tốc độ cơ bản của E-core 2.4 GHz,125.0,100°C,30MB,LGA1700,- DDR5 up to 4800 MT/s - DDR4 up to 3200 MT/s,Intel® UHD Graphics 770,PCIe® 5.0 & PCIe® 4.0,20.0,125.0,high
cpu_106,CPU,CPU Intel Core i7-12700K (12 nhân 20 luồng - Boost tối đa 5.0 GHz - 25MB - 1700),9490000,https://phongvu.vn/cpu-intel-core-i7-12700k-12-nhan-20-luong-boost-toi-da-5-0-ghz-25mb-1700--s211012372,Intel,36 tháng,Intel,,Core i7,Intel Core thế hệ thứ 12,Intel® Core™ i7-12700K,"Quý 4, 2021",12,20,- Tần số Turbo tối đa 5.0 GHz - - Tốc độ Turbo tối đa của P-core 4.9 GHz - - Tốc độ Turbo tối đa của E-core 3.8 GHz - - Tốc độ cơ bản của P-core 3.6 GHz - - Tốc độ cơ bản của E-core 2.7 GHz,125.0,100°C,25MB,LGA1700,- Hỗ trợ tối đa: 128 GB -DDR5 up to 4800 MT/s - DDR4 up to 3200 MT/s,Intel® UHD Graphics 770,PCIe® 5.0 & PCIe® 4.0,20.0,125.0,high
cpu_107,CPU,"Bộ vi xử lý/ CPU Intel Core i7-11700F 2.50 Up to 4.90GHz, 16M, 8 Cores 16 Threads (BX8070811700FSRKNR)",6299000,https://phongvu.vn/bo-vi-xu-ly-cpu-intel-core-i7-11700f-2-50-up-to-4-90ghz-16m-8-cores-16-threads-bx8070811700fsrknr--s211007831,Intel,36 tháng,Intel,"Gaming, Văn phòng, Đồ họa - Kỹ thuật, Doanh nghiệp, Học sinh - Sinh viên",Core i7,Intel Core thế hệ thứ 11,Intel® Core™ i7-11700F,"Quý 1, 2021",8,16,- Tần số Turbo tối đa 4.9 GHz - - Tần số cơ bản của bộ xử lý 2.5 GHz,65.0,100°C,16MB,LGA1200,- DDR4 up to 3200 MT/s,,PCIe® 4.0,20.0,65.0,mid
cpu_108,CPU,CPU AMD RYZEN™ 5 5600G (6 Core/12 Threads - 3.9 GHz Boost to 4.4 GHz - 3MB Cache - AM4),4290000,https://phongvu.vn/cpu-amd-ryzen-5-5600g-3-9-ghz-boost-to-4-4-ghz--s210800165,AMD,36 tháng,AMD,"Gaming, Văn phòng, Đồ họa - Kỹ thuật, Doanh nghiệp, Học sinh - Sinh viên",Ryzen 5,AMD Ryzen thế hệ thứ 5,AMD Ryzen™ 5 5600G,13/04/2021,6,12,- Xung nhịp cơ bản: 3.9GHz - - Xung nhịp tối đa lên tới: 4.4 GHz,45.0,95°C,3MB,AM4,- DDR4 up to 3200 MT/s,AMD Radeon Vega 7,,,45.0,mid
cpu_109,CPU,CPU AMD RYZEN™ 7 5700G (8 Core/16 Threads - 3.8 GHz Boost to 4.6 GHz - 4MB Cache - AM4),6090000,https://phongvu.vn/cpu-amd-ryzen-7-5700g-3-8-ghz-boost-to-4-6-ghz--s210800164,AMD,36 tháng,AMD,,Ryzen 7,AMD Ryzen thế hệ thứ 5,AMD Ryzen™ 7 5700G,13/04/2021,8,16,- Xung nhịp cơ bản: 3.8GHz - - Xung nhịp tối đa lên tới: 4.6GHz,65.0,95°C,4MB,AM4,- DDR4 up to 3200 MT/s,AMD Radeon™ Graphics,,,65.0,mid
cpu_110,CPU,Bộ vi xử lý/ CPU Intel Core i9-11900K (8 Cores 16 Threads up to 5.3 GHz 11th Gen LGA 1200),11599000,https://phongvu.vn/bo-vi-xu-ly-cpu-intel-core-i9-11900k-8-cores-16-threads-up-to-5-3-ghz-11th-gen-lga-1200--s210300864,Intel,36 tháng,Intel,"Gaming, Văn phòng, Đồ họa - Kỹ thuật, Doanh nghiệp, Học sinh - Sinh viên",Core i9,Intel Core thế hệ thứ 11,Intel® Core™ i9-11900K,"Quý 1, 2021",8,16,- Tần số Turbo tối đa 5.3 GHz - - Tần số Intel® Thermal Velocity Boost 5.3 GHz - - Tần Số Công Nghệ Intel® Turbo Boost Max 3.0: 5.2GHz - - Tần số Công nghệ Intel® Turbo Boost 2.0: 5.1 GHz - - Tần số cơ sở của bộ xử lý 3.5 GHz,125.0,100°C,16MB,LGA1200,- DDR4 up to 3200 MT/s,Intel® UHD Graphics 750,PCIe® 4.0,,125.0,high
cpu_111,CPU,Bộ vi xử lý/ CPU Intel Pentium Gold G6405 (2 Cores 4 Threads 4.1 GHz 11th Gen LGA 1200),2590000,https://phongvu.vn/cpu-intel-pentium-gold-g6405--s210300857,Intel,36 tháng,Intel,"Gaming, Văn phòng, Đồ họa - Kỹ thuật, Doanh nghiệp, Học sinh - Sinh viên",Pentium,Intel Pentium Gold,Intel® Pentium® Gold G6405,"Quý 1, 2021",2,4,- Tần số cơ sở của bộ xử lý 4.10 GHz,58.0,100°C,4MB,LGA1200,- DDR4 up to 2666 MT/s,Intel® UHD Graphics 610,PCIe® 3.0,16.0,58.0,budget
cpu_112,CPU,CPU AMD RYZEN™ 7 5800X (8 Core/16 Threads - 3.80 GHz Boost to 4.70 GHz - 32MB Cache - AM4),6300000,https://phongvu.vn/cpu-amd-ryzen-7-5800x-3-80-ghz-boost-to-4-70-ghz--s201100013,AMD,36 tháng,AMD,"Gaming, Văn phòng, Đồ họa - Kỹ thuật, Doanh nghiệp, Học sinh - Sinh viên",Ryzen 7,AMD Ryzen thế hệ thứ 5,AMD Ryzen™ 7 5800X,11/05/2020,8,16,- Xung nhịp cơ bản: 3.8GHz - - Xung nhịp tối đa lên tới: 4.7 GHz,105.0,90°C,32MB,AM4,- DDR4 up to 3200 MT/s,,PCIe® 4.0,,105.0,mid
cpu_113,CPU,CPU AMD RYZEN™ 9 5900X (12 Core/24 Threads - 3.70 GHz Boost to 4.80 GHz - 64MB Cache - AM4),8600000,https://phongvu.vn/cpu-amd-ryzen-9-5900x-3-70-ghz-boost-to-4-80-ghz--s201100012,AMD,36 tháng,AMD,"Gaming, Văn phòng, Đồ họa - Kỹ thuật, Doanh nghiệp, Học sinh - Sinh viên",Ryzen 9,AMD Ryzen thế hệ thứ 5,AMD Ryzen™ 9 5900X,05/11/2020,12,24,- Xung nhịp cơ bản: 3.7GHz - - Xung nhịp tối đa lên tới: 4.8GHz,105.0,95°C,64MB,AM4,- DDR4 up to 3200 MT/s,,,,105.0,high
cpu_114,CPU,CPU AMD Ryzen 9 5950X (16 nhân 32 luồng - Boost to 4.9 GHz - 64MB - AM4),10600000,https://phongvu.vn/cpu-amd-ryzen-9-5950x-3-40-ghz-boost-to-4-90-ghz--s201100011,AMD,36 tháng,AMD,,Ryzen 9,AMD Ryzen thế hệ thứ 5,AMD Ryzen™ 9 5950X,11/05/2020,16,32,- Xung nhịp cơ bản: 3.4GHz - - Xung nhịp tối đa lên tới: 4.9 GHz,105.0,90°C,64MB,AM4,- DDR4 up to 3200 MT/s,,PCIe® 4.0,,105.0,high
cpu_115,CPU,Bộ vi xử lý/ CPU Intel Comet Lake Core i3-10100 (4 Cores 8 Threads up to 4.30 GHz 10th Gen LGA 1200),2949000,https://phongvu.vn/bo-vi-xu-ly-cpu-intel-comet-lake-core-i310100-4-cores-8-threads-up-to-430-ghz-10th-gen-lga-1200--s200500953,Intel,36 tháng,Intel,,Core i3,Intel Core thế hệ thứ 10,Intel® Core™ i3-10100,"Quý 2, 2020",4,8,- Tần số Turbo tối đa 4.3 GHz - - Tần số cơ bản của bộ xử lý 3.6 GHz,65.0,100°C,6MB,LGA1200,- DDR4 up to 2666 MT/s,Intel® UHD Graphics 630,PCIe® 3.0,16.0,65.0,budget
cpu_116,CPU,CPU Intel® Core™ i5-10400 Comet Lake (2.90 GHz up to 4.30 GHz/6 Nhân 12 Luồng/12MB/LGA1200),4790000,https://phongvu.vn/cpu-intel-core-i5-10400-comet-lake--s200500549,Intel,36 tháng,Intel,"Gaming, Văn phòng, Đồ họa - Kỹ thuật, Doanh nghiệp, Học sinh - Sinh viên",Core i5,Intel Core thế hệ thứ 10,Intel® Core™ i5-10400,"Quý 2, 2020",6,12,- Tần số Turbo tối đa 4.3 GHz - - Tần số cơ bản của bộ xử lý 2.9 GHz,65.0,100°C,12MB,LGA1200,- DDR4 up to 2666 MT/s,Intel® UHD Graphics 630,PCIe® 3.0,16.0,65.0,mid
cpu_117,CPU,"Bộ vi xử lý/ CPU Intel Core Ultra 5 250KF Plus, 4.2 GHz, 30MB BX80768250KF S A4V3",6590000,https://phongvu.vn/cpu-intel-core-ultra-5-250kf-plus--s260305652,Intel,36 tháng,Intel,"Gaming, Văn phòng",Ultra 5,Intel Core Ultra series 2,Intel® Core™ Ultra 5-250KF Plus,Q1'26,18,18,4.2 GHz - 5.3 GHz,159.0,105°C,30MB,LGA1851,Up To DDR5 7200 MT/s,,PCIe® 5.0 & PCIe® 4.0,24.0,159.0,mid
cpu_118,CPU,"Bộ vi xử lý/ CPU Intel Core Ultra 5 250K Plus, 4.2 GHz, 30MB BX80768250K S A4UZ",6990000,https://phongvu.vn/cpu-intel-core-ultra-5-250k-plus--s260305644,Intel,36 tháng,Intel,"Gaming, Văn phòng",Ultra 5,Intel Core Ultra series 2,Intel® Core™ Ultra 5-250K Plus,Q1'26,18,18,4.2 GHz - 5.3 GHz,159.0,105°C,30MB,LGA1851,Up To DDR5 7200 MT/s,Intel® Graphics,PCIe® 5.0 & PCIe® 4.0,24.0,159.0,mid
cpu_119,CPU,Bộ vi xử lý/ CPU AMD Ryzen 5 7500X3D TRAY (Không box),7149000,https://phongvu.vn/bo-vi-xu-ly-cpu-amd-ryzen-5-7500x3d-tray-khong-box--s260202513,AMD,36 tháng,AMD,Văn phòng,Ryzen 5,AMD Ryzen thế hệ thứ 7,Ryzen™ 5 7500X3D,11/12/2025,6,12,4 GHz - 4.5 GHz,65.0,89°C,96MB,AM5,DDR5,AMD Radeon™ Graphics,PCIe® 5.0,28.0,65.0,mid
cpu_120,CPU,Bộ vi xử lý/ CPU AMD Ryzen Threadripper PRO 9995WX (100-100001361WOF),419000000,https://phongvu.vn/bo-vi-xu-ly-cpu-amd-ryzen-threadripper-pro-9995wx-100-100001361wof--s250803213,AMD,36 tháng,AMD,"Văn phòng, Gaming",Ryzen Threadripper,Ryzen Threadripper PRO 9000 WX,AMD Ryzen™ Threadripper™ PRO 9995WX,,96,192,2.5 GHz - 5.4 GHz,350.0,95°C,384MB,sTR5,- DDR5 up to 6400 MT/s,,PCIe® 5.0,148.0,350.0,extreme
cpu_121,CPU,Bộ vi xử lý/ CPU AMD Ryzen Threadripper PRO 9985WX (100-100000722WOZ),299000000,https://phongvu.vn/bo-vi-xu-ly-cpu-amd-ryzen-threadripper-pro-9985wx-100-100000722woz--s250803199,AMD,36 tháng,AMD,"Gaming, Văn phòng",Ryzen Threadripper,Ryzen Threadripper PRO 9000 WX,AMD Ryzen™ Threadripper™ PRO 9985WX,,64,128,3.2 GHz - 5.4 GHz,350.0,95°C,256MB,sTR5,DDR5 Up to 6400 MT/s,,PCIe® 5.0,148.0,350.0,extreme
cpu_122,CPU,Bộ vi xử lý/ CPU AMD Ryzen Threadripper PRO 9955WX (100-100000725WOF),59900000,https://phongvu.vn/bo-vi-xu-ly-cpu-amd-ryzen-threadripper-pro-9955wx-100-100000725wof--s250803193,AMD,36 tháng,AMD,"Gaming, Văn phòng",Ryzen Threadripper,Ryzen Threadripper PRO 9000 WX,AMD Ryzen™ Threadripper™ PRO 9955WX,31/07/2025,16,32,4.5GHz - 5.4GHz,350.0,95°C,64MB,sTR5,DDR5,,PCIe® 5.0,148.0,350.0,extreme
cpu_123,CPU,Bộ vi xử lý/ CPU AMD Ryzen Threadripper 9960X (100-100001595WOF),55900000,https://phongvu.vn/bo-vi-xu-ly-cpu-amd-ryzen-threadripper-9960x-100-100001595wof--s250803186,AMD,36 tháng,AMD,"Gaming, Văn phòng",Ryzen Threadripper,AMD Ryzen thế hệ thứ 9,AMD Ryzen™ Threadripper™ 9960X,,24,48,4.2 GHz - 5.4 GHz,350.0,95°C,128MB,sTR5,DDR5 Up to 6400 MT/s,,PCIe® 5.0,92.0,350.0,extreme
cpu_124,CPU,Bộ vi xử lý/ CPU AMD Ryzen Threadripper PRO 9965WX (24C-48T | Up to 5.4GHz | 152MB | Non-iGPU | sTR5),105900000,https://phongvu.vn/bo-vi-xu-ly-cpu-amd-ryzen-threadripper-pro-9965wx-100-100000724wof--s250803180,AMD,36 tháng,AMD,"Gaming, Văn phòng",Ryzen 9,Ryzen Threadripper PRO 9000 WX,AMD Ryzen™ Threadripper™ PRO 9965WX,31/07/2025,24,48,4.2GHz - 5.4GHz,350.0,95°C,128MB,sTR5,DDR5,,PCIe® 5.0,148.0,350.0,extreme
cpu_125,CPU,Bộ vi xử lý/ CPU AMD Ryzen Threadripper 9970X (100-100001594WOF),94900000,https://phongvu.vn/bo-vi-xu-ly-cpu-amd-ryzen-threadripper-9970x-100-100001594wof--s250803172,AMD,36 tháng,AMD,"Gaming, Văn phòng",Ryzen Threadripper,AMD Ryzen thế hệ thứ 9,AMD Ryzen™ Threadripper™ 9970X,31/07/2025,32,64,4.0GHz - 5.4GHz,350.0,95°C,128MB,sTR5,DDR5,,PCIe® 5.0,92.0,350.0,extreme
cpu_126,CPU,Bộ vi xử lý/ CPU AMD Ryzen Threadripper 9980X (100-100001593WOF),189000000,https://phongvu.vn/bo-vi-xu-ly-cpu-amd-ryzen-threadripper-9980x-100-100001593wof--s250803167,AMD,36 tháng,AMD,"Gaming, Văn phòng",Ryzen Threadripper,AMD Ryzen thế hệ thứ 9,AMD Ryzen™ Threadripper™ 9980X,,64,128,3.2 GHz - 5.4 GHz,350.0,95°C,256MB,sTR5,DDR5 Up to 6400 MT/s,,PCIe® 5.0,92.0,350.0,extreme
cpu_127,CPU,CPU Intel Core Ultra 9-285 (24 nhân 24 luồng - Boost tối đa 5.6 GHz - 36MB - 1851),16990000,https://phongvu.vn/cpu-intel-core-ultra-9-285--s250116204,Intel,36 tháng,Intel,Gaming,Ultra 9,Intel Core Ultra series 2,Intel® Core™ Ultra 9-285,"Quý 1, 2025",24,24,- Tần số Turbo tối đa 5.6 GHz - - Tốc độ Turbo tối đa của P-core 5.4 GHz - - Tốc độ Turbo tối đa của E-core 4.6 GHz - - Tốc độ cơ bản của P-core 2.5 GHz - - Tốc độ cơ bản của E-core 1.9 GHz,65.0,105°C,36MB,LGA1851,- Up to DDR5 6400 MT/s,,PCIe® 5.0 & PCIe® 4.0,24.0,65.0,extreme
cpu_128,CPU,CPU Intel Core Ultra 5-245 (14 nhân 14 luồng - Boost tối đa 5.1 GHz - 24MB - 1851),8190000,https://phongvu.vn/cpu-intel-core-ultra-5-245--s250116205,Intel,36 tháng,Intel,Gaming,Ultra 5,Intel Core Ultra series 2,Intel® Core™ Ultra 5-245,"Quý 1, 2025",14,14,- Tần số Turbo tối đa 5.1 GHz - - Tốc độ Turbo tối đa của P-core 5.1 GHz - - Tốc độ Turbo tối đa của E-core 4.5 GHz - - Tốc độ cơ bản của P-core 3.5 GHz - - Tốc độ cơ bản của E-core 3.0 GHz,65.0,105°C,24MB,LGA1851,- Up to DDR5 6400 MT/s,,PCIe® 5.0 & PCIe® 4.0,24.0,65.0,high
cpu_129,CPU,CPU Intel Core Ultra 7-265F (20 nhân 20 luồng - Boost tối đa 5.3 GHz - 30MB - 1851),10990000,https://phongvu.vn/cpu-intel-core-ultra-7-265f--s250116206,Intel,36 tháng,Intel,Gaming,Ultra 7,Intel Core Ultra series 2,Intel® Core™ Ultra 7-265F,"Quý 1, 2025",20,20,- Tần số Turbo tối đa 5.3 GHz - - Tốc độ Turbo tối đa của P-core 5.2 GHz - - Tốc độ Turbo tối đa của E-core 4.6 GHz - - Tốc độ cơ bản của P-core 2.4 GHz - - Tốc độ cơ bản của E-core 1.8 GHz,65.0,105°C,30MB,LGA1851,- Up to DDR5 6400 MT/s,,PCIe® 5.0 & PCIe® 4.0,24.0,65.0,high
cpu_130,CPU,CPU Intel Core Ultra 5-235 (14 nhân 14 luồng - Boost tối đa 5.0 GHz - 24MB - 1851),8690000,https://phongvu.vn/cpu-intel-core-ultra-5-235-14-nhan-14-luong-boost-toi-da-5-0-ghz-24mb-1851--s250116207,Intel,36 tháng,Intel,Gaming,Ultra 5,Intel Core Ultra series 2,Intel® Core™ Ultra 5-235,"Quý 1, 2025",14,14,- Tần số Turbo tối đa 5.0 GHz - - Tốc độ Turbo tối đa của P-core 5.0 GHz - - Tốc độ Turbo tối đa của E-core 4.4 GHz - - Tốc độ cơ bản của P-core 3.4 GHz - - Tốc độ cơ bản của E-core 2.9 GHz,65.0,105°C,24MB,LGA1851,- Up to DDR5 6400 MT/s,,PCIe® 5.0 & PCIe® 4.0,24.0,65.0,high
cpu_131,CPU,CPU AMD Ryzen 5 9600X (6 nhân 12 luồng - Boost to 5.4 GHz - 32MB - AM5),7900000,https://phongvu.vn/cpu-amd-ryzen-5-9600x-3-9-ghz-boost-to-5-4-ghz--s240803310,AMD,36 tháng,AMD,Gaming,Ryzen 5,AMD Ryzen thế hệ thứ 9,AMD Ryzen™ 5 9600X,08/08/2024,6,12,- Xung nhịp cơ bản: 3.9GHz - - Xung nhịp tối đa lên tới: 5.4 GHz,65.0,95°C,32MB,AM5,- DDR5 up to 5200 MT/s,AMD Radeon™ Graphics,,,65.0,mid
cpu_132,CPU,CPU AMD Ryzen 7 8700F (8 nhân 16 luồng - Boost to 5.0 GHz - 16MB - AM5),7890000,https://phongvu.vn/cpu-amd-ryzen-7-8700f-4-1ghz-boost-to-5-0ghz--s240602379,AMD,36 tháng,AMD,Gaming,Ryzen 7,AMD Ryzen thế hệ thứ 8,AMD Ryzen™ 7 8700F,19/05/2024,8,16,- Xung nhịp cơ bản: 4.1GHz - - Xung nhịp tối đa lên tới: 5.0 GHz,65.0,95°C,16MB,AM5,- DDR5 up to 5200 MT/s,,PCIe® 4.0,,65.0,mid
cpu_133,CPU,CPU AMD Ryzen 5 8400F (6 nhân 12 luồng - Boost to 4.7 GHz - 16MB - AM5),5190000,https://phongvu.vn/cpu-amd-ryzen-5-8400f-4-2ghz-boost-to-4-7ghz--s240602365,AMD,36 tháng,AMD,Gaming,Ryzen 5,AMD Ryzen thế hệ thứ 8,AMD Ryzen™ 5 8400F,19/05/2024,6,12,- Xung nhịp cơ bản: 4.2GHz - - Xung nhịp tối đa lên tới: 4.7 GHz,65.0,95°C,16MB,AM5,- DDR5 up to 6400 MT/s,,PCIe® 4.0,,65.0,mid
cpu_134,CPU,CPU Intel Core i9-14900KS (24 nhân 32 luồng - Boost tối đa 6.2 GHz - 36MB - 1700),18490000,https://phongvu.vn/cpu-intel-core-i9-14900ks-24-nhan-32-luong-boost-toi-da-6-2-ghz-36mb-1700--s240300696,Intel,36 tháng,Intel,"Gaming, Văn phòng, Đồ họa - Kỹ thuật, Doanh nghiệp, Học sinh - Sinh viên",Core i9,Intel Core thế hệ thứ 12,Intel® Core™ i9-14900KS,"Quý 1, 2024",24,32,- Tần số Turbo tối đa 6.2 GHz - - Tốc độ Turbo tối đa của P-core 5.7 GHz - - Tốc độ Turbo tối đa của E-core 4.5 GHz - - Tốc độ cơ bản của P-core 3.2 GHz - - Tốc độ cơ bản của E-core 2.4 GHz,150.0,100°C,36MB,FCLGA1700,- Hỗ trợ tối đa: 192 GB - DDR5 up to 5600 MT/s - DDR4 up to 3200 MT/s,Intel® UHD Graphics 770,PCIe® 5.0 & PCIe® 4.0,20.0,150.0,extreme
cpu_135,CPU,CPU AMD RYZEN™ 7 5700 (8 Core/16 Threads - 3.7 GHz Boost to 4.6 GHz - 20MB Cache - AM4),4800000,https://phongvu.vn/cpu-amd-ryzen-7-5700-3-7-ghz-boost-to-4-6-ghz--s240103591,AMD,36 tháng,AMD,Gaming,Ryzen 7,AMD Ryzen thế hệ thứ 5,AMD Ryzen™ 7 5700,30/01/2024,8,16,- Xung nhịp cơ bản: 3.7GHz - - Xung nhịp tối đa lên tới: 4.6 GHz,65.0,95°C,20MB,AM4,- 2x1R DDR4-3200 - 2x2R DDR4-3200 - 4x1R DDR4-2933 - 4x2R DDR4-2667,,PCIe® 3.0,,65.0,mid
cpu_136,CPU,CPU Intel Core i9-14900F (24 nhân 32 luồng - Boost to 5.8 GHz - 36MB - 1700),16490000,https://phongvu.vn/cpu-intel-core-i9-14900f--s231204446,Intel,36 tháng,Intel,"Gaming, Văn phòng, Đồ họa - Kỹ thuật, Doanh nghiệp, Học sinh - Sinh viên",Core i9,Intel Core thế hệ thứ 14,Intel® Core™ i9-14900F,"Quý 1, 2024",24,32,- Tần số Turbo tối đa 5.8 GHz - - Tốc độ Turbo tối đa của P-core 5.4 GHz - - Tốc độ Turbo tối đa của E-core 4.3 GHz - - Tốc độ cơ bản của P-core 2.0 GHz - - Tốc độ cơ bản của E-core 1.5 GHz,65.0,100°C,36MB,LGA1700,- Hỗ trợ tối đa: 192 GB - DDR5 up to 5600 MT/s - DDR4 up to 3200 MT/s,,PCIe® 5.0 & PCIe® 4.0,20.0,65.0,extreme
cpu_137,CPU,CPU AMD Ryzen Threadripper 7995WX (96 nhân 192 luồng - Boost to 5.1 GHz - 480MB - sTR5),288380000,https://phongvu.vn/cpu-amd-ryzen-threadripper-pro-7995wx-2-5ghz-boost-to-5-1ghz--s231103715,AMD,36 tháng,AMD,"Gaming, Văn phòng, Đồ họa - Kỹ thuật, Doanh nghiệp, Học sinh - Sinh viên",Ryzen Threadripper,AMD Ryzen thế hệ thứ 7,AMD Ryzen™ Threadripper Pro 7995WX,22/11/2023,96,192,- Xung nhịp cơ bản: 2.5GHz - - Xung nhịp tối đa lên tới: 5.1 GHz,350.0,95°C,480MB,sTR5,DDR5,,PCIe® 5.0,,350.0,extreme
cpu_138,CPU,CPU AMD Ryzen Threadripper 7985WX (64 nhân 128 luồng - Boost to 5.1 GHz - 320MB - sTR5),209179000,https://phongvu.vn/cpu-amd-ryzen-threadripper-pro-7985wx-3-2ghz-boost-to-5-1ghz--s231103714,AMD,36 tháng,AMD,"Gaming, Văn phòng, Đồ họa - Kỹ thuật, Doanh nghiệp, Học sinh - Sinh viên",Ryzen Threadripper,AMD Ryzen thế hệ thứ 7,AMD Ryzen™ Threadripper Pro 7985WX,22/11/2023,64,128,- Xung nhịp cơ bản: 3.2GHz - - Xung nhịp tối đa lên tới: 5.1 GHz,350.0,95°C,320MB,sTR5,DDR5,,PCIe® 5.0,,350.0,extreme
cpu_139,CPU,CPU AMD Ryzen Threadripper 7980X (64 nhân 128 luồng - Boost to 5.1 GHz - 320MB - sTR5),150390000,https://phongvu.vn/cpu-amd-ryzen-threadripper-7980x-3-2ghz-boost-to-5-1ghz--s231103711,AMD,36 tháng,AMD,"Gaming, Văn phòng, Đồ họa - Kỹ thuật, Doanh nghiệp, Học sinh - Sinh viên",Ryzen Threadripper,AMD Ryzen thế hệ thứ 7,AMD Ryzen™ Threadripper 7980X,22/11/2023,64,128,- Xung nhịp cơ bản: 3.2GHz - - Xung nhịp tối đa lên tới: 5.1 GHz,350.0,100°C,320MB,sTR5,DDR5,,PCIe® 5.0,,350.0,extreme
cpu_140,CPU,CPU AMD Ryzen Threadripper 7970X (32 nhân 64 luồng - Boost to 5.3 GHz - 160MB - sTR5),75290000,https://phongvu.vn/cpu-amd-ryzen-threadripper-7970x-4-0ghz-boost-to-5-3ghz--s231103710,AMD,36 tháng,AMD,"Gaming, Văn phòng, Đồ họa - Kỹ thuật, Doanh nghiệp, Học sinh - Sinh viên",Ryzen Threadripper,AMD Ryzen thế hệ thứ 7,AMD Ryzen™ Threadripper 7970X,22/11/2023,32,64,- Xung nhịp cơ bản: 4.0GHz - - Xung nhịp tối đa lên tới: 5.3 GHz,350.0,95°C,160MB,sTR5,DDR5,,PCIe® 5.0,,350.0,extreme
cpu_141,CPU,CPU AMD Ryzen Threadripper 7960X (24 nhân 48 luồng - Boost to 5.3 GHz - 152MB - sTR5),44990000,https://phongvu.vn/cpu-amd-ryzen-threadripper-7960x-4-2ghz-boost-to-5-3ghz--s231103637,AMD,36 tháng,AMD,"Gaming, Văn phòng, Đồ họa - Kỹ thuật, Doanh nghiệp, Học sinh - Sinh viên",Ryzen Threadripper,AMD Ryzen thế hệ thứ 7,AMD Ryzen™ Threadripper 7960X,22/11/2023,24,48,- Xung nhịp cơ bản: 4.2GHz - - Xung nhịp tối đa lên tới: 5.3 GHz,350.0,95°C,152MB,sTR5,DDR5,,PCIe® 5.0,92.0,350.0,extreme
cpu_142,CPU,CPU AMD RYZEN™ Threadripper pro 5955WX (16 Core/32 Threads - 4.0GHz Boost to 4.5GHz - 64MB Cache - sWRX8),35589000,https://phongvu.vn/cpu-amd-ryzen-threadripper-pro-5955wx-4-0ghz-boost-to-4-5ghz--s230603082,AMD,36 tháng,AMD,"Gaming, Văn phòng",Ryzen Threadripper,AMD Threadripper,AMD Ryzen™ Threadripper pro 5955WX,08/03/2022,16,32,- Xung nhịp cơ bản: 4.0GHz - - Xung nhịp tối đa lên tới: 4.5GHz,280.0,95°C,64MB,sWRX8,- DDR4 up to 3200 MT/s,,,,280.0,extreme
