ID,category,name,price,link,brand,warranty,type,Màu sắc của ổ cứng,Dung lượng,Kết nối,Tốc độ đọc,Hỗ trợ hệ điều hành,Kích thước,Tốc độ vòng quay,Tốc độ ghi,Bộ nhớ NAND,cache,warranty_desc
storage_001,Storage,"Ổ cứng di động HDD WD Black P10 Game Drive 5TB 130MB/s, USB 3.2, Camo (WDBZ7D0050BGN-WESN)",7890000,https://phongvu.vn/o-cung-di-dong-hdd-wd-black-p10-game-drive-5tb-130mb-s-usb-3-2-camo-wdbz7d0050bgn-wesn--s260400578,WD,36 tháng,HDD,Camo,5TB,USB 3.2,130MB/s,"Windows 10+, macOS 11+, PS5, PS4, Xbox",,,,,,
storage_002,Storage,"Ổ cứng di động SSD SanDisk FIFA World Cup 2026 Edition 1TB, 800MB/s, USB 3.2 gen 2 (SDSSDE30F-1T00-G25)",6890000,https://phongvu.vn/o-cung-gan-ngoai-sandisk-external-ssd-fifa-usb-1tb-external-drives-3y-sdssde30f-1t00-g25--s260303853,Sandisk,36 tháng,SSD,Xám,1TB,USB 3.2,800MB/s,"Windows 10+, macOS 10.13+",,,,,,
storage_003,Storage,"Ổ cứng di động HDD WD My Book Desktop Storage 3.5"" 26TB, USB-A, Đen (WDBBGB0260HBK-SESN)",31990000,https://phongvu.vn/o-cung-di-dong-hdd-wd-my-book-desktop-storage-3-5-26tb-usb-a-den-wdbbgb0260hbk-sesn--s260301678,WD,36 tháng,HDD,Đen,26TB,USB 3.2,,"Windows 10+, macOS 11+","3.5""",,,,,
storage_004,Storage,"Ổ cứng di động HDD WD Elements 3.5"" 26TB, USB-A, Đen (WDBBKG0260HBK-SESN)",28990000,https://phongvu.vn/o-cung-di-dong-hdd-wd-elements-3-5-26tb-usb-a-den-wdbbkg0260hbk-sesn--s260301643,WD,24 tháng,HDD,Đen,26TB,USB 3.2,,"Windows 10+, macOS","3.5""",,,,,
storage_005,Storage,Ổ cứng gắn trong/ HDD WD Ultrastar DC HA340 8TB 3.5″ SATA WUS721208BLE6L4,9990000,https://phongvu.vn/o-cung-gan-trong-hdd-wd-ultrastar-dc-ha340-8tb-3-5-sata-wus721208ble6l4--s260106644,WD,60 tháng,HDD,Đen,8TB,SATA,,,"3.5""",7200RPM,,,,
storage_006,Storage,Ổ cứng gắn trong/ SSD KIOXIA EXCERIA BASIC 1TB Gen4x4 R7200 W6500 NVMe LSF10Z001TG8,5790000,https://phongvu.vn/o-cung-gan-trong-ssd-kioxia-exceria-basic-1tb-gen4x4-r7200-w6500-nvme-lsf10z001tg8--s260102156,Kioxia,60 tháng,SSD,Xanh,1TB,M.2 NVMe,7200MB/s,,M.2 2280,,6600MB/s,,,
storage_007,Storage,Ổ cứng gắn trong/ SSD PATRIOT P320 512GB NVMe M.2 PCIe P320P512GM28,2790000,https://phongvu.vn/o-cung-gan-trong-ssd-patriot-p320-512gb-nvme-m-2-pcie-p320p512gm28--s260102057,Patriot,60 tháng,SSD,Đen,512GB,M.2 NVMe,3000MB/s,"Windows 7, Windows 8, Windows 8.1, Windows 10, Windows 11",M.2 2280,,2200MB/s,,,
storage_008,Storage,Ổ cứng gắn trong/ PATRIOT SSD P400 1TB V4 M.2 2280 PCIe Gen4 x4 P400VP1TBM28H,5690000,https://phongvu.vn/o-cung-gan-trong-patriot-ssd-p400-1tb-v4-m-2-2280-pcie-gen4-x4-p400vp1tbm28h--s251111509,Patriot,60 tháng,SSD,Đen,1TB,PCIe,6200MB/s,"Windows 7, Windows 8, Windows 8.1, Windows 10, Windows 11",M.2 2280,,5200MB/s,,,
storage_009,Storage,Ổ cứng gắn trong/ SSD PATRIOT P210 512GB 2.5'' SATA3 P210S512G25,2550000,https://phongvu.vn/o-cung-gan-trong-ssd-patriot-p210-512gb-2-5-sata3-p210s512g25--s251111510,Patriot,36 tháng,SSD,Đen,512GB,SATA 3,550MB/s,,"2.5""",,500MB/s,,,
storage_010,Storage,Ổ cứng gắn trong/ PATRIOT SSD P300 512GB NVMe M.2 PCIe P300P512GM28,2790000,https://phongvu.vn/o-cung-gan-trong-patriot-ssd-p300-512gb-nvme-m-2-pcie-p300p512gm28--s251111511,Patriot,60 tháng,SSD,Đen,512GB,M.2 NVMe,1700MB/s,"Windows 7, Windows 8, Windows 8.1, Windows 10",M.2,,1200MB/s,,,
storage_011,Storage,Ổ cứng di động SSD SanDisk Snoopy Portable Limited Edition E61 1TB 1000/1050MB/s (SDSSDE61-1T00-AP),5790000,https://phongvu.vn/o-cung-gan-ngoai-ssd-sandisk-1tb-snoopytm-portable-1000-1050mb-s-sdssde61-1t00-ap--s251107253,Sandisk,60 tháng,SSD,Snoopy,1TB,USB 3.2,1050MB/s,,,,1000MB/s,,,
storage_012,Storage,Ổ cứng gắn trong/ SSD WD SN3000 1TB NVMe Gen4x4 - Green (WDS100T5G0E),5990000,https://phongvu.vn/o-cung-gan-trong-ssd-wd-sn3000-1tb-nvme-gen4x4-green-wds100t5g0e--s251107200,WD,36 tháng,SSD,Xanh lá,1TB,M.2 NVMe,5000MB/s,,M.2 2280,,4200MB/s,,,
storage_013,Storage,"Ổ cứng gắn trong/ SSD ADATA 2.5"" SU650 SATA III 256G (ASU650SS-256GT-R)",1590000,https://phongvu.vn/o-cung-gan-trong-ssd-adata-2-5-su650-sata-iii-256g-asu650ss-256gt-r--s250911704,Adata,36 tháng,SSD,Đen,256GB,SATA,520MB/s,,"2.5""",,450MB/s,3D-NAND,,
storage_014,Storage,Ổ cứng gắn trong/ SSD ADATA LEGEND 860 NVMe PCIe Gen4 x4 M.2 2280 2TB (SLEG-860-2000GCS),12490000,https://phongvu.vn/o-cung-gan-trong-ssd-adata-legend-860-nvme-pcie-gen4-x4-m-2-2280-2000gb-sleg-860-2000gcs--s250900112,Adata,60 tháng,SSD,Xám vàng,2TB,PCIe,6000MB/s,PS5,M.2 2280,,5000MB/s,3D-NAND,,
storage_015,Storage,"Ổ cứng di động SSD Transcend 2TB ESD420 2000MB/s, Type-C, MagSafe (TS2TESD420G) (Vàng)",7290000,https://phongvu.vn/o-cung-di-dong-ssd-transcend-2tb-esd420-usb-20gbps-type-c-champagne-gold-ts2tesd420g--s250803200,Transcend,60 tháng,SSD,Champagne Gold,2TB,USB Type C,2000MB/s,"Microsoft Windows, macOS, iOS/iPadOS, Linux, ChromeOS, Android",,,2000MB/s,3D-NAND,,
storage_016,Storage,"Ổ cứng di động SSD SanDisk Creator Desk Drive 4TB 1000MB/s, Type-C, USB 3.2 ( SDSSDT40C-4T00-A25)",15490000,https://phongvu.vn/o-cung-gan-ngoai-ssd-sandisk-4tb-creator-desk-drive-usb-3-2-gen-2-type-c-usb-a-sdssdt40c-4t00-a25--s250803119,Sandisk,36 tháng,SSD,Xanh,4TB,"USB 3.2, USB Type C",1000MB/s,"Windows 10+, macOS 14+",,,,,,
storage_017,Storage,"Ổ cứng  gắn trong/ SSD Teamgroup CX2 1TB Sata III 2.5"" (T253X6001T0C101)",5190000,https://phongvu.vn/o-cung-gan-trong-ssd-teamgroup-cx2-1tb-sata-iii-2-5-t253x6001t0c101--s250800188,TeamGroup,36 tháng,SSD,Bạc,1TB,SATA 3,540MB/s,"Windows 11, Windows 10, Windows 8.1, Windows 8, Windows 7, macOS, Linux","2.5""",,490MB/s,,,
storage_018,Storage,"Ổ cứng di động SSD Kingston XS1000 1TB 1050MB/s, USB 3.2 Gen 2 (SXS1000/1000GA) (Đen)",4590000,https://phongvu.vn/o-cung-gan-ngoai-kingston-ssd-1000g-xs1000-boc-external-sxs1000-1000ga--s250640762,Kingston,60 tháng,SSD,Đen,1TB,USB 3.2,1050MB/s,"Windows 11, Windows 10, macOS, Linux, ChromeOS, Android, iOS/iPadOS 13+",Khác,,1000MB/s,3D-NAND,,
storage_019,Storage,"Ổ cứng di động SSD Kingston XS2000 4TB 2000MB/s, USB 3.2 Gen 2 (SXS2000/4000GA) (Bạc)",15190000,https://phongvu.vn/o-cung-gan-ngoai-kingston-ssd-4000g-xs2000-boc-external-sxs2000-4000ga--s250640739,Kingston,60 tháng,SSD,Bạc,4TB,USB 3.2,2000MB/s,"Windows 11, Windows 10, Windows 8.1, macOS, Linux, ChromeOS, Android, iOS/iPadOS 13+",Khác,,2000MB/s,3D-NAND,,
storage_020,Storage,"Ổ cứng di động SSD SanDisk Fortnite Portable Peely Edtion 1TB Global, Type-C (SDSSDE30-1T00-G25F)",5690000,https://phongvu.vn/o-cung-gan-ngoai-ssd-sandisk-fortnite-portable-1tb-peely-edition-4x6-box-global-sdssde30-1t00-g25f--s250521428,Sandisk,36 tháng,di động SSD,Vàng,1TB,USB 3.2,800MB/s,"Windows 10+, macOS 10.13+, PlayStation 4 & 5, Xbox",Khác,,,Không,,
storage_021,Storage,"Ổ cứng di động SSD SanDisk Creator Pro Portable E81C 1TB 2000MB/s, Type-C (SDSSDE81C-1T00-G25)",5990000,https://phongvu.vn/o-cung-gan-ngoai-ssd-sandisk-1tb-extreme-pro-creator-usb-3-2-gen-2x2-2000-2000mb-sdssde81c-1t00-g25--s250521429,Sandisk,60 tháng,SSD,Xanh,1TB,USB 3.2,2000MB/s,"Windows 10+, macOS 14+",Khác,,2000MB/s,Không,,
storage_022,Storage,"Ổ cứng di động SSD SanDisk Creator Phone 2TB 1000MB/s, Type-C, MagSafe (SDSSDE62C-2T00-G25)",7990000,https://phongvu.vn/o-cung-gan-ngoai-ssd-sandisk-creator-phone-ssd-magsafe-1000-950mb-s-sdssde62c-2t00-g25--s250521422,Sandisk,60 tháng,di động SSD,Xanh,2TB,USB 3.2,1000MB/s,"Windows 10+, macOS 14+, iOS/iPadOS 17+, Android 14+",Khác,,950MB/s,Không,,
storage_023,Storage,Ổ cứng gắn trong/ SSD NVMe 1TB KIOXIA EXCERIA G2 Gen3x4 wDRAM (LRC20Z001TG8),5490000,https://phongvu.vn/o-cung-gan-trong-ssd-nvme-1tb-kioxia-exceria-g2-gen3x4-wdram--s250516532,Kioxia,60 tháng,SSD,Đen cam,1TB,M.2 NVMe,2100MB/s,,M.2 2280,,1700MB/s,Không,,
storage_024,Storage,"Ổ cứng gắn trong/ SSD NVMe 2TB KIOXIA EXCERIA PLUS G3 Gen4x4, HMB (LSD10Z002TG8)",12490000,https://phongvu.vn/o-cung-gan-trong-ssd-nvme-2tb-kioxia-exceria-plus-g3-gen4x4-hmb--s250516534,Kioxia,60 tháng,SSD,Đen xanh,2TB,M.2 NVMe,5000MB/s,,M.2 2280,,3900MB/s,Không,,
storage_025,Storage,Ổ cứng gắn trong/ SSD SATA 960GB KIOXIA EXCERIA (LTC10Z960GG8),5190000,https://phongvu.vn/o-cung-gan-trong-ssd-sata-960gb-kioxia-exceria--s250516535,Kioxia,36 tháng,SSD,Đen xanh,960GB,SATA,555MB/s,,"2.5""",,540MB/s,Không,,
storage_026,Storage,"Ổ cứng gắn trong/ SSD NVMe 2TB KIOXIA EXCERIA PLUS G4 Gen5x4, HMB (LVD10Z002TG8)",13990000,https://phongvu.vn/o-cung-gan-trong-ssd-nvme-2tb-kioxia-exceria-plus-g4-gen5x4-hmb--s250516531,Kioxia,60 tháng,SSD,Đen xanh,2TB,M.2 NVMe,10000MB/s,,M.2 2280,,8200MB/s,Không,,
storage_027,Storage,Ổ cứng gắn trong SSD Samsung 9100 PRO 1TB M.2 NVMe- MZ-VAP1T0BW,8790000,https://phongvu.vn/o-cung-gan-trong-ssd-samsung-9100-pro-1tb-m-2-nvme-mz-vap1t0bw--s250414791,Samsung,60 tháng,SSD,Đen,1TB,M.2 NVMe,14700 MB/s,,M.2 2280,,13300 MB/s,V-NAND,1GB,
storage_028,Storage,Ổ cứng gắn trong/ SSD WD BLACK SN7100 NVMe - 1TB (WDS100T4X0E),6990000,https://phongvu.vn/o-cung-gan-trong-ssd-wd-black-sn7100-nvme-1tb-wds100t4x0e--s250307012,WD,60 tháng,SSD,Đen,1TB,M.2 NVMe,7250MB/s,Windows 10+,M.2 2280,,6900MB/s,3D-NAND,,
storage_029,Storage,Ổ cứng di động SSD Seagate Ultra Compact 2TB Type-C (STMX2000400) (Xám),8990000,https://phongvu.vn/o-cung-gan-ngoai-ssd-seagate-ultra-compact-ssd-2tb-usb-c-stmx2000400-dark-grey--s250302128,Seagate,36 tháng,SSD,Xám,2TB,USB 3.2,1000MB/s,"Windows, Mac, Android, iPadOS, iOS",,,1000MB/s,Không,,
storage_030,Storage,Ổ cứng gắn ngoài HDD WD Black P10 Game Drive 6TB USB 3.2 (WDBZ7D0060BBK-WESN) (Black),9190000,https://phongvu.vn/o-cung-gan-ngoai-hdd-wd-black-p10-game-drive-6tb-usb-3-2-wdbz7d0060bbk-wesn-black--s250206334,WD,36 tháng,di động HDD,Đen,6TB,USB 3.2,130MB/s,"Windows 10+, macOS 11+, Xbox, PS5, PS4","2.5""",,,Không,,
storage_031,Storage,Ổ cứng di động SSD SanDisk Extreme Portable V2 8TB (Black) (SDSSDE61-8T00-G25),34990000,https://phongvu.vn/o-cung-di-dong-ssd-sandisk-extreme-portable-v2-8tb-black-sdssde61-8t00-g25--s250206246,Sandisk,60 tháng,di động SSD,Đen,8TB,"USB Type C, USB 3.2",1050MB/s,"Windows 10+, Windows 11+, macOS 11+, iOS 13+",,,1000MB/s,Không,,
storage_032,Storage,"Ổ cứng di động HDD WD My Passport 4TB 2.5"" USB 3.2 (WDBRMD0040BGY-WESN) (Xám)",6490000,https://phongvu.vn/o-cung-gan-ngoai-hdd-wd-my-passport-4tb-2-5-usb-3-2-gen-1-wdbrmd0040bgy-wesn-silicon-grey--s250206247,WD,36 tháng,di động HDD,Xám,4TB,USB 3.2,,"Windows, Mac, ChromeOS","2.5""",,,,,
storage_033,Storage,Ổ Cứng gắn trong SSD Samsung 990 EVO Plus 1TB M.2 2280 PCIe 4.0 x4 NVMe 2.0 (MZ-V9S1T0BW),7290000,https://phongvu.vn/o-cung-ssd-samsung-990-evo-plus-1tb-nvme-pcie-gen-4-mz-v9s1t0bw--s250115742,Samsung,60 tháng,SSD,Đen,1TB,"PCIe, M.2 NVMe",7150MB/s,,M.2 2280,,6300MB/s,V-NAND,,
storage_034,Storage,"Ổ cứng di động HDD Transcend StoreJet 25M3C 2TB 2.5"" Type-C (TS2TSJ25M3C) (Xám)",3390000,https://phongvu.vn/o-cung-gan-ngoai-hdd-transcend-storejet-25m3c-2tb-type-c-iron-gray-ts2t25sjm3c--s241201615,Transcend,36 tháng,HDD,Xám,2TB,USB Type C,,"Windows 7, macOS 10.10 trở lên","2.5""",,,,,
storage_035,Storage,Ổ cứng SSD WD Blue SN5000 1TB NVMe M.2-2280 Gen4 x4 (WDS100T4B0E),5990000,https://phongvu.vn/o-cung-ssd-wd-blue-sn5000-nvme-1tb-wds100t4b0e--s241002416,WD,60 tháng,SSD,Blue,1TB,PCIe,5150MB/s,,M.2 2280,,4900MB/s,,,
storage_036,Storage,Ổ cứng SSD Kingston NV3 M.2 2280 PCIe Gen 4.0 NVMe 1TB (SNV3S/1000G),5990000,https://phongvu.vn/o-cung-ssd-kingston-1000gb-m-2-2280-6000-4000mb-s-snv3s-1000g--s240901735,Kingston,60 tháng,SSD,Xanh,1TB,M.2 NVMe,6000MB/s,,M.2 2280,,4000MB/s,3D-NAND,,
storage_037,Storage,"Ổ cứng di động SSD Transcend ESD310P 1TB 1050MB/s, Type-C & USB A (TS1TESD310P) (Hồng)",4690000,https://phongvu.vn/o-cung-di-dong-ssd-transcend-1tb-esd310p-usb-3-2-gen-2x1-type-c-usb-a--s240802377,Transcend,60 tháng,SSD,Hồng,1TB,USB 3.2,1050MB/s,"Windows, Android, iOS, ChromeOS, macOS, Linux",Khác,,950MB/s,3D-NAND,,
storage_038,Storage,Ổ cứng SSD TeamGroup MP33 256GB M.2 PCIe Gen3x4 (TM8FP6256G0C101),1790000,https://phongvu.vn/o-cung-ssd-teamgroup-mp33-256gb-m-2-pcie-gen3x4-tm8fp6256g0c101--s240703613,TeamGroup,36 tháng,SSD,Xanh,256GB,M.2 NVMe,1600MB/s,"Windows 11, Windows 10, Windows 8.1, Windows 8, Windows 7, Linux",M.2 2280,,1000MB/s,3D-NAND,,
storage_039,Storage,"Ổ cứng di động SSD Transcend ESD360C 1TB 2000MB/s, Type-C (TS1TESD360C) (Xám)",4590000,https://phongvu.vn/o-cung-di-dong-ssd-transcend-1tb-esd360c-type-c-usb-20gbps-ts1tesd360c--s240503456,Transcend,60 tháng,di động SSD,Xám,1TB,USB Type C,2000MB/s,"Windows, macOS, iOS, Linux, ChromeOS, Android",,,2000MB/s,3D-NAND,,
storage_040,Storage,"Ổ cứng di động SSD Transcend ESD330C 1TB 1050MB/s, Type-C (TS1TESD330C) (Nâu xám)",4590000,https://phongvu.vn/o-cung-di-dong-ssd-transcend-1tb-esd330c-type-c-ts1tesd3-30c--s240502405,Transcend,60 tháng,di động SSD,Nâu xám,1TB,USB Type C,1050MB/s,"Windows, macOS, iOS, Linux, Android, ChromeOS",Khác,,950MB/s,3D-NAND,,
storage_041,Storage,"Ổ cứng di động SSD Transcend ESD410C 1TB 2000MB/s, Type-C (TS1TESD410C) (Xanh)",5590000,https://phongvu.vn/o-cung-di-dong-ssd-transcend-1tb-esd410c-up-to-2000mb-s-type-c-ts1tesd410c--s240502354,Transcend,60 tháng,di động SSD,Xanh,1TB,USB Type C,2000MB/s,"Windows, macOS, iOS, Linux, ChromeOS, Android",,,2000MB/s,3D-NAND,,
storage_042,Storage,Ổ cứng di động SSD Samsung Portable T9 1TB (MU-PG1T0B/WW) (Đen),7590000,https://phongvu.vn/o-cung-di-dong-ssd-samsung-portable-t9-1tb-mu-pg1t0b-ww-den--s240303046,Samsung,60 tháng,SSD,Đen,1TB,USB 3.2,2000MB/s,"Windows, macOS, Android",,,1950MB/s,,,
storage_043,Storage,"Ổ cứng gắn trong SEAGATE HDD SkyHawk 6TB, 5400 RPM, Cache 256MB (ST6000VX009)",7490000,https://phongvu.vn/o-cung-gan-trong-seagate-hdd-skyhawk-6tb-5400-rpm-cache-256mb-st6000vx009--s240302555,Seagate,36 tháng,HDD,Bạc,6TB,SATA 3,,,"3.5""",5400RPM,,,256MB,
storage_044,Storage,Ổ cứng gắn trong/ SSD WD GREEN 1TB SN350 NVMe M.2-2280 PCIe Gen3x4 (WDS100T3G0C),5690000,https://phongvu.vn/o-cung-gan-trong-wd-green-ssd-1tb-sn350-nvme-m-2-2280-pcie-gen3x4-mau-xanh-green-wds100t3g0c--s240302550,WD,36 tháng,SSD,Xanh lá,1TB,M.2 NVMe,3200MB/s,,M.2 2280,,2500MB/s,,,
storage_045,Storage,Ổ cứng gắn ngoài HDD Lacie 20TB 2BIG.20000.Thunderbolt3 + USB 3.1.0 - STLG20000400,54290000,https://phongvu.vn/o-cung-di-dong-hdd-lacie-20tb-2big-20000-thunderbolt3-usb-3-1-0-stlg20000400--s231100531,Lacie,36 tháng,External,Đen,20TB,"SATA 3, Thunderbolt 3, USB 3.0",,"Windows, macOS","3.5""",,,,,
storage_046,Storage,"Ổ cứng gắn trong/ HDD WD 6TB Blue 5400RPM 256MB 3.5"" SATA 3 (WD60EZAX)",6990000,https://phongvu.vn/o-cung-hdd-wd-6tb-blue-5400rpm-256mb-cache-3-5-inch-sata3-wd60ezax--s230803478,WD,24 tháng,HDD,Xanh,6TB,SATA 3,,"Windows 8.1, Windows 10, macOS, Windows 7","3.5""",5400RPM,,,256MB,
storage_047,Storage,Ổ cứng HDD WD My Book Multi (WDBBGBHBK-SESN),22290000,https://phongvu.vn/o-cung-hdd-wd-4tb-my-book-multi--s230704112,WD,36 tháng,di động HDD,Đen,18TB,USB 3.0,,,"3.5""",,,Không,,
storage_048,Storage,"Ổ cứng di động HDD Transcend StoreJet 8TB 3.5"" T3(TS8TSJ35T3)",8290000,https://phongvu.vn/o-cung-di-dong-hdd-transcend-storejet-8tb-3-5-t3-ts8tsj35t3--s230500916,Transcend,36 tháng,di động HDD,Đen,8TB,USB 3.1,,"Windows 7, Linux, macOS","3.5""",,,,,
storage_049,Storage,Ổ cứng gắn trong SSD Samsung 990 Pro 2TB M2 PCIe 4.0 (MZ-V9P2T0BW),16590000,https://phongvu.vn/o-cung-gan-trong-ssd-samsung-990-pro-2tb-m2-pcie-4-0-mz-v9p2t0bw--s230500911,Samsung,60 tháng,SSD,Đen,2TB,"PCIe, M.2 NVMe",7450MB/s,PlayStation,M.2 2280,,6900MB/s,V-NAND,,
storage_050,Storage,"Ổ cứng di động SSD SanDisk Extreme Pro Portable E81 2TB 2000MB/s, Type-C (SDSSDE81-2T00-G25) (Đen Cam)",11790000,https://phongvu.vn/o-cung-ssd-gn-sandisk-extreme-pro-2tb-usb-3-2-typec-a-sdssde81-2t00-g25--s230401887,Sandisk,60 tháng,di động SSD,Đen cam,2TB,USB 3.2,2000MB/s,,Khác,,2000MB/s,,,
storage_051,Storage,Ổ cứng gắn ngoài HDD Western Black D10 Game Drive 8TB (WDBA3P0080HBK-SESN),10690000,https://phongvu.vn/o-cung-gan-ngoai-hdd-western-black-p10-game-drive-8tb-wdba3p0080hbk-sesn--s230401885,WD,36 tháng,di động HDD,Đen,8TB,USB 3.2,250MB/s2,"Windows 10, PlayStation, macOS",Khác,7200RPM,,,,
storage_052,Storage,Ổ cứng WD MY PASSPORT SSD 4TB - Space Gray (WDBAGF0040BGY-WESN),19690000,https://phongvu.vn/o-cung-wd-my-passport-ssd-4tb-xam--s230201964,WD,60 tháng,di động SSD,Xám,4TB,USB Type C,1050MB/s,"Windows 8, Windows 8.1, Windows 10, Windows 7, macOS","2.5""",,1000MB/s,Không,,
storage_053,Storage,"Ổ cứng WD My PassPort Ultra Blue 2.5"" 5TB (WDBFTM0050BBL-WESN)",7990000,https://phongvu.vn/o-cung-hdd-wd-my-passport-ultra-5tb-xanh--s230201962,WD,36 tháng,di động HDD,Xanh,5TB,USB Type C,,"Windows 8, Windows 8.1, Windows 10, macOS, Windows 7","2.5""",,,,,
storage_054,Storage,Ổ cứng gắn ngoài WD ELEMENTS DESKTOP 16TB MULTI-CITY ASIA (WDBBKG0160HBK-SESN),16390000,https://phongvu.vn/o-cung-gan-ngoai-wd-elements-desktop-multi-city-asia-16tb-den--s230201958,WD,24 tháng,External,Đen,16TB,USB 2.0,,,"3.5""",,,Không,,
storage_055,Storage,Ổ cứng gắn trong/ SSD Adata LEGEND 710 1TB M.2 NVMe Gen3 X4 (ALEG-710-1TCS),5490000,https://phongvu.vn/o-cung-ssd-adata-1tb-m-2-nvme-xanh-aleg-710-1tcs-1tb--s221101183,Adata,36 tháng,SSD,Xanh,1TB,M.2 NVMe,2400MB/s,"Windows 8, Windows 8.1, Windows 10, Windows 7, Windows",M.2 2280,,1800MB/s,3D-NAND,,
storage_056,Storage,"Ổ cứng SSD Crucial BX500 1TB 2.5"" SATA III (CT1000BX500SSD1)",5190000,https://phongvu.vn/ssd-crucial-bx500-1tb--s220500836,Crucial,36 tháng,SSD,Đen,1TB,SATA 3,540MB/s,,"2.5""",,500MB/s,3D-NAND,,
storage_057,Storage,"Ổ cứng di động HDD Seagate One Touch 4TB 2.5"" USB 3.0 (STKZ4000401) (Bạc)",5990000,https://phongvu.vn/o-cung-di-dong-hdd-seagate-one-touch-4tb-2-5-usb-3-0-bac-stkz4000401--s210700734,Seagate,36 tháng,di động HDD,Bạc,4TB,USB 3.0,,"Windows, Mac","2.5""",,,Không,,
storage_058,Storage,"Ổ cứng di động HDD Seagate Expansion Portable 5TB 2.5"" USB 3.0 (STKM5000400) (Đen)",6490000,https://phongvu.vn/o-cung-di-dong-hdd-seagate-expansion-portable-5tb-2-5-usb-3-0-stkm5000400--s210700721,Seagate,36 tháng,di động HDD,Đen,5TB,USB 3.0,,"Windows, Mac","2.5""",,,Không,,
storage_059,Storage,Ổ cứng gắn ngoài HDD WD Element - 14TB 3.5'' (WDBBKG0140HBK-SESN),14790000,https://phongvu.vn/o-cung-gan-ngoai-hdd-wd-element-14tb-3-5-wdbbkg0140hbk-sesn--s210602377,WD,24 tháng,External,Đen,14TB,"USB 3.0, USB 2.0",,"Windows 10, Windows 8.1, Windows 7","3.5""",,,Không,,
storage_060,Storage,Ổ cứng gắn trong/ SSD Samsung 870 EVO 1TB SATA III 2.5 inch (MZ-77E1T0BW),9090000,https://phongvu.vn/o-cung-ssd-samsung-870-evo-1tb-mz-77e1t0bw--s210300262,Samsung,60 tháng,SSD,Đen,1TB,SATA 3,560MB/s,,"2.5""",,530MB/s,V-NAND,,Bảo hành theo thời gian hoặc theo 600 TBW ( tùy thuộc yếu tố nào đến trước)
storage_061,Storage,"Ổ cứng di động HDD Transcend StoreJet 25M3G 2TB 2.5"" USB3.0 (TS2TSJ25M3G) (Đen)",3090000,https://phongvu.vn/o-cung-di-dong-hdd-transcend-storejet-25m3g-2tb-ts2tsj25m3g--s210103641,Transcend,24 tháng,di động HDD,Đen,2TB,USB 3.0,,"Windows 8, Windows 10, Windows 7, macOS, Linux","2.5""",,,Không,,
storage_062,Storage,Ổ cứng di động SSD Samsung T7 Portable 1TB 1050MB/s (MU-PC1T0H/WW) (Xanh),6490000,https://phongvu.vn/o-cung-ssd-samsung-portable-t7-non-touch-1tb-2-5-mu-pc1t0h-ww-xanh--s200801522,Samsung,36 tháng,di động SSD,Xanh,1TB,USB 3.2,1050MB/s,"Windows 8, Windows 8.1, Windows 10, macOS, Windows 7, Android","2.5""",,1000MB/s,V-NAND,,
storage_063,Storage,"Ổ cứng di động HDD WD My Passport 1TB 2.5"" USB 3.2 (WDBYVG0010BRD-WESN) (Đỏ)",2890000,https://phongvu.vn/o-cung-hdd-wd-my-passport-1tb-25-32-wdbyvg0010brdwesn-do--s191201610,WD,36 tháng,di động HDD,Đỏ,1TB,USB 3.2,,"Windows 8.1, Windows 10","2.5""",,,Không,,
storage_064,Storage,Ổ cứng HDD WD My Book Duo 20TB (WDBFBE0200JBK-SESN),28990000,https://phongvu.vn/o-cung-hdd-wd-my-book-duo-20tb-wdbfbe0200jbksesn--s191100206,WD,36 tháng,di động HDD,Đen,20TB,"USB 3.0, USB 3.1",360MB/s,"Windows 8.1, Windows 10, Windows 7","3.5""",,300MB/s,,,
storage_065,Storage,"Ổ cứng di động HDD Transcend 25H3 1TB 2.5"" USB 3.0",2390000,https://phongvu.vn/c-ng-hdd-transcend-1tb-25h3-box-2-5--s1201749,Transcend,36 tháng,di động HDD,Tím,1TB,,,"Windows 8, Windows 8.1, Windows 10, macOS, Windows 7","2.5""",,,Không,,
storage_066,Storage,"Ổ cứng di động HDD WD Elements Portable 1TB 2.5"" USB 3.0 (WDBUZG0010BBK-WESN) (Đen)",2790000,https://phongvu.vn/o-cung-hdd-wd-1tb-elements-box-2-5-3-0--s1201758,WD,24 tháng,di động HDD,Đen,1TB,USB 3.0,,,"2.5""",,,Không,,
storage_067,Storage,Ổ cứng SSD Kingston A400 240GB Sata 3 (SA400S37/240G),1890000,https://phongvu.vn/o-cung-ssd-kingston-a400-240gb-sata-3-sa400s37240g--s1704462,Kingston,36 tháng,SSD,Đen,240GB,SATA 3,500MB/s,,"2.5""",,350MB/s,Không,,
storage_068,Storage,"Ổ cứng di động HDD Transcend Slim StoreJet M3S 2TB 2.5"" USB 3.0 (TS2TSJ25M3S) (Đen)",3090000,https://phongvu.vn/o-cung-hdd-transcend-2tb-slim-storejet-2-5-m3s--s1806226,Transcend,36 tháng,di động HDD,Đen,2TB,USB 3.0,,,"2.5""",,,Không,,
storage_069,Storage,"ổ cứng HDD PC Seagate Barracuda 2TB 3.5"" SATA (ST2000DM008)",3490000,https://phongvu.vn/o-cung-hdd-seagate-barracuda-2tb-3-5-sata3-st2000dm008--s18120128,Seagate,24 tháng,HDD,Titanium,2TB,SATA 3,,,"3.5""",7200RPM,,Không,256MB,
storage_070,Storage,"Ổ cứng gắn trong/ HDD WD Ultrastar DC HC555 20TB 7200RPM 512MB 3.5"" (WUH722020CLE6L4)",15990000,https://phongvu.vn/o-cung-gan-trong-hdd-wd-ultrastar-dc-hc555-20tb-7200rpm-512mb-3-5-wuh722020cle6l4--s260107822,WD,60 tháng,HDD,Đen,20TB,SATA,,,"3.5""",,,,512MB,
storage_071,Storage,Ổ cứng gắn trong/ HDD Seagate Ironwolf Pro 20TB SATA3 256MB 7200rpm (ST20000NT001),19990000,https://phongvu.vn/o-cung-gan-trong-hdd-seagate-ironwolf-pro-20tb-sata3-256mb-7200rpm-st20000nt001--s260100028,Seagate,36 tháng,HDD,Bạc,20TB,SATA 3,,,"3.5""",7200RPM,,,256MB,
storage_072,Storage,"Ổ cứng gắn ngoài SSD Crucial 4TB X10, USB-C 3.2 Gen 2 2x2 (20Gb/s), 2100/2100MB/s, Xanh (CT4000X10SSD9)",11090000,https://phongvu.vn/o-cung-gan-ngoai-ssd-crucial-4tb-x10-usb-c-3-2-gen-2-2x2-20gb-s-2100-2100mb-s-xanh-ct4000x10ssd9--s251111649,Crucial,36 tháng,SSD,Xanh,4TB,USB 3.2,2100MB/s,"Windows, Mac, Android, iPadOS, Linux",,,,,,
storage_073,Storage,"Ổ cứng HDD WD 10TB Red Plus (3.5 inch, 7200RPM, SATA, 512MB cache) (WD100EFGX)",10990000,https://phongvu.vn/o-cung-gan-trong-hdd-wd-red-plus-10tb-3-5-512mb-cache-7200rpm-wd100efgx--s250638702,WD,36 tháng,HDD,Đỏ,10TB,SATA,,,"3.5""",7200RPM,,,512MB,
storage_074,Storage,Ổ cứng gắn trong/ SSD NVMe 2TB KIOXIA EXCERIA PRO Gen4x4 wDRAM (LSE10Z002TG8),5270000,https://phongvu.vn/o-cung-gan-trong-ssd-nvme-2tb-kioxia-exceria-pro-gen4x4-wdram--s250516536,Kioxia,60 tháng,SSD,Đen hồng,2TB,M.2 NVMe,7300MB/s,,M.2 2280,,6400MB/s,Không,,
storage_075,Storage,Ổ CỨNG DI ĐỘNG (EXTERNAL SSD) LEXAR SL300 PORTABLE SSD 1T/1050Mb/s READ/1000Mb/s WRITE/ĐEN (BLACK) (LSL300001T-RNBNG),2090000,https://phongvu.vn/o-cung-di-dong-external-ssd-lexar-sl300-portable-ssd-1t-1050mb-s-read-1000mb-s-write-den-black-lsl300001t-rnbng--s250512075,Lexar,36 tháng,SSD,Đen,1TB,USB 3.2,1050MB/s,"Windows 7 trở lên, iOS, Android",,,1000MB/s,,,
storage_076,Storage,"Ổ cứng HDD WD Purple Pro 12TB 3.5"" SATA3 512MB Cache 7200RPM (WD122PURP) (Tím)",12490000,https://phongvu.vn/o-cung-hdd-wd-purple-pro-12tb-3-5-sata3-512mb-cache-7200rpm-wd122purp-tim--s241205223,WD,60 tháng,HDD,Tím,12TB,SATA 3,,,"3.5""",7200RPM,,,512MB,
storage_077,Storage,"Ổ cứng di động HDD WD My Passport Ultra 2TB 2.5"" Limited Edition Green (WDBJXT0020BGN-WESN) (Xanh)",3690000,https://phongvu.vn/o-cung-gan-ngoai-hdd-wd-my-passport-ultra-2tb-2-5-limited-edition-green-wdbjxt0020bgn-wesn-xanh--s241202771,WD,36 tháng,HDD,Xanh,2TB,USB 3.2,,"Windows 10+, macOS 11+",Khác,,,,,
storage_078,Storage,"Ổ cứng di động HDD Transcend StoreJet 2.5"" 25H3 4TB Navy Blue (TS4TSJ25H3B)",5190000,https://phongvu.vn/o-cung-di-dong-hdd-transcend-storejet-2-5-25h3-4tb-navy-blue-ts4tsj25h3b--s241101879,Transcend,36 tháng,di động HDD,Navy Blue,4TB,USB 3.1,,"macOS 10.10 trở lên, Windows 7 trở lên","2.5""",,,,,
storage_079,Storage,"Ổ cứng HDD WD 4TB Black (3.5 inch, 7200RPM, SATA, 256MB cache) (WD4006FZBX)",5790000,https://phongvu.vn/o-cung-gan-trong-hdd-wd-black-4tb-3-5inch-sata-3-256mb-cache-7200rpm-mau-den-wd4006fzbx--s241004809,WD,60 tháng,HDD,Đen,4TB,SATA 3,,,"3.5""",7200RPM,,,256MB,
storage_080,Storage,Ổ cứng gắn trong/ SSD WD Black SN770M 2TB M.2 2230 NVMe PCIe Gen4 x4 (WDBDNH0020BBK-WRSN),5490000,https://phongvu.vn/o-cung-ssd-wd-black-sn770m-nvme-2tb-wdbdnh0020bbk-wrsn--s241001457,WD,60 tháng,SSD,Đen,2TB,PCIe,5150MB/s,Windows 10+,M.2 2230,,4850MB/s,,,
storage_081,Storage,Ổ cứng SSD TeamGroup MP33 PRO 512GB M.2 PCIe Gen3x4,990000,https://phongvu.vn/o-cung-ssd-teamgroup-mp33-pro-512gb-m-2-pcie-gen3x4--s240802736,Team,36 tháng,SSD,Xanh,512GB,M.2 NVMe,3500MB/s,"Windows 11, Windows 10, Windows 8.1, Windows 8, Windows 7, Linux",M.2 2280,,3000MB/s,,,
storage_082,Storage,Ổ cứng SSD SPATIUM M450 PCIe 4.0 NVMe M.2 500GB,1250000,https://phongvu.vn/o-cung-ssd-spatium-m450-pcie-4-0-nvme-m-2-500gb--s240802739,Msi,60 tháng,SSD,Xanh,500GB,M.2 NVMe,3600MB/s,,M.2 2280,,2300MB/s,3D-NAND,,
storage_083,Storage,Ổ cứng di động SSD Samsung Portable T5 EVO 8TB (MU-PH8T0S/WW) (Đen),31990000,https://phongvu.vn/o-cung-di-dong-ssd-samsung-portable-t5-evo-8tb-mu-ph8t0s-ww-den--s240703436,Samsung,,SSD,Đen,8TB,USB 3.2,460MB/s,"macOS, Android, Windows",,,460MB/s,,,
storage_084,Storage,"Ổ Cứng di Động SSD Transcend 2TB ESD265C,Type-C, USB 10Gbps (TS2TESD265C)",5290000,https://phongvu.vn/o-cung-di-dong-ssd-transcend-2tb-esd265c-type-c-usb-10gbps-ts2tesd265c--s240503463,Transcend,60 tháng,di động SSD,Xám,2TB,USB Type C,1050MB/s,"Windows, macOS, iOS, Linux, ChromeOS, Android",Khác,,950MB/s,3D-NAND,,
storage_085,Storage,"Ổ Cứng di Động SSD Transcend 2TB ESD320A,USB-A, USB 10Gbps (TS2TESD320A)",5190000,https://phongvu.vn/o-cung-di-dong-ssd-transcend-2tb-esd320a-usb-a-usb-10gbps-ts2tesd320a--s240503460,Transcend,60 tháng,di động SSD,Xám,2TB,USB 3.2,1050MB/s,"Windows, macOS, Linux, ChromeOS, Android",Khác,,950MB/s,3D-NAND,,
storage_086,Storage,Ổ Cứng di Động SSD 1TB ASUS TUF Gaming AS1000,2990000,https://phongvu.vn/o-cung-di-dong-ssd-1tb-asus-tuf-gaming-as1000--s240502362,Asus,36 tháng,SSD,Đen,1TB,USB 3.2,10Gbps,"Windows 10, Windows 11, macOS, Android, ChromeOS",,,10Gbps,,,
storage_087,Storage,"Ổ cứng HDD WD 4TB Purple (3.5 inch, 5400RPM, SATA, 256MB cache) (WD43PURZ)",4990000,https://phongvu.vn/o-cung-hdd-western-digital-purple-4tb-256mb-cache-5400rpm-wd43purz--s240502090,WD,36 tháng,HDD,Tím,4TB,SATA 3,,,"3.5""",5400RPM,,,256MB,
storage_088,Storage,Ổ cứng để bàn HDD Lacie 2BIG ThunderBolt3 32TB (STLG32000400),77990000,https://phongvu.vn/o-cung-de-ban-hdd-lacie-2big-thunderbolt3-32tb-stgb32000400--s240303238,Lacie,60 tháng,HDD,Đen,32TB,"USB 3.0, Thunderbolt 3",,"Windows, macOS",,,,,,
storage_089,Storage,Ổ Cứng gắn trong Samsung SSD 990 EVO 2TB M.2(2280) PCIe 4.0 x4 /5.0 x2 NVMe 2.0 (MZ-V9E2T0BW),5180000,https://phongvu.vn/o-cung-gan-trong-samsung-ssd-990-evo-2tb-m-2-2280-pcie-4-0-x4-5-0-x2-nvme-2-0-mz-v9e2t0bw--s240302656,Samsung,60 tháng,SSD,Đen,2TB,M.2 NVMe,5000MB/s,,M.2 2280,,4200MB/s,V-NAND,,
storage_090,Storage,"Ổ cứng gắn trong SEAGATE HDD IronWolf 8TB, 7200 RPM, Cache 256MB (ST8000VN004)",8990000,https://phongvu.vn/o-cung-gan-trong-seagate-hdd-ironwolf-8tb-7200-rpm-cache-256mb-st8000vn004--s240302563,Seagate,36 tháng,HDD,Đỏ,8TB,SATA 3,,,"3.5""",7200RPM,,,256MB,
storage_091,Storage,"Ổ cứng gắn trong SEAGATE HDD SkyHawk AI 10TB, 7200 RPM, Cache 256MB (ST10000VE001)",14290000,https://phongvu.vn/o-cung-gan-trong-seagate-hdd-skyhawk-ai-10tb-7200-rpm-cache-256mb-st10000ve001--s240302556,Seagate,60 tháng,HDD,Bạc,10TB,SATA 3,,,"3.5""",7200RPM,,,256MB,
storage_092,Storage,Ổ cứng gắn trong SSD WD Blue SN580 NVMe 2TB PCIe Gen 4.0 (WDS200T3B0E),3749000,https://phongvu.vn/o-cung-gan-trong-ssd-wd-blue-sn580-nvme-2tb-pcie-gen-4-0-wds200t3b0e--s231200163,WD,60 tháng,SSD,Xanh,2TB,M.2 NVMe,4150MB/s,,M.2 2280,,4150MB/s,Không,,
storage_093,Storage,Ổ cứng SSD WD Blue SA510 500GB M.2-2280 SATA (WDS500G3B0B),1290000,https://phongvu.vn/o-cung-gan-trong-ssd-wd-sata-blue-sa510-500gb-wds500g3b0b--s231104035,WD,60 tháng,SSD,Xanh,500GB,SATA,560MB/s,,M.2 2280,,510MB/s,,,
storage_094,Storage,Ổ cứng SSD WD SN850X 1TB Black NVMe SSD PCIe Gen 4 M.2 (WDS100T2X0E),9690000,https://phongvu.vn/o-cung-ssd-wd-sn850x-500gb-black-nvme-ssd-pcie-gen-4-m-2-wds100t2x0e--s230803475,WD,60 tháng,SSD,Đen,1TB,M.2 NVMe,7300MB/s,"Windows 11, Windows 8.1, Windows 10",M.2 2280,,6300MB/s,,,
storage_095,Storage,Ổ cứng SSD WD 1TB Green SATA3 2.5 inch (WDS100T3G0A),1679000,https://phongvu.vn/o-cung-ssd-wd-1tb-green-sata3-2-5-inch-wds100t3g0a--s230803473,WD,36 tháng,SSD,Xanh,1TB,SATA 3,545MB/s,,"2.5""",,,,,
storage_096,Storage,Ổ cứng gắn ngoài để bàn HDD 20TB USB3.0/3.5 inch Seagate One Touch HUB Đen - STLC20000400,23490000,https://phongvu.vn/o-cung-gan-ngoai-de-ban-hdd-20tb-usb3-0-3-5-inch-seagate-one-touch-hub-den-stlc20000400--s230802351,Seagate,36 tháng,External,Đen,20TB,,,"Windows, Mac","3.5""",,,,,
storage_097,Storage,Ổ cứng gắn trong SSD MSI SPATIUM S270 960GB 2.5 inch Sata 3,1849000,https://phongvu.vn/o-cung-ssd-msi-spatium-s270-sata-2-5-960gb-den--s230703399,Msi,60 tháng,Unknown,Đen,960GB,SATA 3,500MB/s,,"2.5""",,450MB/s,3D-NAND,,
storage_098,Storage,"Ổ cứng HDD NAS Seagate Ironwolf Pro 10TB 3.5"" (7200rpm, 256MB cache, SATA3) (ST10000NT001)",9390000,https://phongvu.vn/o-cung-hdd-nas-seagate-ironwolf-pro-10tb-3-5-7200rpm-256mb-cache-sata3-st10000nt001--s230603704,Seagate,60 tháng,HDD,Đen,10TB,SATA 3,,,"3.5""",7200RPM,,,256MB,
storage_099,Storage,Ổ cứng gắn trong SSD Samsung PM893 SATA3 3840GB (MZ-7L33T800),11490000,https://phongvu.vn/o-cung-gan-trong-ssd-samsung-pm893-sata3-3840gb-mz-7l33t800--s230603289,Samsung,36 tháng,SSD,Đen,3840GB,SATA 3,550MB/s,,"2.5""",,520MB/s,Không,,
storage_100,Storage,"Ổ Cứng di Động Lexar SSD Portable 512G SL200, 400MB/s USB 3.1 Gen 2 Type-C (LSL200X512G-RNNNG)",1490000,https://phongvu.vn/o-cung-di-dong-lexar-ssd-portable-512g-sl200-400mb-s-usb-3-1-gen-2-type-c-lsl200x512g-rnnng--s230603103,Lexar,36 tháng,SSD,Đen,512GB,USB Type C,550MB/s,,Khác,,400MB/s,,,
storage_101,Storage,"Ổ Cứng di Động Lexar SSD Portable 2TB SL210, USB 3.1 Gen 2 Type-C (LSL210X002T-RNNNG)",4190000,https://phongvu.vn/o-cung-di-dong-lexar-ssd-portable-2tb-sl210-usb-3-1-gen-2-type-c-lsl210x002t-rnnng--s230603102,Lexar,36 tháng,SSD,Bạc,2TB,USB Type C,550MB/s,"Windows 8, Windows 10, macOS, Windows 7",,,400MB/s,,,
storage_102,Storage,"Ổ cứng gắn trong Seagate BarraCuda 1TB 7200rpm SATA 3.5"" (ST1000DM014)",2690000,https://phongvu.vn/o-cung-gan-trong-seagate-barracuda-1tb-7200rpm-sata-3-5-st1000dm014--s230603099,Seagate,24 tháng,HDD,Bạc,1TB,SATA,,,"3.5""",7200RPM,,Không,256MB,
storage_103,Storage,Ổ Cứng Di Động HDD LaCie Mobile Drive 2022 5TB USB-C 3.2 gen 1 (Bạc) - STLP5000400,8290000,https://phongvu.vn/o-cung-di-dong-hdd-lacie-mobile-drive-2022-5tb-usb-c-3-2-gen-1-bac-stlp5000400--s230502045,Lacie,36 tháng,di động HDD,Bạc,5TB,,130MB/s,"macOS, Windows",,,,,,
storage_104,Storage,"Ổ cứng di động SSD Samsung Portable T7 Shield Portable  4TB 2.5"" (MU-PE4T0S/WW) (Đen)",10925000,https://phongvu.vn/o-cung-di-dong-ssd-samsung-portable-t7-shield-portable-4tb-2-5-mu-pe4t0s-ww-den--s230500528,Samsung,36 tháng,SSD,Đen,4TB,USB 3.2,1050MB/s,"macOS, Windows 7, Mac, Android","2.5""",,1000MB/s,V-NAND,,
storage_105,Storage,Ổ cứng HDD Seagate IronWolf 10TB 3.5 inch (ST10000VN000),11290000,https://phongvu.vn/o-cung-hdd-seagate-ironwolf-10tb-3-5-inch-st10000vn000--s230400254,Seagate,36 tháng,HDD,Bạc,10TB,SATA 3,,,"3.5""",7200RPM,,,256MB,
storage_106,Storage,Ổ cứng SSD Gigabyte AORUS 500GB PCIe Gen 4x4 (GP-AG4500G),1879000,https://phongvu.vn/o-cung-ssd-gigabyte-aorus-500gb-pcie-gen-4x4-gp-ag4500g--s230304987,Gigabyte,36 tháng,SSD,Đen,500GB,PCIe,5000MB/s,,M.2 2280,,2500MB/s,3D-NAND,512MB,
storage_107,Storage,"Ổ cứng gắn trong DESKTOP WD Black 6TB, 3.5, SATA 3 (WD6004FZWX)",6690000,https://phongvu.vn/o-cung-gan-trong-desktop-wd-black-6tb-3-5-sata-3-wd6004fzwx--s230300035,WD,60 tháng,HDD,Đen,6TB,SATA 3,,,"3.5""",7200RPM,,,128MB,
storage_108,Storage,Ổ cứng SSD Crucial P3 Plus M.2 2280 NVMe (PCIe Gen 4 x4) 1TB (CT1000P3PSSD8),5790000,https://phongvu.vn/o-cung-ssd-crucial-p3-plus-m-2-2280-nvme-pcie-gen-4-x4-1tb-ct1000p3pssd8--s230300033,Crucial,60 tháng,SSD,Đen,1TB,M.2 NVMe,5000MB/s,,M.2 2280,,3600MB/s,3D-NAND,,
storage_109,Storage,Ổ cứng SSD Crucial BX500 500GB (CT500BX500SSD1),2590000,https://phongvu.vn/o-cung-ssd-crucial-bx500-500gb-ct500bx500ssd1--s230300031,Crucial,36 tháng,SSD,Đen,500GB,SATA 3,550MB/s,,"2.5""",,500MB/s,3D-NAND,,
storage_110,Storage,Ổ cứng gắn trong/ SSD ADATA SU650 480G SATA (ASU650SS-480GT-R),989000,https://phongvu.vn/o-cung-gan-trong-ssd-adata-480g-asu650ss-480gt-r-480gb-den--s230202055,Adata,36 tháng,SSD,Đen,480GB,SATA 3,520MB/s,,"2.5""",,450MB/s,3D-NAND,,
storage_111,Storage,"Ổ cứng gắn trong Synology HDD 3.5"" SATA 8TB (HAT5300-8T)",9690000,https://phongvu.vn/o-cung-gan-trong-synology-hdd-3-5-sata-8tb-hat5300-8t--s221101187,Synology,60 tháng,Unknown,,,,,,,,,,,
storage_112,Storage,Ổ Cứng SSD Crucial P3  M.2 2280 NVMe (PCIe Gen 3 x4)  500GB (CT500P3SSD8),1089000,https://phongvu.vn/o-cung-ssd-crucial-p3-m-2-2280-nvme-pcie-gen-3-x4-ctp3ssd8-500gb-den--s221100984,Crucial,60 tháng,SSD,Đen,500GB,M.2 NVMe,3500MB/s,"Windows 8, Windows 8.1, Windows 10, Windows 7, Windows",M.2 2280,,1900MB/s,3D-NAND,,
storage_113,Storage,Ổ cứng HDD WD My Book 16TB Multi (WDBBGB0160HBK-SESN),16490000,https://phongvu.vn/o-cung-hdd-wd-my-book-multi-wdbbgbhbk-sesn-16tb-den--s221100116,WD,36 tháng,di động HDD,Đen,16TB,USB 3.0,,,"3.5""",,,,,
storage_114,Storage,Ổ cứng gắn trong/ SSD ADATA SU650 120GB SATA (ASU650SS-120GT-R),399000,https://phongvu.vn/o-cung-gan-trong-ssd-adata-su650-asu650ss-120gt-r-120gb-den--s221003864,Adata,36 tháng,SSD,Đen,120GB,SATA 3,520MB/s,,"2.5""",,450MB/s,3D-NAND,,
storage_115,Storage,"Ổ cứng HDD Seagate IRONWOLF 6TB 3.5"" Sata (ST6000VN001)",5980000,https://phongvu.vn/o-cung-hdd-seagate-ironwolf-6tb-3-5-sata-st6000vn001-6tb-bac--s221002778,Seagate,36 tháng,HDD,Bạc,6TB,SATA 3,,,"3.5""",5400RPM,,,256MB,
storage_116,Storage,"Ổ Cứng SSD Colorful SL500 240GB 2.5"" SATA III",850000,https://phongvu.vn/o-cung-ssd-colorful-sl500-240g--s220802384,Colorful,36 tháng,SSD,Đen,240GB,SATA 3,500MB/s,,"2.5""",,400MB/s,3D-NAND,,
storage_117,Storage,Ổ Cứng SSD Colorful SL300-128GB,279000,https://phongvu.vn/o-cung-ssd-colorful-sl300-128g--s220802382,Colorful,36 tháng,SSD,Đen,128GB,SATA 3,530MB/s,"Windows 8, Windows 8.1, Windows 10, macOS, Windows 7","2.5""",,480MB/s,3D-NAND,,
storage_118,Storage,Ổ cứng SSD Lexar NM760 512G M.2 Nvme PCIe Gen4x4 (LNM760X512G-RNNNG),2099000,https://phongvu.vn/o-cung-ssd-lexar-nm760-512g-lnm760x512g-rnnng--s220800937,Lexar,60 tháng,SSD,Đen,512GB,M.2 NVMe,5300MB/s,,M.2 2280,,4000MB/s,Không,,
storage_119,Storage,"Ổ cứng SSD WD Blue 2.5"" 1TB SATA III (WDS100T3B0A)",1969000,https://phongvu.vn/o-cung-ssd-wd-blue-2-5-1tb-sata-iii-wds100t3b0a-1tb-xanh--s220706833,WD,36 tháng,SSD,Xanh,1TB,SATA 3,560MB/s,,"2.5""",,520MB/s,Không,,
storage_120,Storage,Ổ cứng HDD Seagate IronWolf Pro 10TB 3.5 inch (ST10000NE000),9490000,https://phongvu.vn/o-cung-hdd-seagate-ironwolf-10tb-3-5-inch-st10000vn000--s220706628,Seagate,60 tháng,HDD,Bạc,10TB,SATA 3,,"Windows 8, Windows 8.1, Windows 10, Linux, macOS, Windows 7","3.5""",7200RPM,,Không,256MB,
storage_121,Storage,"Ổ cứng SSD WD Blue 2.5"" 500GB SATA III (WDS500G3B0A)",2690000,https://phongvu.vn/o-cung-ssd-wd-blue-2-5-inch-500gb-sata-iii-wds500g3b0a--s220700868,WD,60 tháng,Unknown,Xanh,500GB,,560MB/s,,,,510MB/s,,,
storage_122,Storage,"Ổ cứng SSD WD Green  2.5"" 240GB SATA III (WDS240G3G0A)",890000,https://phongvu.vn/ssd-wd-green-2-5-inch-240gb-sataiii-wds240g3g0a--s220609956,WD,36 tháng,SSD,Xanh lá,240GB,SATA 3,545MB/s,,"2.5""",,465MB/s,Không,,
storage_123,Storage,"Ổ cứng HDD WD 10TB Red Pro (3.5 inch, 7200RPM, SATA, 256MB cache) (WD102KFBX)",7370000,https://phongvu.vn/hdd-wd-red-pro-10tb-3-5-inch-7200rpm-wd102kfbx--s220609955,WD,60 tháng,HDD,Đỏ,10TB,SATA 3,,,"3.5""",7200RPM,265MB/s,Không,256MB,
storage_124,Storage,"Ổ cứng laptop HDD WD Blue  2.5"" 2TB SATA3 128MB Cache 5400RPM (WD20SPZX)",2590000,https://phongvu.vn/hdd-wd-blue-2-5-inch-2tb-sata3-128mb-cache-5400rpm-wd20spzx--s220609953,WD,24 tháng,HDD,Bạc,2TB,SATA 3,,,"2.5""",5400RPM,149MB/s,Không,128MB,
storage_125,Storage,Ổ cứng SSD Kingston KC2500 2TB M.2 2280 NVMe (SKC2500M8/2000G),5990000,https://phongvu.vn/o-cung-ssd-kingston-kc2500-2tb-m-2-2280-nvme--s220609560,Kingston,36 tháng,SSD,Đen,2TB,M.2 NVMe,2200MB/s,,M.2 2280,,1900MB/s,3D-NAND,,
storage_126,Storage,"Ổ cứng SSD Lexar LNM620 1TB M.2 2280 NVME (LNM620X001T-RNNNG) (1TB, Đen)",2990000,https://phongvu.vn/o-cung-ssd-lexar-lnm620-1tb-m-2-2280-nvme--s220605533,Lexar,36 tháng,SSD,Đen,1TB,M.2 NVMe,3300MB/s,,M.2 2280,,3000MB/s,3D-NAND,,
storage_127,Storage,Ổ cứng SSD Lexar LNM610 500GB M.2 2280 NVME (LNM610-500RB),1490000,https://phongvu.vn/o-cung-ssd-lexar-lnm610-500gb-m-2-2280-nvme--s220605531,Lexar,36 tháng,SSD,Đen,500GB,M.2 NVMe,2100MB/s,,M.2 2280,,1600MB/s,3D-NAND,,
storage_128,Storage,"Ổ cứng SSD Lexar LNM100 512GB M.2 2280 Sata III (LNM100-512RB) (512GB, Đen)",1599000,https://phongvu.vn/o-cung-ssd-lexar-lnm100-512gb-m-2-2280-sata-iii--s220605530,Lexar,36 tháng,SSD,Đen,512GB,M.2 SATA,550MB/s,,M.2 2280,,510MB/s,3D-NAND,,
storage_129,Storage,"Ổ cứng SSD Lexar 2.5"" 512GB Sata III 6Gb/s (LNS100-512RB)",3490000,https://phongvu.vn/o-cung-ssd-lexar-2-5-inch-512gb-sata-iii-6gb-s--s220605528,Lexar,36 tháng,SSD,Đen,512GB,SATA 3,550MB/s,,"2.5""",,500MB/s,Không,,
storage_130,Storage,"Ổ cứng SSD Lexar 2.5"" 240GB Sata III 6Gb/s (LNQ100X240G-RNNNG)",779000,https://phongvu.vn/o-cung-ssd-lexar-2-5-inch-240gb-sata-iii-6gb-s--s220605526,Lexar,36 tháng,SSD,Đen,240GB,SATA 3,550MB/s,,"2.5""",,445MB/s,V-NAND,,
storage_131,Storage,Ổ cứng SSD MSI SPATIUM M390 NVMe M.2 500GB,1890000,https://phongvu.vn/o-cung-ssd-msi-spatium-m390-500gb--s220500877,Msi,60 tháng,SSD,Đen,500GB,M.2 NVMe,3300MB/s,,M.2 2280,,2300MB/s,3D-NAND,,
storage_132,Storage,Ổ cứng SSD di động Crucial® X6 4TB (CT4000X6SSD9),8690000,https://phongvu.vn/ssd-di-dong-crucial-x6-4tb--s220500842,Crucial,36 tháng,SSD,Đen,4TB,USB 3.2,800MB/s,,Khác,,,Không,,
storage_133,Storage,"Ổ cứng SSD Crucial MX500 2.5"" 4TB  SATA 6.0Gb/s (CT4000MX500SSD1)",8149000,https://phongvu.vn/ssd-crucial-mx500-2-5-inch-4tb-sata---s220500838,Crucial,60 tháng,SSD,Bạc,4TB,SATA 3,560MB/s,,"2.5""",,510MB/s,3D-NAND,,
storage_134,Storage,"Ổ cứng SSD Crucial BX500 2TB SATA 3 NAND 2.5"" (CT2000BX500SSD1)",6190000,https://phongvu.vn/o-cung-ssd-crucial-bx500-2tb--s220500837,Crucial,36 tháng,SSD,Đen,2TB,SATA 3,540MB/s,,"2.5""",,500MB/s,3D-NAND,,
storage_135,Storage,Ổ cứng SSD Crucial P2  2TB  3D NAND NVMe PCIe M.2 (CT2000P2SSD8),4590000,https://phongvu.vn/ssd-crucial-p2-2tb-3d-nand-nvme-pcie-m-2--s220500835,Crucial,60 tháng,SSD,Đen,2TB,M.2 NVMe,2400MB/s,,M.2 2280,,1900MB/s,3D-NAND,,
storage_136,Storage,Ổ cứng SSD Lexar NM100 128GB M.2 2280,699000,https://phongvu.vn/o-cung-ssd-lexar-nm100-128gb-m-2-2280--s220200428,Lexar,36 tháng,SSD,Đen,128GB,SATA 3,550MB/s,,M.2 2280,,,Không,,
storage_137,Storage,"Ổ cứng HDD WD 12TB Red Plus (3.5 inch, 7200RPM, SATA, 256MB cache) (WD120EFBX)",8788000,https://phongvu.vn/o-cung-hdd-wd-red-plus-12tb-3-5-inch-sata-iii-256mb-cache-7200rpm-wd120efbx--s220102826,WD,36 tháng,HDD,Đỏ,12TB,SATA 3,,,"3.5""",7200RPM,,Không,256MB,
storage_138,Storage,"Ổ cứng SSD Samsung 870 QVO 1TB 2.5"" (MZ-77Q1T0BW)",2499000,https://phongvu.vn/o-cung-ssd-samsung-870-qvo-1tb-2-5-mz-77q1t0bw--s220101751,Samsung,36 tháng,SSD,Xám,1TB,SATA 3,560MB/s,,"2.5""",,530MB/s,V-NAND,,
storage_139,Storage,Ổ cứng gắn trong/ SSD Samsung 980 PRO Heatsink 2TB M2 NVMe 4.0 (MZ-V8P2T0CW),5279000,https://phongvu.vn/o-cung-gan-trong-ssd-samsung-980-pro-heatsink-2tb-m2-nvme-4-0-mz-v8p2t0cw--s211202449,Samsung,60 tháng,SSD,Đen,2TB,M.2 NVMe,7000MB/s,,M.2 2280,,5100MB/s,Không,2GB,
storage_140,Storage,Ổ cứng SSD Kingston FURY Renegade 2TB M.2 2280 NVMe PCIe Gen4 (SFYRD/2000G),12900000,https://phongvu.vn/o-cung-ssd-kingston-fury-renegade-2tb-m-2-2280-nvme-pcie-gen4-sfyrd-2000g--s211110020,Kingston,36 tháng,SSD,Đen,2TB,M.2 NVMe,7300MB/s,,M.2 2280,,7000MB/s,3D-NAND,,
storage_141,Storage,Ổ cứng SSD Kingston KC3000 2TB M.2 2280 NVMe PCIe Gen4 (SKC3000D/2048G),14990000,https://phongvu.vn/o-cung-ssd-kingston-kc3000-2tb-m-2-2280-nvme-pcie-gen4-skc3000d-2048g--s211110016,Kingston,36 tháng,SSD,Đen,2TB,M.2 NVMe,7000MB/s,,M.2 2280,,7000MB/s,3D-NAND,,
storage_142,Storage,"Ổ cứng HDD Western Digital Blue 3TB 3.5"" SATA 3 - WD30EZAZ",2299000,https://phongvu.vn/o-cung-hdd-western-digital-blue-3tb-3-5-sata-3-wd30ezaz--s211006745,WD,24 tháng,HDD,Xanh,3TB,SATA 3,,,"3.5""",5400RPM,,Không,256MB,
storage_143,Storage,Ổ cứng gắn ngoài SSD WD Elements SE SSD 2TB (WDBAYN0020BBK-WESN),4390000,https://phongvu.vn/o-cung-gan-ngoai-ssd-wd-elements-se-ssd-2tb-wdbayn0020bbk-wesn--s211006627,WD,36 tháng,External,Đen,2TB,USB 3.0,400MB/s,"Windows 10, macOS",Khác,,,Không,,
storage_144,Storage,Ổ cứng để bàn HDD Lacie D2 Professional 10 TB USB 3.1 Type C.0 (STHA10000800),11890000,https://phongvu.vn/o-cung-de-ban-hdd-lacie-d2-professional-10-tb-usb-3-1-type-c-0-stha10000800--s211001504,Lacie,60 tháng,External,Đen,10TB,USB 3.1,260MB/s,"Windows, macOS",Khác,,,Không,,
storage_145,Storage,Ổ cứng SSD Lexar LNM620 512G M.2 Nvme PCIe Gen3x4 - LNM620X512G-RNNNG,1199000,https://phongvu.vn/o-cung-ssd-lexar-lnm620-512g-m-2-nvme-lnm620x512g-rnnng--s211001497,Lexar,60 tháng,SSD,Đen,512GB,M.2 NVMe,3300MB/s,,M.2 2280,,2400MB/s,Không,,
storage_146,Storage,Ổ Cứng Di Động SSD Seagate Expansion 1TB USB-C - STLH1000400,4490000,https://phongvu.vn/o-cung-di-dong-ssd-seagate-expansion-1tb-usb-c-stlh1000400--s210900657,Seagate,36 tháng,di động SSD,Đen,1TB,USB Type C,,"Windows, macOS",Khác,,,Không,,
storage_147,Storage,Ổ Cứng SSD MSI SPATIUM M480 PCIe 4.0 NVMe M.2 1TB,2990000,https://phongvu.vn/o-cung-ssd-msi-spatium-m480-pcie-4-0-nvme-m-2-1tb--s210800664,Msi,60 tháng,SSD,Đen,1TB,M.2 NVMe,7000MB/s,,M.2 2280,,5500MB/s,3D-NAND,1GB,
storage_148,Storage,Ổ Cứng Di Động SSD Seagate One Touch 1TB USB-C + Rescue (Đen) - STKG1000400,3490000,https://phongvu.vn/o-cung-di-dong-ssd-seagate-one-touch-1tb-usb-c-rescue-den-stkg1000400--s210700746,Seagate,36 tháng,di động SSD,Đen,1TB,USB Type C,,"Windows, Mac",Khác,,,Không,,
storage_149,Storage,"Ổ cứng gắn trong/ HDD Desktop WD Gold 8TB 3.5"" Sata 3 (WD8004FRYZ)",8090000,https://phongvu.vn/o-cung-gan-trong-hdd-desktop-wd-gold-8tb-3-5-sata-3-wd8004fryz--s210500222,WD,60 tháng,HDD,Bạc,8TB,SATA 3,,"Linux, Windows","3.5""",7200RPM,,Không,256MB,
storage_150,Storage,Ổ cứng SSD Kingston NV1 2000GB NVMe PCIe M.2 Gen3 x4 (SNVS/2000G),5209000,https://phongvu.vn/o-cung-gan-trong-ssd-kingston-2000gb-m-2-2280-nv1-snvs-2000g--s210500219,Kingston,36 tháng,SSD,Xanh,2TB,M.2 NVMe,2100MB/s,,M.2 2280,,1700MB/s,Không,,
storage_151,Storage,Ổ cứng gắn trong/ SSD Samsung 980 Pro 2TB M2 PCIe 4.0 (MZ-V8P2T0BW),5050000,https://phongvu.vn/o-cung-gan-trong-ssd-samsung-980-pro-2tb-m2-pcie-4-0-mz-v8p2t0bw--s210500134,Samsung,60 tháng,SSD,Đen,2TB,PCIe,7000MB/s,Windows 10,M.2 2280,,5100MB/s,V-NAND,2GB,Bảo hành theo thời gian hoặc theo 150 TBW ( tùy thuộc yếu tố nào đến trước)
storage_152,Storage,Ổ cứng gắn ngoài SSD LaCie Rugged Thunderbolt 3 2TB USB-C (STHR2000800),15690000,https://phongvu.vn/o-cung-gan-ngoai-ssd-lacie-rugged-thunderbolt-3-2tb-usb-c-sthr2000800--s210200910,Lacie,36 tháng,di động SSD,Cam,2TB,USB Type C,1050MB/s,"Windows 8, Windows 8.1, Windows 10, macOS, Windows 7",Khác,,,Không,,
storage_153,Storage,Ổ cứng gắn ngoài chống sốc Lacie Rugged Type-C 5TB USB-C + SRS (STFR5000800),8990000,https://phongvu.vn/o-cung-gan-ngoai-chong-soc-lacie-rugged-type-c-5tb-usb-c-srs-stfr5000800--s210200908,Lacie,24 tháng,di động HDD,Cam,5TB,USB Type C,130MB/s,"Windows 7, Windows 10, Windows 8.1, Windows 8, macOS",Khác,,,Không,,
storage_154,Storage,Ổ cứng SSD SanDisk PLUS-480GB (SDSSDA-480G-G26),1390000,https://phongvu.vn/o-cung-gan-trong-ssd-sandisk-plus-480gb-sdssda-480g-g26--s210200027,Sandisk,36 tháng,SSD,Đen,480GB,SATA 3,535MB/s,,"2.5""",,,Không,,
storage_155,Storage,Ổ cứng gắn trong / SSD SanDisk Extreme PRO 1TB M.2 NVMe 3D (SDSSDXPM2-1T00-G25),4319000,https://phongvu.vn/o-cung-gan-trong-ssd-sandisk-extreme-pro-1tb-m-2-nvme-3d-sdssdxpm2-1t00-g25--s210200025,Sandisk,60 tháng,SSD,Đen,1TB,M.2 NVMe,3400MB/s,,M.2 2280,,2800MB/s,3D-NAND,,
storage_156,Storage,"Ổ cứng gắn ngoài/ HDD Transcend Extra Slim 25C3S Type C 2.5"" 2TB (TS2TSJ25C3S)",3590000,https://phongvu.vn/o-cung-di-dong-hdd-transcend-extra-slim-25c3s-type-c-2-5-inch-2tb--s210103640,Transcend,24 tháng,External,Trắng,2TB,USB 3.0,,"Windows 8, Windows 10, Linux, macOS, Windows 7","2.5""",,,Không,,
storage_157,Storage,Ổ cứng gắn ngoài SSD Seagate Ultra Touch 1TB White (STJW1000400),5890000,https://phongvu.vn/o-cung-gan-ngoai-ssd-seagate-ultra-touch-1tb-white-stjw1000400--s201201044,Seagate,36 tháng,SSD,Trắng,1TB,"USB 3.0, USB Type C",,"macOS, Windows, Android",Khác,,,Không,,
storage_158,Storage,Ổ cứng SSD WD Black SN850 500GB NVMe M.2 PCIe 4.0 (WDS500G1X0E),3590000,https://phongvu.vn/o-cung-ssd-western-digital-wd-black-sn850-nvme-m-2-2280-500gb-pci-e-4-0-wds500g1x0e--s201100482,WD,60 tháng,SSD,Đen,500GB,M.2 NVMe,7000MB/s,,M.2 2280,,4100 MB/s,3D-NAND,,
storage_159,Storage,Ổ cứng SSD Kingmax PX4480 500GB (Zeus M.2 PCIe NVMe - Gen4x4),3490000,https://phongvu.vn/o-cung-ssd-kingmax-px4480-500gb-zeus-m-2-pcie-nvme-gen4x4--s201001326,Kingmax,36 tháng,SSD,Đen,500GB,M.2 NVMe,5000MB/s,,M.2,,2500MB/s,3D-NAND,,
storage_160,Storage,Ổ cứng di động HDD Lacie Munich Mobile Drive 4TB USB-C (STHG4000400) (Bạc),4990000,https://phongvu.vn/o-cung-di-dong-hdd-lacie-munich-mobile-drive-4tb-usb-c-sthg4000400-bac--s200501164,Lacie,24 tháng,di động HDD,Trắng,4TB,"USB 3.0, USB Type C",,"macOS, Windows",Khác,,,Không,,
storage_161,Storage,"Ổ cứng HDD WD black D10 Game Drive for XBOX ONE 12TB 3.5"", 3.2 (WDBA5E0120HBK-SESN)",14190000,https://phongvu.vn/o-cung-hdd-wd-black-p10-game-drive-for-xbox-one-12tb-25-32-wdba5e0120hbksesn-trang-den--s200200547,WD,36 tháng,HDD,Đen,12TB,USB 3.2,,,"3.5""",7200RPM,,,,
storage_162,Storage,"Ổ cứng HDD WD BLACK P10 Game Drive for XBOX ONE 5TB 2.5"", 3.2 (WDBA5G0050BBK-WESN) (Trắng đen)",5690000,https://phongvu.vn/o-cung-hdd-wd-black-p10-game-drive-for-xbox-one-5tb-25-32-wdba5g0050bbkwesn-trang-den--s200200546,WD,36 tháng,HDD,Đen,5TB,USB 3.2,,,"2.5""",,,Không,,
storage_163,Storage,"Ổ cứng HDD WD 8TB Ultrastar DC HC320 (3.5 inch, 7200RPM, SATA, 256MB cache) (HUS728T8TALE6L4)",6990000,https://phongvu.vn/o-cung-hdd-wd-enterprise-ultrastar-dc-hc320-8tb-35-hus728t8tale6l4--s191100710,WD,60 tháng,HDD,Bạc,8TB,SATA 3,,,"3.5""",7200RPM,,Không,256MB,
storage_164,Storage,Ổ cứng SSD Samsung 970 EVO PLUS 2TB NVMe M.2 (MZ-V7S2T0BW),5290000,https://phongvu.vn/o-cung-ssd-samsung-970-evo-plus-2tb-nvme-m2-mzv7s2t0bw--s191007055,Samsung,60 tháng,SSD,Đen,2TB,M.2 NVMe,3500MB/s,,M.2 2280,,3300MB/s,V-NAND,2GB,Bảo hành theo thời gian hoặc theo 1200 TBW ( tùy thuộc yếu tố nào đến trước)
storage_165,Storage,"Ổ cứng HDD NAS Seagate Ironwolf 12TB 3.5"" SATA (ST12000VN0008)",12990000,https://phongvu.vn/o-cung-hdd-nas-seagate-ironwolf-12tb-35-sata-st12000vn0008--s190900000,Seagate,36 tháng,HDD,,12TB,SATA 3,,,"3.5""",7200RPM,,,256MB,
storage_166,Storage,"Ổ cứng HDD Seagate Skyhawk 1TB 3.5"" SATA 3 - ST1000VX005",1199000,https://phongvu.vn/o-cung-hdd-camera-seagate-skyhawk-1tb-3-5-sata-st1000vx005--s1700733,Seagate,36 tháng,HDD,Bạc,1TB,SATA 3,,,"3.5""",5900RPM,,Không,,
storage_167,Storage,Ổ cứng SSD Western Digital Blue 500GB M.2 2280 SATA 3 - WDS500G2B0B,1790000,https://phongvu.vn/o-cung-ssd-wd-500gb-wds500g2b0b-m2-2280--s1800272,WD,60 tháng,SSD,Xanh,500GB,M.2 SATA,560MB/s,,M.2 2280,,530MB/s,Không,,
storage_168,Storage,"Ổ cứng SSD KINGMAX SMV32 240GB 2.5"" SATA 3",719000,https://phongvu.vn/o-cung-ssd-kingmax-240gb-sata-iii-smv32--s1805087,Kingmax,36 tháng,SSD,Đen,240GB,SATA 3,500MB/s,,"2.5""",,300MB/s,Không,,
storage_169,Storage,"Ổ cứng SSD Crucial BX500 240GB 2.5"" SATA 3 - CT240BX500SSD1",749000,https://phongvu.vn/o-cung-ssd-crucial-bx500-2-5-240gb-3d-nand-sata-6-0gb-s-ct240bx500ssd1--s1809371,Crucial,36 tháng,SSD,Đen,240GB,SATA 3,540MB/s,,"2.5""",,500MB/s,3D-NAND,,
storage_170,Storage,"Ổ cứng SSD Crucial MX500 500GB 2.5"" SATA 3 - CT500MX500SSD1",1550000,https://phongvu.vn/o-cung-ssd-crucial-mx500-2-5-500gb-sata-6-0gb-s-ct500mx500ssd1--s1809372,Crucial,60 tháng,SSD,Bạc,500GB,SATA 3,560MB/s,,"2.5""",,510MB/s,3D-NAND,,
storage_171,Storage,Ổ cứng di động SSD Western Digital My Passport Wireless 500GB USB 3.0 WiFi - WDBAMJ5000AGY-PESN (Đen),8299000,https://phongvu.vn/o-cung-gan-ngoai-ssd-wd-my-passport-wireless-500gb-wdbamj5000agy-pesn--s19010153,WD,24 tháng,di động SSD,Đen cam,500GB,"USB 2.0, USB 3.0, WiFi",,,Khác,,,Không,,
storage_172,Storage,"Ổ cứng HDD Toshiba 2.4TB 2.5"" SAS 3 - AL15SEB24EQ",13690000,https://phongvu.vn/o-cung-hdd-toshiba-2-4tb-2-5-10krpm-sas-al15seb24eq--s19020160,Toshiba,60 tháng,HDD,Xanh,2.4TB,SAS 3,,,"2.5""",10500RPM,,Không,128MB,
storage_173,Storage,Ổ cứng SSD Transcend 820s 240GB M.2 SATA 3 - TS240GMTS820S,900000,https://phongvu.vn/o-cung-ssd-transcend-820s-240gb-m2-sata3-ts240gmts820s--s19040036,Transcend,36 tháng,SSD,Xanh lá,240GB,M.2 SATA,550MB/s,"Windows 8, Windows 10, Linux, Windows 7",M.2,,500MB/s,3D-NAND,,
storage_174,Storage,Ổ cứng SSD Plextor 128GB M.2 2280 SATA 3 - PX-128M8VG,690000,https://phongvu.vn/o-cung-ssd-plextor-128gb-px-128m8vg-m2-2280--s19050306,Plextor,36 tháng,SSD,Xanh lá,128GB,M.2 SATA,560MB/s,"Windows 8.1, Windows 10, Linux, Windows 7",M.2 2280,,400MB/s,3D-NAND,,
storage_175,Storage,"Ổ cứng HDD Western Digital Blue 2TB 3.5"" SATA 3 - WD20EZAZ",1690000,https://phongvu.vn/cung-hdd-wd-blue-2tb-sata3-5400rpm-wd20ezaz--s19050323,WD,24 tháng,HDD,Xanh,2TB,SATA 3,,,"3.5""",5400RPM,,Không,256MB,
storage_176,Storage,Ổ cứng SSD Kingston A400 120GB M.2 2280 SATA 3 - SA400M8/120G,790000,https://phongvu.vn/o-cung-ssd-kingston-a400-120gb-m-2-2280-sa400m8-120g--s19050386,Kingston,36 tháng,SSD,Xanh,120GB,M.2 SATA,500MB/s,,M.2 2280,,320MB/s,Không,,
storage_177,Storage,"Ổ cứng di động SSD SanDisk Creator Desk Drive 8TB, USB-C 3.2 Gen 2, 1000MB/s (SDSSDT40C-8T00-A25)",36990000,https://phongvu.vn/o-cung-di-dong-ssd-sandisk-creator-desk-drive-8tb-usb-c-3-2-gen-2-1000mb-s-sdssdt40c-8t00-a25--s260301660,Sandisk,36 tháng,SSD,Xanh,8TB,"USB Type C, USB 3.2",1000MB/s,"Windows 10+, macOS 14+",,,,,,
storage_178,Storage,"Ổ cứng gắn ngoài SSD SanDisk 4TB Extreme Pro Creator, 2000/2000MB/s, USB-C 3.2 Gen-2x2, Xanh (SDSSDE81C-4T00-G25)",20690000,https://phongvu.vn/o-cung-gan-ngoai-ssd-sandisk-4tb-extreme-pro-creator-2000-2000mb-s-usb-c-3-2-gen-2x2-xanh-sdssde81c-4t00-g25--s251113491,Sandisk,60 tháng,SSD,Xanh,4TB,USB Type C,2000MB/s,"macOS 14+, Windows 10+",,,,,,
storage_179,Storage,"Ổ cứng gắn ngoài SSD Crucial 4TB X9, USB-C 3.2 Gen 2 (10Gb/s), 1050/1050MB/s, Đen (CT4000X9SSD9)",12590000,https://phongvu.vn/o-cung-gan-ngoai-ssd-crucial-4tb-x9-usb-c-3-2-gen-2-10gb-s-1050-1050mb-s-den-ct4000x9ssd9--s251111627,Crucial,36 tháng,SSD,Đen,4TB,USB 3.2,1050MB/s,"Windows, macOS, iOS/iPadOS, Android",,,,,,
storage_180,Storage,Ổ cứng gắn trong/ SSD WD SN5100 PCIe 1TB M2 - Blue (WDS100T5B0E),6290000,https://phongvu.vn/o-cung-gan-trong-ssd-wd-sn5100-pcie-1tb-m2-blue-wds100t5b0e--s251107172,WD,60 tháng,SSD,Xanh,1TB,PCIe,7100MB/s,,M.2 2280,,6700MB/s,,,
storage_181,Storage,Ổ cứng gắn trong/ SSD WD BLACK SN7100 4TB NVMe (WDS400T4X0E-00CJA0),32990000,https://phongvu.vn/o-cung-gan-trong-ssd-wd-black-sn7100-4tb-nvme-wds400t4x0e-00cja0--s250803208,WD,36 tháng,SSD,Đen,4TB,M.2 NVMe,7000MB/s,,M.2 2280,,6700MB/s,3D-NAND,,
storage_182,Storage,"Ổ cứng gắn trong/ HDD WD Black Gaming 6TB 3.5"" 256MB SATA 3 (WD6004FZBX)",6490000,https://phongvu.vn/o-cung-gan-trong-hdd-wd-3-5-sata-3-6tb-wd6004fzbx-den--s250719880,WD,60 tháng,HDD,Đen,6TB,SATA 3,,,"3.5""",7200RPM,,,128MB,
storage_183,Storage,Ổ cứng gắn trong/ SSD KINGSTON 1024GB Kingston FURY Renegade G5 PCIe 5.0 M.2 NVMe (SFYR2S/1T0),12990000,https://phongvu.vn/o-cung-gan-trong-ssd-kingston-1024gb-kingston-fury-renegade-g5-pcie-5-0-m-2-nvme-sfyr2s-1t0--s250717330,Kingston,60 tháng,SSD,Đen,1TB,PCIe,14200 MB/s,,M.2 2280,,11000MB/s,3D-NAND,,
storage_184,Storage,Ổ cứng gắn trong/ SSD NVMe 2TB KIOXIA with Heatsink Gen4x4 (LSC11K2T04G8),4190000,https://phongvu.vn/o-cung-gan-trong-ssd-nvme-2tb-kioxia-with-heatsink-gen4x4--s250516533,Kioxia,60 tháng,SSD,Vàng đen,2TB,M.2 NVMe,6200MB/s,,M.2 2280,,4900MB/s,Không,,
storage_185,Storage,Ổ cứng gắn ngoài SSD SanDisk E30 2TB (‎SDSSDE30-2T00-G26),9690000,https://phongvu.vn/o-cung-gan-ngoai-ssd-sandisk-e30-2tb-sdssde30-2t00-g26--s250400544,Sandisk,36 tháng,SSD,Đen,2TB,USB 3.2,800MB/s,,,,,,,
storage_186,Storage,Ổ Cứng gắn trong Samsung SSD 990 Pro Heatsink 4TB M2 PCIe 4.0 (MZ-V9P4T0CW),9990000,https://phongvu.vn/o-cung-gan-trong-samsung-ssd-990-pro-heatsink-4tb-m2-pcie-4-0-mz-v9p4t0cw--s250115739,Samsung,60 tháng,SSD,Đen đỏ,4TB,"PCIe, M.2 NVMe",7450MB/s,,M.2 2280,,6900MB/s,V-NAND,,
storage_187,Storage,"Ổ cứng gắn trong SEAGATE HDD IronWolf Pro 4TB, 7200 RPM, Cache 256MB (ST4000NE001)",4890000,https://phongvu.vn/o-cung-gan-trong-seagate-hdd-ironwolf-pro-4tb-7200-rpm-cache-256mb-st4000ne001--s240302564,Seagate,60 tháng,HDD,Đỏ,4TB,SATA 3,,,"3.5""",7200RPM,,,256MB,
storage_188,Storage,"Ổ cứng gắn trong SEAGATE HDD FireCuda 4TB, 7200 RPM, Cache 256MB (ST4000DX005)",5190000,https://phongvu.vn/o-cung-gan-trong-seagate-hdd-firecuda-4tb-7200-rpm-cache-256mb-st4000dx005--s240302559,Seagate,60 tháng,HDD,Bạc,4TB,SATA 3,,,"3.5""",7200RPM,,,256MB,
storage_189,Storage,Ổ cứng gắn trong/ SSD ADATA Legend 850 Lite PCIe Gen4 x4 M.2 2280 500G (ALEG-850L-500GCS),1190000,https://phongvu.vn/o-cung-gan-trong-ssd-adata-legend-850-lite-pcie-gen4-x4-m-2-2280-500g-aleg-850l-500gcs--s230702529,Adata,36 tháng,SSD,Xám,500GB,PCIe,4700MB/s,,M.2 2280,,1700MB/s,3D-NAND,,
storage_190,Storage,Ổ Cứng Di Động SSD LaCie Portable 2TB USB-C + Rescue (Bạc) - STKS2000400,9790000,https://phongvu.vn/o-cung-di-dong-ssd-lacie-portable-2tb-usb-c-rescue-bac-stks2000400--s230502048,Lacie,36 tháng,di động SSD,Bạc,2TB,USB Type C,1050MB/s,"macOS, Windows",,,1000MB/s,,,
storage_191,Storage,Ổ cứng gắn trong/ SSD ADATA LEGEND 800 500GB M.2 NVMe Gen4 X4 (ALEG-800-500GCS),1090000,https://phongvu.vn/o-cung-gan-trong-ssd-adata-legend-800-aleg-800-gcs-500gb-den--s230203677,Adata,36 tháng,SSD,Đen,500GB,M.2 NVMe,3500MB/s,,M.2 2280,,2800MB/s,3D-NAND,,
storage_192,Storage,Ổ cứng WD MY PASSPORT SSD 256GB (WDBK3E2560PS),1090000,https://phongvu.vn/o-cung-wd-my-passport-ssd-256gb-wdbk3e2560ps-256gb-den-bac--s230201966,WD,36 tháng,SSD,Đen bạc,256GB,USB 3.1,,"Windows 8, Windows 8.1, Windows 10, macOS, Windows 7","2.5""",,,,,
storage_193,Storage,Ổ cứng SSD MSI SPATIUM M371 NVMe M.2 500GB,1169000,https://phongvu.vn/o-cung-ssd-msi-spatium-m371-nvme-m-2-500gb--s230200110,Msi,60 tháng,SSD,Đen xanh,500GB,M.2 NVMe,2200MB/s,,M.2 2280,,1150MB/s,3D-NAND,,
storage_194,Storage,Ổ cứng SSD MSI SPATIUM M370 NVMe M.2 1TB,3719000,https://phongvu.vn/o-cung-ssd-msi-spatium-m370-nvme-m-2-1tb--s230200109,Msi,60 tháng,SSD,Đen xanh,1TB,M.2 NVMe,2400MB/s,,M.2 2280,,1750MB/s,3D-NAND,,
storage_195,Storage,Ổ cứng SSD MSI SPATIUM M390 NVMe M.2 1TB,2669000,https://phongvu.vn/o-cung-ssd-msi-spatium-m390-nvme-m-2-1tb--s230200107,Msi,60 tháng,SSD,Đen xanh,1TB,M.2 NVMe,3300MB/s,,M.2 2280,,3000MB/s,3D-NAND,,
storage_196,Storage,"Ổ cứng HDD Camera Seagate Skyhawk AI 12TB 3.5"" SATA (ST12000VE001)",10895000,https://phongvu.vn/o-cung-hdd-camera-seagate-skyhawk-ai-12tb-3-5-sata-st12000ve001--s211006743,Seagate,60 tháng,HDD,Bạc,12TB,SATA 3,,,"3.5""",,,Không,256MB,
storage_197,Storage,Ổ cứng di động SSD WD Black P50 Game Drive 500GB USB 3.2 (WDBA3S5000ABK-WESN),5390000,https://phongvu.vn/o-cung-di-dong-ssd-wd-black-p50-game-drive-500gb-usb-3-2-wdba3s5000abk-wesn--s211006270,WD,60 tháng,di động SSD,Đen,500GB,USB 3.2,2000MB/s,"Windows 8.1, Windows 10, macOS",Khác,,,Không,,
storage_198,Storage,Ổ Cứng Di Động SSD Seagate Firecuda Gaming SSD 500GB USB-C - STJP500400,4990000,https://phongvu.vn/o-cung-di-dong-ssd-seagate-firecuda-gaming-ssd-500gb-usb-c-stjp500400--s210600383,Seagate,36 tháng,SSD,Đen,500GB,USB Type C,2000MB/s,Windows 10,"2.5""",,,Không,,
storage_199,Storage,"Ổ cứng gắn ngoài HDD Seagate 2TB Backup Plus Ultra Touch 2.5"" USB-C + SRS (STHH2000402) (Trắng)",3190000,https://phongvu.vn/o-cung-gan-ngoai-hdd-seagate-2tb-backup-plus-ultra-touch-2-5-usb-c-srs-sthh2000402-trang--s210401156,Seagate,36 tháng,External,Trắng,2TB,"USB Type C, USB 3.0",,"Windows 8, Windows 8.1, Windows 10, macOS, Windows 7","2.5""",,,Không,,
storage_200,Storage,Thiết bị lưu trữ Synology DS920+,16052000,https://phongvu.vn/thiet-bi-luu-tru-synology-ds920--s200801143,Synology,36 tháng,Unknown,,,,,,,,,,,
