ID,category,name,price,link,brand,warranty,model_name,part_number,series,color,Công suất tối đa,Hiệu suất,modular,form_factor,Số cổng cắm,Quạt làm mát,Nguồn đầu vào,Khối lượng,Kích thước,pfc,protection_cert,Nhiệt độ môi trường hoạt động lý tưởng của nguồn,power_factor,tier,warranty_period,sku,status,features,availability,led,warranty_desc,wattage_w,psu_tier
psu_001,PSU,Nguồn máy tính Corsair HX1500i - 1500W - Cybenetics Platinum - Full Modular (CP-9020269-NA),8990000,https://phongvu.vn/nguon-may-tinh-corsair-hx1500i-shift-platinum-full-modular-cp-9020269-na--s260302529,Corsair,120 tháng,HX1500i,CP-9020269-NA,HXI SHIFT Series,Đen,1500W,Cybenetics Platinum,Full Modular,ATX,"1 x 24-pin Main, 1 x 16-pin (12+4) PCIE, 2 x 8-pin (4+4) EPS, 12 x SATA, 6 x 8-pin (6+2) PCIE, 8 x PATA",1 x 140 mm,100 - 240VAC,4.348kg,20 x 15 x 8.6cm,,,,,,,,,,,,,1500.0,extreme
psu_002,PSU,Nguồn máy tính Corsair RM1000x - 1000W - Cybenetics Gold - Full Modular (CP-9020275-NA),4990000,https://phongvu.vn/nguon-may-tinh-corsair-rm1000x-shift-80-plus-gold-white-full-modular-cp-9020275-na--s260302503,Corsair,120 tháng,RM1000x,CP-9020275-NA,RMx SHIFT Series,Trắng,1000W,Cybenetics Gold,Full Modular,ATX,"1 x 24-pin Main, 1 x 16-pin (12+4) PCIE, 2 x 8-pin (4+4) EPS, 16 x SATA, 4 x 8-pin (6+2) PCIE, 8 x PATA",1 x 140 mm,100 - 240VAC,3.9kg,,,,,,,,,,,,,,1000.0,high
psu_003,PSU,Nguồn máy tính Corsair RM850e - 850W - Cybenetics Gold - Full Modular (CP-9020293-NA),3590000,https://phongvu.vn/nguon-may-tinh-psu-corsair-rm850e-white-atx-3-1-full-modular-cp-9020293-na--s260302480,Corsair,84 tháng,RM850e,CP-9020293-NA,RMe Series,Trắng,850W,Cybenetics Gold,Full Modular,ATX,"1 x 24-pin Main, 1 x 16-pin (12+4) PCIE, 2 x 8-pin (4+4) EPS, 6 x SATA, 3 x 8-pin (6+2) PCIE, 2 x PATA",1 x 120 mm,100 - 240VAC,2.93kg,14 x 15 x 8.6 cm,,,,,,,,,,,,,850.0,high
psu_004,PSU,Nguồn máy tính Msi MAG A750BN PCIE5 III - 750W - 80 Plus Bronze,1590000,https://phongvu.vn/nguon-may-tinh-msi-a750bn-pcie5-iii-750w-80-plus-non-modular-306-7zptx25-hd8--s251111600,Msi,36 tháng,MAG A750BN PCIE5 III,306-7ZPTX25-HD8,MAG,Đen,750W,80 Plus Bronze,không hỗ trợ,ATX,"1 x 24-pin Main, 2 x 8-pin (4+4) EPS, 1 x 16-pin PCIE, 3 x 8-pin (6+2) PCIE, 3 x SATA, 2 x Peripheral (4-pin)",1 x 120 mm,100 - 240VAC,2.5kg,140 x 150 x 86 mm,Active,"OVP, OCP, SCP, OPP, UVP",,,,,,,,,,,750.0,mid
psu_005,PSU,Nguồn máy tính Cooler Master CoolerMaster V Platinum 1600 V2 - 1600W - 80 Plus Platinum - Full Modular (MPZ-G002-AFAP-BEU),7590000,https://phongvu.vn/nguon-may-tinh-coolermaster-v-platinum-1600-v2-a-eu-cord--s250637345,Cooler Master,144 tháng,CoolerMaster V Platinum 1600 V2,MPZ-G002-AFAP-BEU,,Đen,1600W,80 Plus Platinum,Full Modular,ATX,"1 x 24-pin Main, 1 x 8-pin (4+4) EPS, 1x 8-pin EPS, 16 x SATA, 4 x Peripheral (4-pin), 5 x 8-pin (6+2) PCIE, 2 x 12V-2x6 Connectors",1 x 135 mm,100 - 240VAC,3.55kg,160 x 150 x 86 mm,,"OPP, OVP, OTP, OCP, SCP, UVP",50 độ C,,,,,,,,,,1600.0,extreme
psu_006,PSU,Nguồn máy tính Cooler Master MWE Gold 850 V3 ATX 3.1 - 850W - 80 Plus Gold - Full Modular (MPX-8503-AFAG-2***),2690000,https://phongvu.vn/nguon-may-tinh-cooler-master-mwe-gold-850-v3-atx-3-1--s250504322,Cooler Master,120 tháng,MWE Gold 850 V3 ATX 3.1,MPX-8503-AFAG-2***,MWE Gold,Đen,850W,80 Plus Gold,Full Modular,ATX,"1 x 24-pin Main, 1 x 8-pin (4+4) EPS, 1x 8-pin EPS, 6 x SATA, 2 x Peripheral (4-pin), 4 x 8-pin (6+2) PCIE",1 x 120 mm,100 - 240VAC,2.614 kg,160 x 150 x 86 mm,Active,"OPP, OVP, SCP, OTP, OCP, UVP",40 độ C,,,,,,,,,,850.0,high
psu_007,PSU,Nguồn máy tính Corsair RM1000e - 1000W - Cybenetics Gold - Full Modular,4390000,https://phongvu.vn/nguon-may-tinh-corsair-rm1000e-atx-3-1-cybenetics-gold-full-modul--s250309516,Corsair,84 tháng,RM1000e,,RMe Series,Đen,1000W,Cybenetics Gold,Full Modular,ATX,"1 x 24-pin Main, 2 x 8-pin (4+4) EPS, 1 x 8-pin (6+2) PCIE, 2 x PATA, 6 x SATA, 1 x 16-pin (12+4) PCIE",1 x 120 mm,100 - 240VAC,3.23 kg,14 x 150 x 8.6 cm,,,,,,,,,,,,,1000.0,high
psu_008,PSU,Nguồn máy tính Corsair RM850ep - 850W - Cybenetics Gold - Full Modular (CP-9020296-NA),2890000,https://phongvu.vn/nguon-may-tinh-corsair-rm850e-atx-3-1-cybenetics-gold-full-modul-cp-9020296-na--s250309302,Corsair,84 tháng,RM850ep,CP-9020296-NA,RMe Series,Đen,850W,Cybenetics Gold,Full Modular,ATX,"1 x 24-pin Main, 2 x 8-pin (4+4) EPS, 2 x PATA, 6 x SATA, 1 x 16-pin (12+4) PCIE, 3 x 8-pin (6+2) PCIE",1 x 120 mm,100 - 240VAC,2.93g,14 x 15 x 8.6 cm,,,,,,,,,,,,,850.0,high
psu_009,PSU,Nguồn máy tính Msi MAG A650BNL - 650W - 80 Plus Bronze,1390000,https://phongvu.vn/nguon-may-tinh-msi-mag-a650bnl--s250301349,Msi,36 tháng,MAG A650BNL,,MAG,Đen,650W,80 Plus Bronze,không hỗ trợ,ATX,"1 x 24-pin Main, 2 x 8-pin (4+4) EPS, 2 x 8-pin (6+2) PCIE, 5 x SATA, 2 x Peripheral (4-pin), 1 x FDD (4-pin)",1 x 120 mm,110 - 240VAC,,150 x 140 x 86mm,Active,"OCP, OVP, OPP, SCP",,,,,,,,,,,650.0,mid
psu_010,PSU,Nguồn máy tính Msi MAG A1250GL PCIE5 - 1250W - 80 Plus Gold - Full Modular,5790000,https://phongvu.vn/nguon-may-tinh-msi-mag-a1250gl-pcie5--s250116590,Msi,60 tháng,MAG A1250GL PCIE5,,MAG,Đen,1250W,80 Plus Gold,Full Modular,ATX,"1 x 24-pin Main, 2 x 8-pin (4+4) EPS, 1 x 16-pin PCIE 5.0, 4 x 8-pin (6+2) PCIE, 12 x SATA, 1 x FDD (4-pin)",1 x 135 mm,100 - 240VAC,169g,150 x 150 x 86 mm,Active,"OPP, OVP, SCP, OTP, UVP, OCP",,,,,,,,,,,1250.0,extreme
psu_011,PSU,Nguồn máy tính Gigabyte GP-P650SS - 650W - 80 Plus Silver,1249000,https://phongvu.vn/nguon-may-tinh-gigabyte-gp-p650ss-650w--s240705164,Gigabyte,36 tháng,GP-P650SS,,,Đen,650W,80 Plus Silver,không hỗ trợ,ATX,"1 x 24-pin Main, 2 x 8-pin (4+4) EPS, 3 x Peripheral (4-pin), 5 x SATA, 2 x 8-pin (6+2) PCIE",1 x 120 mm,155 - 240VAC,1.5 kg,150 x 140 x 86 mm,Active,"OVP, OPP, SCP, UVP, OCP, OTP",,0.9,,,,,,,,,650.0,mid
psu_012,PSU,Nguồn máy tính Corsair CX750 - 750W - 80 Plus Bronze,1690000,https://phongvu.vn/nguon-may-tinh-corsair-cx750-cp-9020279-na--s240100191,Corsair,60 tháng,CX750,CP-9020279-NA,CX,Đen,750W,80 Plus Bronze,không hỗ trợ,ATX,"1 x 8-pin (4+4) EPS, 1 x 24-pin Main, 3 x 8-pin (6+2) PCIE, 3 x SATA, 2 x PATA",1 x 120 mm,100 - 240VAC,2.335 kg,15 x 12.5 x 8.6 cm,,,,,,,,,,,,,750.0,mid
psu_013,PSU,Nguồn máy tính Corsair CX650 - 650W - 80 Plus Bronze,1450000,https://phongvu.vn/nguon-may-tinh-corsair-cx650-cp-9020278-na--s240100190,Corsair,60 tháng,CX650,CP-9020278-NA,CX,Đen,650W,80 Plus Bronze,không hỗ trợ,ATX,"3 x SATA, 1 x 24-pin Main, 2 x 8-pin (6+2) PCIE, 1 x 8-pin (4+4) EPS, 2 x PATA",1 x 120 mm,100 - 240VAC,2.32 kg,15 x 12.5 x 8.6 cm,,,,,,,,,,,,,650.0,mid
psu_014,PSU,Nguồn máy tính Corsair CX550 - 550W - 80 Plus Bronze,1190000,https://phongvu.vn/nguon-may-tinh-corsair-cx550-cp-9020277-na--s240100189,Corsair,60 tháng,CX550,CP-9020277-NA,CX,Đen,550W,80 Plus Bronze,không hỗ trợ,ATX,"1 x 24-pin Main, 1 x 8-pin (4+4) EPS, 2 x 8-pin (6+2) PCIE, 3 x SATA, 2 x PATA",1 x 120 mm,100 - 240VAC,2.28kg,15 x 12.5 x 8.6 cm,,,,,,,,,,,,,550.0,budget
psu_015,PSU,Nguồn máy tính MIK C650B - 650W - 80 Plus Bronze,950000,https://phongvu.vn/nguon-may-tinh-mik-c650b-sp006078--s230904117,MIK,36 tháng,C650B,SP006078,,Đen,650W,80 Plus Bronze,không hỗ trợ,ATX,"1 x 24-pin Main, 2 x 8-pin (6+2) PCIE, 2 x 8-pin (4+4) CPU, 4 x SATA, 2 x ATA",1 x 120 mm,200 - 240VAC,1.7 kg,15 x 14 x 8.6 cm,Active,"OCP, OVP, SCP",40 độ C,,,,,,,,,,650.0,mid
psu_016,PSU,"PSU MSI MAG A850GL PCIE5 80 PLUS Gold, Full Modular (306-7ZP8A11-CE0)",2790000,https://phongvu.vn/nguon-may-tinh-msi-mag-a850gl-pcie5-80-plus-gold-full-modular-306-7zp8a11-ce0--s230802065,Msi,60 tháng,MAG A850GL,306-7ZP8A11-CE0,MAG,Đen,850W,80 Plus Gold,Full Modular,ATX,"2 x 8-pin (4+4) EPS, 8 x SATA, 1 x FDD (4-pin), 4 x 8-pin (6+2) PCIE, 1 x 24-pin Main, 1 x 16-pin PCIE 5.0",1 x 120 mm,100 - 240VAC,,140 x 150 x 86 mm,Active,"OPP, OVP, SCP, OTP, UVP, OCP",,,,,,,,,,,,unknown
psu_017,PSU,Nguồn máy tính Msi MPG A1000G PCIE5 - 1000W - 80 Plus Gold - Full Modular,4599000,https://phongvu.vn/nguon-may-tinh-msi-mpg-a1000g-pcie5-80-plus-gold-full-modullar--s230302478,Msi,120 tháng,MPG A1000G PCIE5,,,Đen,1000W,80 Plus Gold,Full Modular,ATX,"1 x 24-pin Main, 2 x 8-pin (4+4) EPS, 6 x 8-pin (6+2) PCIE, 12 x SATA, 1 x FDD (4-pin)",1 x 135 mm,100 - 240VAC,1.3kg,150 x 150 x 86 mm,Active,"OCP, OVP, OPP, OTP, UVP, SCP",,,,,,,,,,,1000.0,high
psu_018,PSU,Nguồn máy tính MIK SPOWER 500 - 500W -,699000,https://phongvu.vn/nguon-may-tinh-mik-snguon-may-tinh-500-sp005841--s220609564,MIK,36 tháng,SPOWER 500,SP005841,,Đen,500W,,không hỗ trợ,ATX,"1 x 24-pin Main, 1 x 8-pin (4+4) CPU, 4 x SATA, 2 x PATA, 1 x 6+2 pin VGA",1 x 120 mm,110 - 220V,1.3kg,85 x 140 x 150 mm,Active,"OPP, OVP, UVP, SCP, SIP",65 độ C,,,,,,,,,,500.0,budget
psu_019,PSU,Nguồn máy tính Xigmatek X-Power III 650 - 600W -,849000,https://phongvu.vn/nguon-may-tinh-xigmatek-x-nguon-may-tinh-iii-650-600w--s220400811,Xigmatek,36 tháng,X-Power III 650,,,Đen,600W,,không hỗ trợ,ATX,"4 x SATA, 2 x 8-pin (6+2) PCIE, 1 x 24-pin Main, 2 x 8-pin (4+4) CPU",1 x 120 mm,230VAC,1.6 kg,150 x 85 x 140(mm),,"OPP, OVP, SCP, UVP",,,,,,,,,,,600.0,mid
psu_020,PSU,Nguồn máy tính Xigmatek X-Power III 550 - 500W - 80 Plus,769000,https://phongvu.vn/nguon-may-tinh-xigmatek-x-nguon-may-tinh-iii-550-500w-230v--s220400810,Xigmatek,36 tháng,X-Power III 550,,,Đen,500W,80 Plus,không hỗ trợ,ATX,"4 x SATA, 2 x 8-pin (6+2) PCIE, 1 x 24-pin Main, 2 x 8-pin (4+4) CPU",1 x 120 mm,230VAC,1.6 kg,150 x 85 x 140(mm),,"OPP, OVP, SCP, UVP",,,,,,,,,,,500.0,budget
psu_021,PSU,Nguồn máy tính Golden Field Dragon GTX580 - 500W,699000,https://phongvu.vn/nguon-may-tinh-golden-field-dragon-500w-gtx580--s1800957,Golden Field,36 tháng,Dragon GTX580,,,,500W,,không hỗ trợ,ATX,,,,,,,,,,,,,,,,,,500.0,budget
psu_022,PSU,Nguồn/ Power Arrow 650W 24P (12cm) - Demo,149000,https://phongvu.vn/nguon-power-arrow-650w-24p-12cm-demo--s260105239?selectPromotionId=2443463,Arrow,0 tháng,,,,,,,,,,,,,,,,,,Hàng thanh lý - lưu kho,Hết bảo hành,1207095.0,"- Sản phẩm trầy xước, cũ, rỉ sét - - Không kèm phụ kiện & hộp",- Công suất: 650W - - Chuẩn kích thước: ATX - - Quạt: 1 x 120 mm,"Cửa hàng Lô G2, Đường K1, KCN Cát Lái, Cụm II, P.Thạnh Mỹ Lợi, TP.Thủ Đức",,,650.0,mid
psu_033,PSU,Nguồn/ Power Golden Field 400W ATX-480GT - Demo,149000,https://phongvu.vn/nguon-power-golden-field-400w-atx-480gt-demo--s260105227?selectPromotionId=2443469,Golden Field,0 tháng,,,,,,,,,,,,,,,,,,Hàng thanh lý - lưu kho,Hết bảo hành,1703190.0,"- Sản phẩm trầy xước, cũ - - Không kèm phụ kiện & hộp",- Công suất: 400W - - Chuẩn kích thước: ATX - - Quạt: 1 x 135 mm,"Cửa hàng Lô G2, Đường K1, KCN Cát Lái, Cụm II, P.Thạnh Mỹ Lợi, TP.Thủ Đức",,,400.0,budget
psu_034,PSU,Nguồn/ Power Golden Field 500W ATX-580GT - Demo,249000,https://phongvu.vn/nguon-power-golden-field-500w-atx-580gt-demo--s260105226?selectPromotionId=2443473,Golden Field,0 tháng,,,,,,,,,,,,,,,,,,Hàng thanh lý - lưu kho,Hết bảo hành,1704385.0,"- Sản phẩm trầy xước, cũ - - Không kèm phụ kiện & hộp",- Công suất: 500W - - Chuẩn kích thước: ATX - - Quạt: 1 x 120 mm,"Cửa hàng Lô G2, Đường K1, KCN Cát Lái, Cụm II, P.Thạnh Mỹ Lợi, TP.Thủ Đức",,,500.0,budget
psu_040,PSU,Nguồn/ Power Corsair 400W VS - Demo,390000,https://phongvu.vn/nguon-power-corsair-400w-vs-demo--s260105220?selectPromotionId=2443465,Corsair,0 tháng,,,,,,,,,,,,,,,,,,Hàng thanh lý - lưu kho,Hết bảo hành,1603492.0,"- Sản phẩm trầy xước, cũ - - Không kèm phụ kiện & hộp",- Công suất: 400W - - Chuẩn hiệu suất: 80 Plus White - - Chuẩn kích thước: ATX - - Quạt: 1 x 120 mm,"Cửa hàng Lô G2, Đường K1, KCN Cát Lái, Cụm II, P.Thạnh Mỹ Lợi, TP.Thủ Đức",,,400.0,budget
psu_042,PSU,Nguồn/ Power Y600 T (Stock Buffer) - Demo,80000,https://phongvu.vn/nguon-power-y600-t-stock-buffer-hang-trung-bay--s240901284?selectPromotionId=2443475,Khác,0 tháng,,,,,,,,,,,,,,,,,,Hàng thanh lý - lưu kho,Hết bảo hành,201200336.0,"- Sản phẩm trầy xước, cũ - - Không kèm phụ kiện & hộp",- Công suất: 230W - - Chuẩn kích thước: ATX - - Quạt: 1 x 120 mm,"Cửa hàng Lô G2, Đường K1, KCN Cát Lái, Cụm II, P.Thạnh Mỹ Lợi, TP.Thủ Đức",,,,unknown
psu_043,PSU,Nguồn/ Power Golden Field Dragon 400W GTX480 - Demo,45000,https://phongvu.vn/nguon-power-golden-field-dragon-400w-gtx480-hang-trung-bay--s240901197?selectPromotionId=2443474,Golden Field,0 tháng,,,,,,,,,,,,,,,,,,Hàng thanh lý - lưu kho,29/07/2026,1800041.0,"- Sản phẩm trầy xước, cũ, dây bị cắt 1 đoạn - - Vỏ hộp sai SN",- Công suất: 400W - - Chuẩn kích thước: ATX - - Quạt: 1 x 120 mm,"Cửa hàng 82 Bạch Đằng, Phường Phước Trung, Thành phố Bà Rịa, Tỉnh Bà Rịa - Vũng Tàu, Việt Nam",,,400.0,budget
psu_044,PSU,Nguồn máy tính Xigmatek LITEPOWER II i550 - EN46421 - 400W - 80 Plus Bronze,590000,https://phongvu.vn/nguon-may-tinh-psu-xigmatek-litepower-ii-i550-en46421--s260305562,Xigmatek,36 tháng,LITEPOWER II i550 - EN46421,EN46421,,Đen,400W,80 Plus Bronze,không hỗ trợ,ATX,"1 x 24-pin Main, 1 x 8-pin (4+4) CPU, 1 x 8-pin (6+2) PCIE, 3 x SATA, 3 x MOLEX (4-pin)",1 x 120 mm,220 - 240VAC,1.4kg,150 x 85 x 140(mm),Active,"OPP, UVP, OVP, SCP",,,,,,,,,,,400.0,budget
psu_045,PSU,Nguồn máy tính Corsair RM1000x - 1000W - Cybenetics Gold - Full Modular (CP-9020271-NA),4890000,https://phongvu.vn/nguon-may-tinh-corsair-rm1000x-atx-3-1-full-modular-cp-9020271-na--s260302490,Corsair,120 tháng,RM1000x,CP-9020271-NA,RMx,Đen,1000W,Cybenetics Gold,Full Modular,ATX,"1 x 24-pin Main, 1 x 16-pin (12+4) PCIE, 2 x 8-pin (4+4) EPS, 12 x SATA, 4 x 8-pin (6+2) PCIE, 6 x PATA",1 x 140 mm,100 - 240VAC,3.65kg,16 x 15 x 8.6 cm,,,,,,,,,,,,,1000.0,high
psu_046,PSU,Nguồn máy tính Corsair RM750e - 750W - Cybenetics Gold - Full Modular (CP-9020292-N),3190000,https://phongvu.vn/nguon-may-tinh-psu-corsair-rm750e-white-atx-3-1-full-modular-cp-9020292-na--s260302475,Corsair,84 tháng,RM750e,CP-9020292-N,RMe Series,Trắng,750W,Cybenetics Gold,Full Modular,ATX,"1 x 24-pin Main, 1 x 16-pin (12+4) PCIE, 2 x 8-pin (4+4) EPS, 6 x SATA, 3 x 8-pin (6+2) PCIE, 2 x PATA",1 x 120 mm,100 - 240VAC,2.901 Kg,14 x 15 x 8.6 cm,,,,,,,,,,,,,750.0,mid
psu_047,PSU,Nguồn máy tính Corsair HX1200i 2025 - 1200W - 80 Plus Platinum - Full Modular (CP-9020307-NA),7990000,https://phongvu.vn/nguon-may-tinh-psu-corsair-hx1200i-2025-full-modular-cp-9020307-na--s260302463,Corsair,120 tháng,HX1200i 2025,CP-9020307-NA,HXI Series,Đen,1200W,80 Plus Platinum,Full Modular,ATX,"1 x 24-pin Main, 2 x 8-pin (4+4) EPS, 5 x 8-pin (6+2) PCIE, 8 x SATA, 6 x PATA",1 x 140 mm,100 - 240VAC,4.84kg,,,,,,,,,,,,,,1200.0,extreme
psu_048,PSU,Nguồn máy tính Asus ROG Thor 1200W Platinum III Hatsune Miku Edition - 1200W - 80 Plus Platinum - Full Modular,14990000,https://phongvu.vn/nguon-may-tinh-asus-rog-thor-1200w-platinum-iii-hatsune-miku-edition--s251101069,Asus,120 tháng,ROG Thor 1200W Platinum III Hatsune Miku Edition,,ROG,Đen,1200W,80 Plus Platinum,Full Modular,ATX,"1 x 24-pin Main, 2 x 8-pin (4+4) CPU, 1 x 16-pin PCIE, 4 x 8-pin (6+2) PCIE, 7 x SATA, 6 x Peripheral (4-pin)",1 x 135 mm,100 - 240VAC,2.37 kg,190 x 150 x 86 mm,Active,"OPP, OVP, UVP, SCP, OCP, OTP",25°C,,,,,,,,ARGB,,1200.0,extreme
psu_049,PSU,Nguồn máy tính Cooler Master MWE Gold 850 V3 ATX 3.1 - Non Modular - 850W - 80 Plus Gold,1990000,https://phongvu.vn/nguon-may-tinh-cooler-master-mwe-gold-850-v3-atx-3-1-non-modular--s250906227,Cooler Master,60 tháng,MWE Gold 850 V3 ATX 3.1 - Non Modular,MPE8506ACAGBEU1252000470,MWE Gold,Đen,850W,80 Plus Gold,không hỗ trợ,ATX,"1 x 24-pin Main, 1 x 8-pin (4+4) EPS, 1x 8-pin EPS, 4 x 8-pin (6+2) PCIE, 6 x SATA, 2 x Peripheral (4-pin)",1 x 120 mm,100 - 240VAC,2.614 kg,140 x 150 x 86 mm,Active,"OVP, OPP, SCP, UVP, OTP, OCP",50 độ C,,,,,,,,,,850.0,high
psu_050,PSU,Nguồn máy tính Asus 650W Bronze - 650W - 80 Plus Bronze - (90YE00Y1-B0NA00),1490000,https://phongvu.vn/nguon-may-tinh-asus-prime-80plus-bronze-650w-prime-650b-black-90ye00y1-b0na00--s250906228,Asus,72 tháng,650W Bronze,90YE00Y1-B0NA00,Prime,Đen,650W,80 Plus Bronze,,ATX,"1 x 20/24-pin Main, 1 x 8-pin (4+4) EPS, 2 x 8-pin PCIE, 5 x SATA, 3 x Peripheral (4-pin)",,100 - 240VAC,3.067kg,150 x 150 x 86 mm,Active,"OPP, OVP, UVP, SCP, OCP, OTP",,,,,,,,,,,650.0,mid
psu_051,PSU,Nguồn máy tính Asus 750W Bronze - 750W - 80 Plus Bronze - (90YE00Y0-B0NA00),1690000,https://phongvu.vn/nguon-may-tinh-asus-prime-80plus-bronze-750w-prime-750b-black-90ye00y0-b0na00--s250906226,Asus,72 tháng,750W Bronze,90YE00Y0-B0NA00,Prime,Đen,750W,80 Plus Bronze,,ATX,"1 x 20/24-pin Main, 2 x 8-pin (4+4) EPS, 3 x 8-pin PCIE, 6 x SATA, 3 x Peripheral (4-pin)",,100 - 240VAC,3.067kg,150 x 150 x 86 mm,Active,"OPP, OVP, UVP, SCP, OCP, OTP",,,,,,,,,,,750.0,mid
psu_052,PSU,Nguồn máy tính Super Flower Leadex VII XG 850W ATX 3.1 - 850W - 80 Plus Gold - Full Modular (SF-850F14XG(WH)),3290000,https://phongvu.vn/nguon-may-tinh-super-flower-leadex-vii-xg-850w-atx-3-1-white-80-plus-gold-sf-850f14xg-wh--s250504132,Super Flower,60 tháng,Leadex VII XG 850W ATX 3.1,SF-850F14XG(WH),,Trắng,850W,80 Plus Gold,Full Modular,ATX,"1 x 20+4 pin MB, 2 x 8-pin (4+4) CPU, 3 x 8-pin (6+2) PCIE, 3 x 4 SATA, 1 x MOLEX (4-pin), 1 x 16-pin PCIE",1 x 140 mm,100 - 240VAC,2.64kg,160 x 150 x 86 mm,Passive,"OVP, OCP, OPP, SCP, UVP, OTP, LVP, NLO, SIP",50 độ C,,,,,,,,,,850.0,high
psu_053,PSU,Nguồn máy tính Corsair RM750e - 750W - Cybenetics Gold - Full Modular,2790000,https://phongvu.vn/nguon-may-tinh-corsair-rm750e-atx-3-1-cybenetics-gold-full-modul--s250309515,Corsair,84 tháng,RM750e,,RMe Series,Đen,750W,Cybenetics Gold,Full Modular,ATX,"1 x 24-pin Main, 1 x 16-pin (12+4) PCIE, 2 x 8-pin (4+4) EPS, 6 x SATA, 3 x 8-pin (6+2) PCIE, 2 x PATA",1 x 120 mm,100 - 240VAC,2.901 Kg,14 x 15 x 8.6 cm,,,,,,,,,,,,,750.0,mid
psu_054,PSU,Nguồn máy tính Nzxt C850 - 850W - 80 Plus Gold - Full Modular (PA-8G2BW-EU),3690000,https://phongvu.vn/nguon-may-tinh-nzxt-850w-gold-atx-3-1-v2-white--s241106205,Nzxt,120 tháng,C850,PA-8G2BW-EU,,Trắng,850W,80 Plus Gold,Full Modular,ATX,"1 x 24-pin Main, 1 x 8-pin (4+4) CPU, 1 x 8-pin CPU, 3 x 8-pin (6+2) PCIE, 1 x 16-pin (12+4) PCIE, 12 x SATA, 4 x Peripheral (4-pin)",1 x 135 mm,100 - 240VAC,2.5kg,135 x 135 x 25 mm,Active,"FCC, Canada, CE, CB, UKCA, CCC, BSMI, BIS, RCM, UAE",50 độ C,0.99,,,,,,,,,850.0,high
psu_055,PSU,Nguồn máy tính Nzxt C1200 - 1200W - 80 Plus Gold - Full Modular (PA-2G2BB-EU),4990000,https://phongvu.vn/nguon-may-tinh-nzxt-1200w-gold-atx-3-1-v2-black--s241106198,Nzxt,120 tháng,C1200,PA-2G2BB-EU,,Đen,1200W,80 Plus Gold,Full Modular,ATX,"1 x 24-pin Main, 1 x 8-pin (4+4) CPU, 1 x 8-pin CPU, 3 x 8-pin (6+2) PCIE, 1 x 16-pin (12+4) PCIE, 12 x SATA, 4 x Peripheral (4-pin)",1 x 135 mm,200 - 240VAC,2.5kg,135 x 135 x 25 mm,Active,"FCC, Canada, CE, CB, UKCA, CCC, BSMI, BIS, RCM, UAE",50 độ C,0.99,,,,,,,,,1200.0,extreme
psu_056,PSU,Nguồn máy tính Nzxt C1500 - 1500W - 80 Plus Platinum - Full Modular (PA-5P1BB-EU),8990000,https://phongvu.vn/nguon-may-tinh-nzxt-1500w-platinum-atx-3-1-v2-black--s241106195,Nzxt,120 tháng,C1500,PA-5P1BB-EU,,Đen,1500W,80 Plus Platinum,Full Modular,ATX,"1 x 24-pin Main, 1 x 8-pin (4+4) CPU, 1 x 8-pin CPU, 6 x 8-pin (6+2) PCIE, 2 x 16-pin (12+4) PCIE, 12 x SATA, 4 x Peripheral (4-pin)",1 x 140 mm,200 - 240VAC,2.9kg,140 x 140 x 25 mm,Active,"FCC, Canada, CE, CB, UKCA, CCC, BSMI, BIS, RCM, UAE",50 độ C,0.99,,,,,,,,,1500.0,extreme
psu_057,PSU,Nguồn máy tính Nzxt C1000 - 1000W - 80 Plus Gold - Full Modular (PA-1G2BB-EU),4590000,https://phongvu.vn/nguon-may-tinh-nzxt-1000w-gold-atx-3-1-v2-black--s241106191,Nzxt,120 tháng,C1000,PA-1G2BB-EU,,Đen,1000W,80 Plus Gold,Full Modular,ATX,"1 x 24-pin Main, 1 x 8-pin (4+4) CPU, 1 x 8-pin CPU, 3 x 8-pin (6+2) PCIE, 1 x 16-pin (12+4) PCIE, 12 x SATA, 4 x Peripheral (4-pin)",1 x 135 mm,200 - 240VAC,2.5kg,135 x 135 x 25 mm,Active,"FCC, Canada, CE, CB, UKCA, CCC, BSMI, BIS, RCM, UAE",50 độ C,0.99,,,,,,,,,1000.0,high
psu_058,PSU,Nguồn máy tính Nzxt C1200 - 1200W - 80 Plus Gold - Full Modular (PA-2G2BW-EU),5090000,https://phongvu.vn/nguon-may-tinh-nzxt-1200w-gold-atx-3-1-v2-white--s241106188,Nzxt,120 tháng,C1200,PA-2G2BW-EU,,Trắng,1200W,80 Plus Gold,Full Modular,ATX,"1 x 24-pin Main, 1 x 8-pin (4+4) CPU, 1 x 8-pin CPU, 3 x 8-pin (6+2) PCIE, 1 x 16-pin (12+4) PCIE, 12 x SATA, 4 x Peripheral (4-pin)",1 x 135 mm,200 - 240VAC,2.5kg,135 x 135 x 25 mm,Active,"FCC, Canada, CE, CB, UKCA, CCC, BSMI, BIS, RCM, UAE",50 độ C,0.99,,,,,,,,,1200.0,extreme
psu_059,PSU,Nguồn máy tính Nzxt C850 - 850W - 80 Plus Gold - Full Modular (PA-8G2BB-EU),3349000,https://phongvu.vn/nguon-may-tinh-nzxt-850w-gold-atx-3-1-v2-black--s241106184,Nzxt,120 tháng,C850,PA-8G2BB-EU,,Đen,850W,80 Plus Gold,Full Modular,ATX,"1 x 24-pin Main, 1 x 8-pin (4+4) CPU, 1 x 8-pin CPU, 3 x 8-pin (6+2) PCIE, 1 x 16-pin (12+4) PCIE, 12 x SATA, 4 x Peripheral (4-pin)",1 x 135 mm,100 - 240VAC,2.5kg,135 x 135 x 25 mm,Active,"FCC, Canada, CE, CB, UKCA, CCC, BSMI, BIS, RCM, UAE",50 độ C,0.99,,,,,,,,,850.0,high
psu_060,PSU,Nguồn máy tính Gigabyte GP-AE1000PM PG5 ICE - 1000W - 80 Plus Platinum - Full Modular,6749000,https://phongvu.vn/nguon-may-tinh-gigabyte-gp-ae1000pm-pg5-ice-1000w--s241004128,Gigabyte,36 tháng,GP-AE1000PM PG5 ICE,,,Trắng,1000W,80 Plus Platinum,Full Modular,ATX,"1 x 20+4 pin MB, 2 x 8-pin (4+4) EPS, 1 x 16-pin PCIE, 6 x 8-pin (6+2) PCIE, 8 x SATA, 4 x Peripheral (4-pin)",1 x 120 mm,100 - 240VAC,,150 x 140 x 86mm,Active,"OVP, OPP, SCP, UVP, OCP, OTP",,,,,,,,,,,1000.0,high
psu_061,PSU,Nguồn máy tính Corsair RM850x - 80 Plus Gold - Full Modul (CP-9020270-NA),3590000,https://phongvu.vn/nguon-may-tinh-corsair-rm850x-80-plus-gold-full-modul-cp-9020270-na--s241002951,Corsair,120 tháng,RM850x,CP-9020270-NA,RMx,Đen,850W,80 Plus Gold,Full Modular,ATX,"10 x SATA, 6 x 8-pin (6+2) PCIE, 2 x 8-pin (4+4) EPS, 1 x Floppy",1 x 140 mm,100 - 240VAC,3.38kg,150 x 86 x 160 (mm),Active,"OVP, SCP, OTP, UVP, OPP",,,,,,,,,,,,unknown
psu_062,PSU,Nguồn máy tính GIGABYTE GP-P650SS ICE - 650W - 80 Plus Silver,1290000,https://phongvu.vn/nguon-may-tinh-gigabyte-gp-p650ss-ice-650w--s240705165,Gigabyte,36 tháng,GP-P650SS ICE,,,Trắng,650W,80 Plus Silver,không hỗ trợ,ATX,"1 x 24-pin Main, 2 x 8-pin (4+4) EPS, 3 x Peripheral (4-pin), 5 x SATA, 2 x 8-pin (6+2) PCIE",1 x 120 mm,155 - 240VAC,1.5 kg,150 x 140 x 86 mm,Active,"OPP, OVP, SCP, OTP, UVP, OCP",,0.9,,,,,,,,,650.0,mid
psu_063,PSU,Nguồn máy tính Corsair RM850x Shift White CP-9020274-NA - 850W - 80 Plus Gold - Full Modular (CP-9020274-NA),3890000,https://phongvu.vn/nguon-may-tinh-psu-corsair-rm850x-shift-white-cp-9020274-na-850w-80-plus-gold-full-modular-atx-trang--s240703006,Corsair,120 tháng,RM850x Shift White CP-9020274-NA,CP-9020274-NA,RMx,Trắng,850W,80 Plus Gold,Full Modular,ATX,"2 x 8-pin (4+4) EPS, 6 x 8-pin (6+2) PCIE, 12 x SATA, 1 x 24-pin Main, 1 x Floppy",1 x 140 mm,100 - 240VAC,3.2kg,18 x 15 x 8.7 cm,Active,,,,,,,,,,,,850.0,high
psu_064,PSU,Nguồn máy tính CORSAIR RM1200x Shift White 80 Plus Gold - 1200W - 80 Plus Gold - Full Modular (CP-9020276-NA),5890000,https://phongvu.vn/nguon-may-tinh-corsair-rm1200x-shift-white-80-plus-gold-full-modul-cp-9020276-na--s240700612,Corsair,120 tháng,RM1200x Shift White 80 Plus Gold,CP-9020276-NA,RMx,Trắng,1200W,80 Plus Gold,Full Modular,ATX,"1 x 24-pin Main, 2 x 8-pin (4+4) EPS, 1 x 16-pin (12+4) PCIE, 6 x 8-pin (6+2) PCIE, 16 x SATA, 4 x PATA",1 x 140 mm,100 - 240VAC,3.9kg,15 x 16 x 8.6 cm,Active,,,,,,,,,,,,1200.0,extreme
psu_065,PSU,Nguồn máy tính Thermaltake TOUGHPOWER GF A3 Snow - 1050W - 80 Plus Gold - Full Modular,4390000,https://phongvu.vn/nguon-may-tinh-thermaltake-toughnguon-may-tinh-gf-a3-1050w-snow-trang-atx-3-0--s240302575,Thermaltake,120 tháng,TOUGHPOWER GF A3 Snow,,,Trắng,1050W,80 Plus Gold,Full Modular,ATX,"1 x 16-pin (12+4) PCIE, 5 x 8-pin (6+2) PCIE, 1 x 24-pin Main, 2 x 8-pin (4+4) EPS, 8 x Peripheral (4-pin), 1 x Floppy, 8 x SATA",1 x 120 mm,100 - 240VAC,150 x 86 x 140 mm,1 kg,Active,"OVP, SCP, OPP, OTP, UVP, OCP",45 độ C,,,,,,,,,,1050.0,extreme
psu_066,PSU,Nguồn máy tính Asus ROG-THOR-1600T-GAMING 1600W PLATINUM - 1600W - 80 Plus Titanium,18990000,https://phongvu.vn/nguon-may-tinh-asus-rog-thor-1600t-gaming-1600w-platinum-den-90ye00k0-b0aa00--s231203196,Asus,120 tháng,ROG-THOR-1600T-GAMING 1600W PLATINUM,90YE00K0-B0AA00,ROG,Đen,1600W,80 Plus Titanium,không hỗ trợ,ATX,"1 x 20/24-pin Main, 2 x 8-pin (4+4) EPS, 1 x 16-pin PCIE, 10 x 8-pin (6+2) PCIE, 12 x SATA, 6 x Peripheral (4-pin)",1 x 135 mm,100 - 240VAC,2.69kg,19 x 15 x 8.6 cm,,"OPP, OVP, UVP, SCP, OCP, OTP",,,,,,,,,ARGB,,1600.0,extreme
psu_067,PSU,Nguồn máy tính Asus ROG STRIX 1000G AURA GAMING - 1000W - 80 Plus Gold,6490000,https://phongvu.vn/nguon-may-tinh-asus-rog-strix-1000g-aura-gaming-den-90ye00p1-bvaa00--s231203195,Asus,120 tháng,ROG STRIX 1000G AURA GAMING,90YE00P1-BVAA00,ROG,Đen,1000W,80 Plus Gold,không hỗ trợ,ATX,"1 x 20/24-pin Main, 2 x 8-pin (4+4) EPS, 1 x 16-pin PCIE, 4 x 8-pin PCIE, 5 x SATA, 4 x Peripheral (4-pin)",1 x 135 mm,100 - 240VAC,3.03 k,18 x 15 x 8.6 cm,,"OPP, OVP, UVP, SCP, OCP, OTP",,,,,,,,,ARGB,,1000.0,high
psu_068,PSU,Nguồn máy tính Corsair HX1500i - 1500W - 80 Plus Platinum - Full Modular (CP-9020261-NA),9999000,https://phongvu.vn/nguon-may-tinh-corsair-hx1500i-2023-cp-9020261-na--s231103304,Corsair,120 tháng,HX1500i,CP-9020261-NA,HXI Series,Đen,1500W,80 Plus Platinum,Full Modular,ATX,"3 x 8-pin (4+4) EPS, 16 x SATA, 1 x USB Type-C, 9 x 8-pin (6+2) PCIE",1 x 140 mm,100 - 240VAC,2.4kg,20 x 15 x 8.6 cm,,"OPP, OVP, SCP, OTP, OCP",,,,,,,,,,,1500.0,extreme
psu_069,PSU,Nguồn máy tính MSI A750BN PCIE5 - 750W - 80 Plus - Non Modular (306-7ZP2C11-CE0),1590000,https://phongvu.vn/nguon-may-tinh-msi-mag-a750bn-pcie5-306-7zp2c11-ce0--s231103289,Msi,60 tháng,MAG A750BN PCIE5,306-7ZP2C11-CE0,MAG,Đen,750W,80 Plus Bronze,không hỗ trợ,ATX,"1 x 24-pin Main, 2 x 8-pin (4+4) EPS, 2 x 8-pin (6+2) PCIE, 5 x SATA, 2 x MOLEX (4-pin), 1 x FDD (4-pin), 1 x 16-pin PCIE 5.0",1 x 120 mm,100 - 240VAC,2.5kg,140 x 150 x 86 mm,Active,"OCP, OVP, OPP, OTP, SCP",,,,,,,,,,,750.0,mid
psu_070,PSU,"Nguồn máy tính/ PSU MSI MAG A750GL PCIE5 80 PLUS Gold, Full Modular (306-7ZP8B11-CE0)",2690000,https://phongvu.vn/nguon-may-tinh-msi-mag-a750gl-pcie5-80-plus-gold-full-modular-306-7zp8b11-ce0--s230802066,Msi,60 tháng,MAG A750GL,306-7ZP8B11-CE0,MAG,Đen,750W,80 Plus Gold,Full Modular,ATX,"1 x 16-pin PCIE 5.0, 1 x 24-pin Main, 2 x 8-pin (4+4) EPS, 8 x SATA, 1 x FDD (4-pin), 3 x 8-pin (6+2) PCIE",1 x 120 mm,100 - 240VAC,1 Kg,140 x 150 x 86 mm,Active,"OPP, OVP, SCP, OTP, UVP, OCP",,,,,,,,,,,,unknown
psu_071,PSU,Nguồn máy tính Msi MPG A850G PCIE5 - 850W - 80 Plus Gold - Full Modular,3290000,https://phongvu.vn/nguon-may-tinh-msi-mpg-a850g-pcie5-80-plus-gold-full-modullar--s230702769,Msi,60 tháng,MPG A850G PCIE5,,,Đen,850W,80 Plus Gold,Full Modular,ATX,"2 x 8-pin (4+4) EPS, 8 x SATA, 1 x FDD (4-pin), 6 x 8-pin (6+2) PCIE, 1 x 24-pin Main",1 x 135 mm,100 - 240VAC,1 kg,150 x 150 x 86 mm,Active,"OPP, OVP, SCP, OTP, UVP, OCP",,,,,,,,,,,850.0,high
psu_072,PSU,Nguồn máy tính Cooler Master Elite NEX 230V PN700 - 700W -,1050000,https://phongvu.vn/nguon-may-tinh-cooler-master-elite-nex-230v-pn700-mpw-7001-acbk-p--s230603858,Cooler Master,36 tháng,Elite NEX 230V PN700,MPW-7001-ACBK-P,,Đen,700W,,không hỗ trợ,ATX,"1 x 8-pin (4+4) EPS, 5 x SATA, 3 x Peripheral (4-pin), 2 x 8-pin (6+2) PCIE, 1 x 24-pin Main",1 x 120 mm,200 - 240VAC,,140 x 150 x 86 mm,Active,"OPP, OVP, SCP, OTP",40 độ C,,,,,,,,,,700.0,mid
psu_073,PSU,Nguồn máy tính/ PSU Cooler Master Elite NEX 230V PN500 (MPW-5001-ACBK-P),829000,https://phongvu.vn/nguon-may-tinh-cooler-master-elite-nex-230v-pn500-mpw-5001-acbk-p--s230603856,Cooler Master,36 tháng,Elite NEX 230V PN500,MPW-5001-ACBK-P,,Đen,500W,,không hỗ trợ,ATX,"1 x 8-pin (4+4) EPS, 4 x SATA, 2 x Peripheral (4-pin), 1 x 8-pin (6+2) PCIE, 1 x 24-pin Main",1 x 120 mm,200 - 240VAC,,140 x 150 x 86 mm,Active,"OPP, OVP, SCP, OTP, UVP",40 độ C,,,,,,,,,,,unknown
psu_074,PSU,Nguồn máy tính Gigabyte UD850GM - 850W - 80 Plus Gold - Full Modular (GP-UD850GM),2790000,https://phongvu.vn/nguon-may-tinh-gigabyte-ud850gm-850w-80-plus-gold-full-modular-gp-ud850gm--s230402691,Gigabyte,36 tháng,UD850GM,GP-UD850GM,,Đen,850W,80 Plus Gold,Full Modular,ATX,"8 x SATA, 3 x Peripheral (4-pin), 4 x 8-pin (6+2) PCIE, 1 x 24-pin Main, 2 x 8-pin (4+4) CPU, 1 x Floppy",1 x 120 mm,100 - 240VAC,1.5Kg,150 x 140 x 86 mm,Active,"OPP, OVP, SCP, OTP, UVP, OCP",,,,,,,,,,,850.0,high
psu_075,PSU,Nguồn máy tính Gigabyte UD1000GM - 1000W - 80 Plus Gold - Full Modular,4290000,https://phongvu.vn/nguon-may-tinh-gigabyte-ud1000gm-1000w-80-plus-gold-gp-ud1000gm--s230402456,Gigabyte,36 tháng,UD1000GM,,,Đen,1000W,80 Plus Gold,Full Modular,ATX,"1 x 24-pin Main, 2 x 8-pin (4+4) EPS, 6 x 8-pin (6+2) PCIE, 8 x SATA, 4 x Peripheral (4-pin), 1 x Floppy",1 x 120 mm,100 - 240VAC,1.5Kg,150 x 140 x 86 mm,Active,"OPP, SCP, OTP, UVP, OCP, OVP",,,,,,,,,,,1000.0,high
psu_076,PSU,Nguồn máy tính Cooler Master MPE-C501-AFCAG - 1250W - 80 Plus Gold - Full Modular (MPE-C501-AFCAG-3),5290000,https://phongvu.vn/nguon-may-tinh-nguon-may-tinh-cooler-master-mwe-gold-v2-fully-modular-1250w-a-eu-cable-atx3-0-mpe-c501-afcag-3eu--s230400848,Cooler Master,120 tháng,MPE-C501-AFCAG,MPE-C501-AFCAG-3,MWE,Đen,1250W,80 Plus Gold,Full Modular,ATX,"1 x 8-pin (4+4) EPS, 4 x Peripheral (4-pin), 3 x 8-pin (6+2) PCIE, 12 x SATA, 1 x 24-pin Main, 1 x 12VHPWR Connector",1 x 140 mm,100 - 240VAC,1.8kg,180 x 150 x 86 mm,Active,"OPP, OVP, SCP, OTP, UVP, OCP",,,,,,,,,,,1250.0,extreme
psu_077,PSU,Nguồn máy tính Gigabyte GP-UD850GM-PG5 - 850W - 80 Plus Gold - Full Modular (GP-UD850GM-PG5),3290000,https://phongvu.vn/nguon-may-tinh-gigabyte-850w-pcie5-80-plus-gold-full-modular-gp-ud850gm-pg5--s230304995,Gigabyte,36 tháng,GP-UD850GM-PG5,GP-UD850GM-PG5,,Đen,850W,80 Plus Gold,Full Modular,ATX,"1 x 24-pin Main, 2 x 8-pin (4+4) EPS, 1 x 16-pin (12+4) PCIE, 2 x 8-pin (6+2) PCIE, 8 x SATA, 4 x Peripheral (4-pin), 1 x Floppy",1 x 120 mm,100 - 240VAC,1.5 kg,150 x 140 x 86 mm,Active,,,,,,,,,,,,850.0,high
psu_078,PSU,Nguồn máy tính Corsair RM1200x Shift - 1200W - 80 Plus Gold - Full Modular (CP-9020254-NA),6790000,https://phongvu.vn/nguon-may-tinh-corsair-rm1200x-shift-80-plus-gold-full-modul-cp-9020254-na--s230302801,Corsair,120 tháng,RM1200x Shift,CP-9020254-NA,RMx,Đen,1200W,80 Plus Gold,Full Modular,ATX,"1 x 24-pin Main, 2 x 8-pin (4+4) EPS, 1 x 16-pin (12+4) PCIE, 8 x 8-pin (6+2) PCIE, 16 x SATA, 8 x PATA",1 x 140 mm,100 - 240VAC,2 kg,18 x 15 x 8.6 cm,Active,,,,,,,,,,,,1200.0,extreme
psu_079,PSU,Nguồn máy tính Corsair RM1000x Shift - 1000W - 80 Plus Gold - Full Modular (CP-9020253-NA),5299000,https://phongvu.vn/nguon-may-tinh-corsair-rm1000x-shift-80-plus-gold-full-modul-cp-9020253-na--s230302800,Corsair,120 tháng,RM1000x Shift,CP-9020253-NA,RMx,Đen,1000W,80 Plus Gold,Full Modular,ATX,"16 x SATA, 7 x 8-pin (6+2) PCIE, 1 x 24-pin Main, 2 x 8-pin (4+4) EPS",1 x 140 mm,100 - 240VAC,1.9 kg,18 x 15 x 8.6 cm,Active,,,,,,,,,,,,1000.0,high
psu_080,PSU,Nguồn máy tính Corsair RM850x Shift - 850W - 80 Plus Gold - Full Modular (CP-9020252-NA),3899000,https://phongvu.vn/nguon-may-tinh-corsair-rm850x-shift-80-plus-gold-full-modul-cp-9020252-na--s230302799,Corsair,120 tháng,RM850x Shift,CP-9020252-NA,RMx,Đen,850W,80 Plus Gold,Full Modular,ATX,"2 x 8-pin (4+4) EPS, 6 x 8-pin (6+2) PCIE, 12 x SATA, 1 x 24-pin Main, 1 x Floppy",1 x 140 mm,100 - 240VAC,1.7 kg,18 x 15 x 8.6 cm,Active,,,,,,,,,,,,850.0,high
psu_081,PSU,Nguồn máy tính Msi MPG A1000G - 1000W - 80 Plus Gold - Full Modular,4599000,https://phongvu.vn/nguon-may-tinh-msi-mpg-a1000g--s230100371,Msi,120 tháng,MPG A1000G,,,Đen,1000W,80 Plus Gold,Full Modular,ATX,"2 x 8-pin (4+4) EPS, 1 x FDD (4-pin), 7 x 8-pin (6+2) PCIE, 12 x SATA, 1 x 24-pin Main",1 x 135 mm,100 - 240VAC,800 g,150 x 150 x 86 mm,Active,"OPP, OVP, SCP, OTP, UVP, OCP",,,,,,,,,,,1000.0,high
psu_082,PSU,Nguồn máy tính DeepCool PK650D - 650W - 80 Plus Bronze,1209000,https://phongvu.vn/nguon-may-tinh-deepcool-pk650d-650w-80-plus-bronze--s221201192,DeepCool,36 tháng,PK650D,R-PK650D-FA0B,,Đen,650W,80 Plus Bronze,không hỗ trợ,ATX,"2 x 8-pin (4+4) EPS, 7 x SATA, 4 x Peripheral (4-pin), 2 x 8-pin (6+2) PCIE, 1 x 24-pin Main",1 x 120 mm,100 - 240VAC,1200g,150 × 140 × 86 mm,Active,"OPP, OVP, SCP, OTP, UVP, OCP",40 độ C,,,,,,,,,,650.0,mid
psu_083,PSU,Nguồn máy tính DeepCool DA500 - 500W - 80 Plus Bronze,899000,https://phongvu.vn/nguon-may-tinh-deepcool-da500-500w-80-plus-bronze--s221201191,DeepCool,36 tháng,DA500,DP-BZ-DA500N,,Đen,500W,80 Plus Bronze,không hỗ trợ,ATX,"5 x SATA, 3 x Peripheral (4-pin), 1 x 8-pin (6+2) PCIE, 1 x 24-pin Main, 1 x 8-pin (4+4) CPU",1 x 120 mm,100 - 240VAC,1.2Kg,150 × 140 × 86 mm,Active,"OPP, OVP, SCP, UVP",,,,,,,,,,,500.0,budget
psu_084,PSU,Nguồn máy tính Thermaltake Toughpower GF3 - 1200W - 80 Plus Gold - Full Modular,6290000,https://phongvu.vn/nguon-may-tinh-thermaltake-toughnguon-may-tinh-gf3-1200w-fully-modular-full-range-80-plus-gold-pcie-5-0-atx-3-0--s221201186,Thermaltake,120 tháng,Toughpower GF3,,,Đen,1200W,80 Plus Gold,Full Modular,ATX,"1 x 8-pin PCIE, 4 x Peripheral (4-pin), 4 x 8-pin (6+2) PCIE, 12 x SATA, 1 x 24-pin Main, 1 x 8-pin (4+4) CPU, 1 x 16-pin (12+4) PCIE",1 x 135 mm,100 - 240VAC,1.88 KG,150 x 86 x 160 mm,Active,"OVP, OPP, SCP, OTP, OCP",,,,,,,,,,,1200.0,extreme
psu_085,PSU,Nguồn máy tính Thermaltake Smart BM2 - 550W - 80 Plus Bronze - Semi Modular,2090000,https://phongvu.vn/nguon-may-tinh-thermaltake-smart-bm2-550w-semi-modular-full-range-80-plus-bronze--s221201181,Thermaltake,60 tháng,Smart BM2,,,Đen,550W,80 Plus Bronze,Semi Modular,ATX,"6 x SATA, 4 x Peripheral (4-pin), 1 x FDD (4-pin), 2 x 8-pin (6+2) PCIE, 1 x 24-pin Main, 2 x 8-pin (4+4) CPU",1 x 120 mm,100 - 240VAC,2.5 kg,150 x 86 x 160 mm,Active,"OPP, OVP, OTP, OCP",,,,,,,,,,,550.0,budget
psu_086,PSU,Nguồn/ Power Adata XPG Pylon 550W Bronze (PYLON550B-BKCEU),1090000,https://phongvu.vn/nguon-may-tinh-adata-xpg-pylon-550w-bronze-pylon550b-bkccn--s221101522,Adata,36 tháng,XPG Pylon 550W Bronze,PYLON550B-BKCEU,,Đen,550W,80 Plus Bronze,không hỗ trợ,ATX,"1 x 24-pin Main, 1 x 8-pin (4+4) EPS, 2 x 8-pin (6+2) PCIE, 5 x SATA",1 x 120 mm,100 - 240VAC,1.8 kg,150 x 140 x 86 mm,,"OCP, OVP, UVP, OPP, SCP, OTP, NLO, SIP",,,,,,,,,,,550.0,budget
psu_087,PSU,Nguồn máy tính Segotep AN650W White - 650W - 80 Plus,1149000,https://phongvu.vn/nguon-may-tinh-segotep-sg-750a-650w-80-plus-white-313011005020--s220801968,Segotep,36 tháng,AN650W White,,,Trắng,650W,80 Plus,không hỗ trợ,ATX,"2 x 8-pin (4+4) EPS, 3 x SATA, 2 x 8-pin (6+2) PCIE, 1 x 24-pin Main",1 x 120 mm,150- 264VAC,1.51 kg,15 x 14 x 8.5 cm,Active,"OPP, OVP, SCP, UVP, OCP",45 độ C,,,,,,,,,,650.0,mid
psu_088,PSU,Nguồn máy tính/ PSU SEGOTEP AN650W 650W 80 Plus (SG-750A-Black),1199000,https://phongvu.vn/nguon-may-tinh-segotep-sg-750a-650w-80-plus-black-313011005000--s220801967,Segotep,36 tháng,AN650W,,,Đen,650W,80 Plus,không hỗ trợ,ATX,"2 x 8-pin (4+4) EPS, 3 x SATA, 2 x 8-pin (6+2) PCIE, 1 x 24-pin Main",1 x 120 mm,150- 264VAC,1.51 kg,15 x 14 x 8.5 cm,Active,"OPP, OVP, SCP, UVP, OCP",45 độ C,,,,,,,,,,650.0,mid
psu_089,PSU,Nguồn máy tính Msi MPG A850GF - 850W - 80 Plus Gold - Full Modular (306-7ZP0C12-CE0),3280000,https://phongvu.vn/nguon-may-tinh-msi-mpg-a850gf-306-7zp0c12-ce0--s220610408,Msi,120 tháng,MPG A850GF,306-7ZP0C12-CE0,,Đen,850W,80 Plus Gold,Full Modular,ATX,"2 x 8-pin (4+4) EPS, 8 x SATA, 4 x Peripheral (4-pin), 6 x 8-pin (6+2) PCIE, 1 x 24-pin Main",1 x 140 mm,100 - 240VAC,160 x 150 x 86 mm,,Active,"OPP, OVP, SCP, OTP, UVP, OCP",,,,,,,,,,,850.0,high
psu_090,PSU,Nguồn máy tính Msi MPG A750GF WHITE - 750W - 80 Plus Gold - Full Modular,3150000,https://phongvu.vn/nguon-may-tinh-msi-mpg-a750gf-white--s220610400,Msi,120 tháng,MPG A750GF WHITE,,,Trắng,750W,80 Plus Gold,Full Modular,ATX,"2 x 8-pin (4+4) EPS, 8 x SATA, 4 x Peripheral (4-pin), 6 x 8-pin (6+2) PCIE, 1 x 24-pin Main",1 x 140 mm,100 - 240VAC,,160 x 150 x 86 mm,Active,"OPP, OVP, SCP, OTP, UVP, OCP",,,,,,,,,,,750.0,mid
psu_091,PSU,Nguồn máy tính Asus TUF GAMING 750W BRONZE - 750W - 80 Plus Bronze,2350000,https://phongvu.vn/nguon-may-tinh-asus-tuf-gaming-750w-bronze-sp005627--s220610028,Asus,72 tháng,TUF GAMING 750W BRONZE,SP005627,ROG,Đen,750W,80 Plus Bronze,không hỗ trợ,ATX,"1 x 20/24-pin Main, 2 x 8-pin (4+4) CPU, 4 x 8-pin (6+2) PCIE, 8 x SATA, 4 x Peripheral (4-pin)",1 x 135 mm,100 - 240VAC,2.2kg,150 x 150 x 86 mm,Active,"OPP, OVP, UVP, SCP, OCP, OTP",60 độ C,,,,,,,,,,750.0,mid
psu_092,PSU,Nguồn máy tính Asus ROG STRIX 850W GOLD - 850W - 80 Plus Gold - Full Modular (SP005267),5570000,https://phongvu.vn/nguon-may-tinh-asus-rog-strix-850w-gold-sp005267--s220610027,Asus,120 tháng,ROG STRIX 850W GOLD,SP005267,ROG,Trắng,850W,80 Plus Gold,Full Modular,ATX,"1 x 20/24-pin Main, 2 x 8-pin (4+4) CPU, 6 x 8-pin (6+2) PCIE, 8 x SATA, 6 x Peripheral (4-pin)",1 x 135 mm,100 - 240VAC,"1,9kg",160 x 150 x 86 mm,Active,"OPP, OVP, UVP, SCP, OCP, OTP",60 độ C,,,,,,,,ARGB,,850.0,high
psu_093,PSU,Nguồn máy tính Asus ROG-THOR-1000P2-GAMING 1000W PLATINUM - 1000W - 80 Plus Titanium - Full Modular (SP005744),9440000,https://phongvu.vn/nguon-may-tinh-asus-rog-thor-1000p2-gaming-1000w-platinum-sp005744--s220610026,Asus,120 tháng,ROG-THOR-1000P2-GAMING 1000W PLATINUM,SP005744,ROG,Đen,1000W,80 Plus Titanium,Full Modular,ATX,"1 x 20/24-pin Main, 2 x 8-pin (4+4) CPU, 1 x 12-pin PCIE, 8 x 8-pin (6+2) PCIE, 12 x SATA, 6 x Peripheral (4-pin)",1 x 140 mm,100 - 240VAC,"2,4kg",190 x 150 x 86 mm,Active,"OPP, OVP, UVP, SCP, OCP, OTP",60 độ C,,,,,,,,ARGB,,1000.0,high
psu_094,PSU,Nguồn máy tính Asus ROG-THOR-1200P2-GAMING 1200W PLATINUM - 1200W - 80 Plus Titanium - Full Modular (SP005850),10110000,https://phongvu.vn/nguon-may-tinh-asus-rog-thor-1200p2-gaming-1200w-sp005850--s220610025,Asus,120 tháng,ROG-THOR-1200P2-GAMING 1200W PLATINUM,SP005850,ROG,Đen,1200W,80 Plus Titanium,Full Modular,ATX,"1 x 20/24-pin Main, 2 x 8-pin (4+4) CPU, 1 x 16-pin PCIE, 10 x 8-pin (6+2) PCIE, 12 x SATA, 6 x Peripheral (4-pin)",1 x 140 mm,100 - 240VAC,"2,4kg",190 x 150 x 86 mm,Active,"OPP, OVP, UVP, SCP, OCP, OTP",60 độ C,,,,,,,,ARGB,,1200.0,extreme
psu_095,PSU,Nguồn máy tính Nzxt C750W BRONZE - 750W - 80 Plus Bronze - Semi Modular (PA-7B1BB-EU),1590000,https://phongvu.vn/nguon-may-tinh-nzxt-c750w-bronze--s220609677,Nzxt,120 tháng,C750W BRONZE,PA-7B1BB-EU,,Đen,750W,80 Plus Bronze,Semi Modular,ATX,"1 x 24-pin Main, 2 x 8-pin (4+4) CPU, 6 x 8-pin (6+2) PCIE, 6 x SATA, 3 x Peripheral (4-pin)",1 x 120 mm,,2.2kg,150 x 140 x 86 mm,Active,"CB, CE, FCC, TUV, cTUV-SUDus, CCC, BSMI, RCM, EAC, UKCA",40 độ C,,,,,,,,,,750.0,mid
psu_096,PSU,Nguồn máy tính Nzxt C550W BRONZE - 550W - 80 Plus Bronze - Semi Modular (PA-5B1BB-EU),1459000,https://phongvu.vn/nguon-may-tinh-nzxt-c550w-bronze--s220609675,Nzxt,120 tháng,C550W BRONZE,PA-5B1BB-EU,,Đen,550W,80 Plus Bronze,Semi Modular,ATX,"1 x 24-pin Main, 2 x 8-pin (4+4) CPU, 4 x 8-pin (6+2) PCIE, 6 x SATA, 3 x Peripheral (4-pin)",1 x 120 mm,100 - 240VAC,2.2kg,150 x 140 x 86 mm,Active,"CB, CE, FCC, TUV, cTUV-SUDus, CCC, BSMI, RCM, EAC, UKCA",40 độ C,,,,,,,,,,550.0,budget
psu_097,PSU,Nguồn máy tính Nzxt C1000W GOLD - 1000W - 80 Plus Gold - Full Modular (PA-0G1BB-EU),3749000,https://phongvu.vn/nguon-may-tinh-nzxt-c1000w-gold--s220609674,Nzxt,120 tháng,C1000W GOLD,PA-0G1BB-EU,,Đen,1000W,80 Plus Gold,Full Modular,ATX,"6 x SATA, 6 x Peripheral (4-pin), 6 x 8-pin (6+2) PCIE, 1 x 24-pin Main, 2 x 8-pin (4+4) CPU",1 x 120 mm,100 - 240VAC,2.5kg,150 x 150 x 86 mm,Active,"CCC, CE, cTUV-SUDus, CUL, CEC, TUV, CB, BSMI, RCM, EAC",50 độ C,,,,,,,,,,1000.0,high
psu_098,PSU,Nguồn máy tính Cooler Master MWE Gold V2 FM 1250W - 1250W - 80 Plus Gold - Full Modular (MPE-C501-AFCAG-EU),5599000,https://phongvu.vn/nguon-may-tinh-cm-mwe-gold-v2-fm-1250w--s220609494,Cooler Master,120 tháng,MWE Gold V2 FM 1250W,MPE-C501-AFCAG-EU,MWE,Đen,1250W,80 Plus Gold,Full Modular,ATX,"1 x 8-pin (4+4) EPS, 4 x Peripheral (4-pin), 8 x 8-pin (6+2) PCIE, 12 x SATA, 1 x 24-pin Main, 1x 8-pin EPS",1 x 140 mm,100 - 240VAC,2.17kg,180 x 150 x 86 mm,Active,"OPP, OVP, SCP, OTP, UVP, OCP",50 độ C,0.9,,,,,,,,,1250.0,extreme
psu_099,PSU,Nguồn máy tính Cooler Master MWE GOLD V2 850W - 850W - 80 Plus Gold,3290000,https://phongvu.vn/nguon-may-tinh-cm-mwe-gold-v2-850w--s220609491,Cooler Master,60 tháng,MWE GOLD V2 850W,MPE-8501-ACAAG,MWE,Đen,850W,80 Plus Gold,không hỗ trợ,ATX,"1 x 24-pin Main, 1 x 8-pin (4+4) EPS, 1x 8-pin EPS, 12 x SATA, 4 x Peripheral (4-pin), 4 x 8-pin (6+2) PCIE",1 x 120 mm,100 - 240VAC,2.04kg,140 x 150 x 86 mm,Active,"OVP, OPP, OTP, SCP, OCP, UVP",50 độ C,0.9,,,,,,,,,850.0,high
psu_100,PSU,Nguồn máy tính Cooler Master MWE GOLD V2 750W - 750W - 80 Plus Gold,2790000,https://phongvu.vn/nguon-may-tinh-cm-mwe-gold-v2-750w--s220609490,Cooler Master,60 tháng,MWE GOLD V2 750W,MPE-7501-ACAAG,MWE,Đen,750W,80 Plus Gold,không hỗ trợ,ATX,"1 x 24-pin Main, 1 x 8-pin (4+4) EPS, 1x 8-pin EPS, 6 x SATA, 3 x Peripheral (4-pin), 4 x 8-pin (6+2) PCIE",1 x 120 mm,100 - 240VAC,2.04kg,140 x 150 x 86 mm,Active,"OVP, OPP, OTP, SCP, OCP, UVP",50 độ C,0.9,,,,,,,,,750.0,mid
psu_101,PSU,Nguồn máy tính Cooler Master G GOLD 700 - 700W - 80 Plus Gold,2180000,https://phongvu.vn/nguon-may-tinh-cm-g-gold-700--s220609471,Cooler Master,60 tháng,G GOLD 700,MPW-7001-ACAAG,,Đen,700W,80 Plus Gold,không hỗ trợ,ATX,"1 x 24-pin Main, 1 x 8-pin (4+4) EPS, 1x 8-pin EPS, 6 x SATA, 3 x Peripheral (4-pin), 4 x 8-pin (6+2) PCIE",1 x 120 mm,100 - 240VAC,1.68kg,140 x 150 x 86mm,Active,"OVP, UVP, OPP, OTP, SCP, OCP",40 độ C,0.9,,,,,,,,,700.0,mid
psu_102,PSU,Nguồn máy tính Corsair RM1000x 2021 - 1000W - 80 Plus Gold - Full Modular (CP-9020201-NA),5109000,https://phongvu.vn/nguon-may-tinh-corsair-rm1000x-2021-cp-9020201-na--s220402790,Corsair,120 tháng,RM1000x 2021,CP-9020201-NA,,Đen,1000W,80 Plus Gold,Full Modular,ATX,"1 x 24-pin Main, 14 x SATA, 3 x 8-pin (4+4) EPS, 6 x 8-pin (6+2) PCIE",1 x 135 mm,230VAC,2 kg,16 x 15 x 8.6 cm,,"OPP, OVP, SCP, OTP, UVP",50 độ C,,,,,,,,,,1000.0,high
psu_103,PSU,Nguồn máy tính Corsair RM850x 2021 - 850W - 80 Plus Gold - Full Modular (CP-9020200-NA),3790000,https://phongvu.vn/nguon-may-tinh-corsair-rm850x-2021-cp-9020200-na--s220402789,Corsair,120 tháng,RM850x 2021,CP-9020200-NA,,Đen,850W,80 Plus Gold,Full Modular,ATX,"3 x 8-pin (4+4) EPS, 4 x 8-pin (6+2) PCIE, 14 x SATA, 1 x 24-pin Main",1 x 135 mm,230VAC,1.7 kg,16 x 15 x 8.6 cm,,"OPP, OVP, SCP, OTP, UVP",50 độ C,,,,,,,,,,850.0,high
psu_104,PSU,Nguồn máy tính Xigmatek POLIMA M12-600 - 450W -,329000,https://phongvu.vn/nguon-may-tinh-xigmatek-polima-m12-600--s220400813,Xigmatek,36 tháng,POLIMA M12-600,,,Bạc,450W,,,ATX,"2 x SATA, 1 x 24-pin Main, 1 x 4-pin CPU",1 x 120 mm,220 - 240VAC,1.5 kg,14 x 15 x 8.6 cm,,,,,,,,,,,,,450.0,budget
psu_105,PSU,Nguồn máy tính Xigmatek X-Power III Arctic 500 - 450W - 80 Plus,749000,https://phongvu.vn/nguon-may-tinh-xigmatek-x-nguon-may-tinh-iii-arctic-500-450w--s220400812,Xigmatek,36 tháng,X-Power III Arctic 500,,,Trắng,450W,80 Plus,không hỗ trợ,ATX,"4 x SATA, 2 x 8-pin (6+2) PCIE, 1 x 24-pin Main, 2 x 8-pin (4+4) CPU",1 x 120 mm,230VAC,1.6 kg,150 x 85 x 140(mm),,"OPP, OVP, SCP, UVP",,,,,,,,,,,450.0,budget
psu_106,PSU,Nguồn máy tính Xigmatek X-Power III 500 - 450W - 80 Plus,690000,https://phongvu.vn/nguon-may-tinh-xigmatek-x-nguon-may-tinh-iii-500-450w-230v--s220400809,Xigmatek,36 tháng,X-Power III 500,,,Đen,450W,80 Plus,không hỗ trợ,ATX,"4 x SATA, 2 x 8-pin (6+2) PCIE, 1 x 24-pin Main, 2 x 8-pin (4+4) CPU",1 x 120 mm,230VAC,1632g,150 x 85 x 140(mm),,"OPP, OVP, SCP, UVP",,,,,,,,,,,450.0,budget
psu_107,PSU,Nguồn máy tính Cooler Master MWE Gold V2 750 - 750W - 80 Plus Gold - Full Modular (MPE-7501-AFAAG),2669000,https://phongvu.vn/nguon-may-tinh-cooler-master-mwe-gold-v2-750-750w-80-plus-gold-full-modular-mpe-7501-afaag--s210801135,Cooler Master,60 tháng,MWE Gold V2 750,MPE-7501-AFAAG,MWE,Đen,750W,80 Plus Gold,Full Modular,ATX,"1 x 8-pin (4+4) EPS, 12 x SATA, 1 x 24-pin Main, 4 x Peripheral (4-pin), 4 x 8-pin (6+2) PCIE",1 x 120 mm,90 - 264VAC,,160 x 150 x 86 mm,Active,"OPP, OVP, SCP, OTP, UVP, OCP",50 độ C,,,,,,,,,,750.0,mid
psu_108,PSU,Nguồn máy tính Msi MAG A650BN - 650W - 80 Plus Bronze,1249000,https://phongvu.vn/nguon-may-tinh-msi-mag-a650bn-650w-80-plus-bronze--s210800662,Msi,60 tháng,MAG A650BN,,MAG,Đen,650W,80 Plus Bronze,không hỗ trợ,ATX,"1 x 8-pin (4+4) EPS, 5 x SATA, 2 x Peripheral (4-pin), 1 x FDD (4-pin), 2 x 8-pin (6+2) PCIE, 1 x 24-pin Main",1 x 120 mm,100 - 240VAC,,150mm x140mm x86mm,Active,"OPP, OVP, SCP, OTP, OCP",,,,,,,,,,,650.0,mid
psu_109,PSU,Nguồn máy tính Corsair CV750 - 750W 80 Plus Bronze - 750W - 80 Plus Bronze,1699000,https://phongvu.vn/nguon-may-tinh-corsair-cv750-750w-80-plus-bronze-cp-9020237-na--s210701163,Corsair,36 tháng,CV750 - 750W 80 Plus Bronze,CP-9020237-NA,,Đen,750W,80 Plus Bronze,không hỗ trợ,ATX,"1 x 8-pin (4+4) EPS, 7 x SATA, 1 x 8-pin (6+2) PCIE, 1 x 24-pin Main",1 x 120 mm,100 - 240VAC,1.9 kg,15 x 12.5 x 8.6 cm,,,,,,,,,,,,,750.0,mid
psu_110,PSU,Nguồn máy tính Xigmatek X-power III X-450 - 400W -,599000,https://phongvu.vn/nguon-may-tinh-xigmatek-x-nguon-may-tinh-iii-x-450-en45969--s210400889,Xigmatek,36 tháng,X-power III X-450,EN45969,X-Power,Đen,400W,,không hỗ trợ,ATX,"1 x 24-pin Main, 2 x 8-pin (4+4) CPU, 1 x 8-pin (6+2) PCIE, 4 x SATA",1 x 120 mm,230VAC,1.3 kg,150 x 85 x 140(mm),,"OPP, OVP, SCP, UVP",,,,,,,,,,,400.0,budget
psu_111,PSU,Nguồn máy tính Gigabyte GP-P750GM - 750W - 80 Plus Gold - Full Modular,2390000,https://phongvu.vn/nguon-may-tinh-gigabyte-gp-p750gm-750w-80-plus-gold-modular--s210301510,Gigabyte,60 tháng,GP-P750GM,,,Đen,750W,80 Plus Gold,Full Modular,ATX,"1 x 24-pin Main, 2 x 8-pin (4+4) EPS, 4 x 8-pin (6+2) PCIE, 8 x SATA, 3 x Peripheral (4-pin)",1 x 120 mm,100 - 240VAC,,150 x 140 x 86 mm,Active,"OVP, OPP, SCP, UVP, OTP, OCP",,,,,,,,,,,750.0,mid
psu_112,PSU,Nguồn máy tính Asus Asus Rog Thor 1200P - 1200W - 80 Plus Platinum - Full Modular (SP000157),10900000,https://phongvu.vn/nguon-may-tinh-asus-rog-thor-1200p-1200w-platinum-sp000157--s210301098,Asus,120 tháng,Asus Rog Thor 1200P,SP000157,ROG,Đen,1200W,80 Plus Platinum,Full Modular,ATX,"1 x 24-pin Main, 2 x 8-pin (4+4) CPU, 8 x 8-pin (6+2) PCIE, 12 x SATA, 5 x Peripheral (4-pin)",,100 - 240VAC,,19 x 15 x 8.6 cm,,"OPP, OVP, SCP, OTP",,,,,,,,,RGB,,1200.0,extreme
psu_113,PSU,Nguồn máy tính Cooler Master V850 SFX Gold - 850W - 80 Plus Gold - Full Modular (MPY-8501-SFHAGV),3799000,https://phongvu.vn/nguon-may-tinh-cm-v850-sfx-gold-mpy-8501-sfhagv--s210300180,Cooler Master,120 tháng,V850 SFX Gold,MPY-8501-SFHAGV,V Gold,Đen,850W,80 Plus Gold,Full Modular,ATX,"1 x 8-pin (4+4) EPS, 8 x SATA, 4 x Peripheral (4-pin), 4 x 8-pin (6+2) PCIE, 1 x 24-pin Main, 1x 8-pin EPS",1 x 92 mm,90 - 264VAC,,"100 x 125 x 63,5 mm",Active,"OPP, OVP, SCP, OTP, UVP, OCP, SIP",50 độ C,,,,,,,,,,850.0,high
psu_114,PSU,Nguồn máy tính Golden Field Field SmartCore SMC3500 - 350W -,490000,https://phongvu.vn/nguon-may-tinh-golden-field-smartcore-smc3500-350w-fpc-emi-2x-pcb-pci-e-6pin-180-264v--s210200912,Golden Field,36 tháng,Field SmartCore SMC3500,,,Đen,350W,,không hỗ trợ,ATX,"1 x 8-pin (4+4) EPS, 2 x SATA, 1 x 8-pin (6+2) PCIE, 1 x 24-pin Main, 1 x 8-pin CPU, 2 x ATA",1 x 120 mm,180 - 264V,,,Passive,,,,,,,,,,,,350.0,budget
psu_115,PSU,Nguồn máy tính Asus TUF GAMING 550W Bronze - 550W - 80 Plus Bronze,1709000,https://phongvu.vn/nguon-may-tinh-asus-tuf-gaming-550w-bronze-90ye00d2-b0na00--s201100770,Asus,60 tháng,TUF GAMING 550W Bronze,90YE00D2-B0NA00,TUF Gaming,Đen,550W,80 Plus Bronze,không hỗ trợ,ATX,"1 x 24-pin Main, 1 x 8-pin (4+4) CPU, 2 x 8-pin (6+2) PCIE, 5 x SATA, 4 x Peripheral (4-pin)",1 x 120 mm,100 - 240VAC,,15 x 15 x 8.6 cm,,"OPP, OVP, UVP, SCP, OCP, OTP",,,,,,,,,,,550.0,budget
psu_116,PSU,Nguồn máy tính Cooler Master MWE V2 - 650W - 80 Plus Bronze,1549000,https://phongvu.vn/nguon-may-tinh-cm-mwe-bronze-650w-v2-230v--s201001114,Cooler Master,60 tháng,MWE V2,MPE-6501-ACABW-B,MWE,Đen,650W,80 Plus Bronze,không hỗ trợ,ATX,"1 x 8-pin (4+4) EPS, 6 x SATA, 3 x Peripheral (4-pin), 4 x 8-pin (6+2) PCIE, 1 x 24-pin Main, 1x 8-pin EPS",1 x 120 mm,200 - 240VAC,1.56 kg,140 x 150 x 86 mm,Active,"OPP, OVP, SCP, OTP, UVP",,,,,,,,,,,650.0,mid
psu_117,PSU,Nguồn máy tính Cooler Master MWE gold V2 FM 850W - 850W - 80 Plus Gold - Full Modular (MPE-8501-AFAAG),3199000,https://phongvu.vn/nguon-may-tinh-cm-mwe-gold-v2-fm-850w-mpe-8501-afaag--s201001012,Cooler Master,60 tháng,MWE gold V2 FM 850W,MPE-8501-AFAAG,MWE,Đen,850W,80 Plus Gold,Full Modular,ATX,"1 x 8-pin (4+4) EPS, 4 x Peripheral (4-pin), 4 x 8-pin (6+2) PCIE, 12 x SATA, 1 x 24-pin Main, 1x 8-pin EPS",1 x 120 mm,90 - 264VAC,,16 x 15 x 8.6 cm,Active,"OPP, OVP, SCP, OTP, UVP, OCP",50 độ C,,,,,,,,,,850.0,high
psu_118,PSU,Nguồn máy tính Cooler Master MWE Bronze 750W V2 Full Range - 750W - 80 Plus Bronze,2090000,https://phongvu.vn/nguon-may-tinh-cm-mwe-bronze-750w-v2-230v-full-range--s200900433,Cooler Master,60 tháng,MWE Bronze 750W V2 Full Range,MPE-7501-ACAAW,MWE,Đen,750W,80 Plus Bronze,không hỗ trợ,ATX,"2 x 8-pin (4+4) EPS, 6 x SATA, 3 x Peripheral (4-pin), 1 x 24-pin Main, 4 x 8-pin (6+2) PCIE",1 x 120 mm,100 - 240VAC,1670 g,14 x 15 x 8.6 cm,Active,"OPP, OVP, SCP, OTP, UVP",40 độ C,,,,,,,,,,750.0,mid
psu_119,PSU,Nguồn máy tính Cooler Master MWE Bronze 700W V2 230V - 700W - 80 Plus Bronze,1649000,https://phongvu.vn/nguon-may-tinh-cm-mwe-bronze-700w-v2-230v--s200900430,Cooler Master,60 tháng,MWE Bronze 700W V2 230V,MPE-7001-ACAAB,MWE,Đen,700W,80 Plus Bronze,không hỗ trợ,ATX,"2 x 8-pin (4+4) EPS, 8 x SATA, 4 x Peripheral (4-pin), 4 x 8-pin (6+2) PCIE, 1 x 24-pin Main",1 x 120 mm,100 - 240VAC,1670 g,14 x 15 x 8.6 cm,Active,"OPP, OVP, SCP, OTP, UVP",,,,,,,,,,,700.0,mid
psu_120,PSU,Nguồn máy tính Cooler Master MWE Bronze 750W V2 230V - 750W - 80 Plus Bronze,1749000,https://phongvu.vn/nguon-may-tinh-cm-mwe-bronze-750w-v2-230v--s200900431,Cooler Master,60 tháng,MWE Bronze 750W V2 230V,MPE-7501-ACAAB,MWE,Đen,750W,80 Plus Bronze,không hỗ trợ,ATX,"8 x SATA, 4 x Peripheral (4-pin), 4 x 8-pin (6+2) PCIE, 1 x 24-pin Main, 1x 8-pin EPS, 1 x 8-pin (4+4) EPS",1 x 120 mm,100 - 240VAC,1670 g,14 x 15 x 8.6 cm,Active,"OPP, OVP, SCP, OTP, UVP",40 độ C,,,,,,,,,,750.0,mid
psu_121,PSU,Nguồn máy tính Antec HCG750 - 750W - 80 Plus Gold - Full Modular,2690000,https://phongvu.vn/nguon-may-tinh-antec-hcg750-80plus-gold--s200500801,Antec,60 tháng,HCG750,,,Đen,750W,80 Plus Gold,Full Modular,ATX,"2 x 8-pin (4+4) EPS, 8 x SATA, 3 x Peripheral (4-pin), 1 x FDD (4-pin), 4 x 8-pin (6+2) PCIE, 1 x 24-pin Main",1 x 120 mm,100 - 240VAC,2.11 kg,150 x 140 x 86 mm,Active,"OPP, OVP, SCP, OTP, UVP, OCP, SIP, NLO",,,,,,,,,,,750.0,mid
psu_122,PSU,Nguồn máy tính Antec N600G Zen - 600W - 80 Plus Gold,1790000,https://phongvu.vn/nguon-may-tinh-antec-ne600g-zen-80plus-gold--s200500799,Antec,60 tháng,N600G Zen,,,Đen,600W,80 Plus Gold,không hỗ trợ,ATX,"1 x 8-pin (4+4) EPS, 6 x SATA, 2 x Peripheral (4-pin), 4 x 8-pin (6+2) PCIE, 1 x 24-pin Main",1 x 120 mm,100 - 240VAC,1.73 kg,150 x 140 x 86 mm,Active,"OPP, OVP, SCP, UVP, OCP, NLO",,,,,,,,,,,600.0,mid
psu_123,PSU,Nguồn máy tính Corsair SF750 - 750W - 80 Plus Platinum - Full Modular (CP-9020284-NA),4490000,https://phongvu.vn/nguon-may-tinh-corsair-750w-sf750--80-plus-platinum-cp9020186na--s200500352,Corsair,36 tháng,SF750,CP-9020284-NA,SF,Đen,750W,80 Plus Platinum,Full Modular,SFX,"8 x SATA, 3 x Peripheral (4-pin), 4 x 8-pin (6+2) PCIE, 1 x 24-pin Main, 2 x 8-pin (4+4) CPU",1 x 92 mm,,,100 x 63 x 125mm,,,,,,,,,,,,,750.0,mid
psu_124,PSU,Nguồn máy tính Asus Rog Strix - 750W - 80 Plus Gold - Full Modular (90YE00A0-B0AA00),4200000,https://phongvu.vn/nguon-may-tinh-asus-rog-strix-750w-gold--s200400602,Asus,120 tháng,Rog Strix,90YE00A0-B0AA00,ROG,Đen,750W,80 Plus Gold,Full Modular,ATX,"8 x SATA, 3 x Peripheral (4-pin), 4 x 8-pin (6+2) PCIE, 1 x 24-pin Main, 2 x 8-pin (4+4) CPU",1 x 135 mm,100 - 240VAC,1.82 KG,16 x 15 x 8.6 cm,,"OPP, OVP, SCP, OTP, OCP",,,,,,,,,,,750.0,mid
psu_125,PSU,Nguồn máy tính Golden Field THOR600 500W,790000,https://phongvu.vn/nguon-may-tinh-golden-field-500w-thor600--s200100022,Golden Field,36 tháng,,THOR600,,Đen,500W,,không hỗ trợ,ATX,"1 x 24-pin Main, 1 x 8-pin (4+4) CPU, 2 x 8-pin (6+2) PCIE, 4 x SATA",1 x 120 mm,,,,,,,,,,,,,,Đơn sắc,,500.0,budget
psu_126,PSU,Nguồn máy tính GIGABYTE P650B - 650W - 80 Plus Bronze,1390000,https://phongvu.vn/nguon-may-tinh-gigabyte-650w-gp-p650b--s1810979,Gigabyte,36 tháng,GP-P650B,,,,650W,80 Plus Bronze,không hỗ trợ,ATX,"1 x 8-pin (4+4) EPS, 6 x SATA, 3 x Peripheral (4-pin), 1 x FDD (4-pin), 4 x 8-pin (6+2) PCIE, 1 x 24-pin Main",1 x 120 mm,100 - 240VAC,,,Active,,,,,,,,,,,,650.0,mid
psu_129,PSU,Nguồn/ Power Acbel 600W I 90M - Demo,2013000,https://phongvu.vn/nguon-power-acbel-600w-i-90m-cu--s220801837,Acbel,1 tháng,,,,,,,,,,,,,,,,,,Hàng thanh lý - lưu kho,Bảo hành 1 tháng tại PV,1501753.0,- Sản phẩm có trầy xước và 1 vết trầy nặng - Sản phẩm đã qua sử dụng - Đầy đủ phụ kiện - Mất vỏ hộp,"- Công suất: 600W - - Kích thước: (Non-Modular) - - Quạt làm mát: 1 x 135 mm - - Số cổng cắm:  1 x 8-pin (4+4) EPS, 10 x SATA, 2 x Peripheral (4-pin), 1 x FDD (4-pin), 4 x 8-pin (6+2) PCIE, 1 x 24-pin Main",,,Bảo hành tại Phong Vũ 1 tháng,600.0,mid
psu_130,PSU,Nguồn máy tính Msi MEG Ai1600T PCIE5 - 1600W - 80 Plus Titanium - Full Modular,13490000,https://phongvu.vn/nguon-may-tinh-psu-msi-meg-ai1600t-pcie5-80-plus-titanium-full-modular--s260303847,Msi,60 tháng,MEG Ai1600T PCIE5,,MEG,Đen,1600W,80 Plus Titanium,Full Modular,ATX,"1 x 24-pin Main, 2 x 8-pin (4+4) EPS, 9 x 8-pin (6+2) PCIE, 8 x SATA, 8 x MOLEX (4-pin), 1 x 16-pin PCIE 5.0",1 x 135 mm,100 - 240VAC,2.6 kg,190 x 150 x 86 mm,Active,"OPP, OVP, SCP, OTP, UVP, OCP, SIP, NLO",,,,,,,,,,,1600.0,extreme
psu_131,PSU,Nguồn máy tính Corsair HX1200i - 1200W - Cybenetics Platinum - Full Modular (CP-9020267-NA),7890000,https://phongvu.vn/nguon-may-tinh-corsair-hx1200i-shift-platinum-full-modular-cp-9020267-na--s260302525,Corsair,120 tháng,HX1200i,CP-9020267-NA,HXI SHIFT Series,Đen,1200W,Cybenetics Platinum,Full Modular,ATX,"1 x 24-pin Main, 1 x 16-pin (12+4) PCIE, 2 x 8-pin (4+4) EPS, 8 x SATA, 4 x 8-pin (6+2) PCIE, 8 x PATA",1 x 140 mm,100 - 240VAC,3.978kg,20 x 15 x 8.6cm,,,,,,,,,,,,,1200.0,extreme
psu_132,PSU,Nguồn máy tính Corsair HX1000i - 1000W - Cybenetics Platinum - Full Modular (CP-9020265-NA),6990000,https://phongvu.vn/nguon-may-tinh-corsair-hx1000i-shift-platinum-full-modular-cp-9020265-na--s260302521,Corsair,120 tháng,HX1000i,CP-9020265-NA,HXI SHIFT Series,Đen,1000W,Cybenetics Platinum,Full Modular,ATX,"1 x 24-pin Main, 1 x 16-pin (12+4) PCIE, 2 x 8-pin (4+4) EPS, 8 x SATA, 4 x 8-pin (6+2) PCIE, 8 x PATA",1 x 140 mm,100 - 240VAC,3.557kg,18 x 15 x 8.6 cm,,,,,,,,,,,,,1000.0,high
psu_133,PSU,Nguồn máy tính Corsair RM1000x 2025 - 1000W - Cybenetics Gold - Full Modular (CP-9020300-NA),4990000,https://phongvu.vn/nguon-may-tinh-corsair-rm1000x-shift-2025-full-modular-atx-3-1-cp-9020300-na--s260302516,Corsair,120 tháng,RM1000x 2025,CP-9020300-NA,RMx SHIFT Series,Đen,1000W,Cybenetics Gold,Full Modular,ATX,"1 x 24-pin Main, 1 x 16-pin (12+4) PCIE, 2 x 8-pin (4+4) EPS, 12 x SATA, 4 x 8-pin (6+2) PCIE, 4 x PATA",1 x 140 mm,100 - 240VAC,3.10kg,16 x 15 x 8.6cm,,,,,,,,,,,,,1000.0,high
psu_134,PSU,Nguồn máy tính Corsair RM850x 2025 - 850W - Cybenetics Gold - Full Modular (CP-9020299-NA),3990000,https://phongvu.vn/nguon-may-tinh-corsair-rm850x-shift-2025-full-modular-atx-3-1-cp-9020299-na--s260302510,Corsair,120 tháng,RM850x 2025,CP-9020299-NA,RMx SHIFT Series,Đen,850W,Cybenetics Gold,Full Modular,ATX,"1 x 24-pin Main, 1 x 16-pin (12+4) PCIE, 2 x 8-pin (4+4) EPS, 9 x SATA, 4 x 8-pin (6+2) PCIE, 4 x PATA",1 x 140 mm,100 - 240VAC,2.89kg,16 x 15 x 8.6cm,,,,,,,,,,,,,850.0,high
psu_135,PSU,Nguồn máy tính Corsair RM750x - 750W - Cybenetics Gold - Full Modular (CP-9020273-NA),3390000,https://phongvu.vn/nguon-may-tinh-corsair-rm750x-shift-80-plus-gold-white-full-modular-cp-9020273-na--s260302496,Corsair,120 tháng,RM750x,CP-9020273-NA,RMx SHIFT Series,Trắng,750W,Cybenetics Gold,Full Modular,ATX,"1 x 24-pin Main, 1 x 16-pin (12+4) PCIE, 2 x 8-pin (4+4) EPS, 12 x SATA, 2 x 8-pin (6+2) PCIE, 4 x PATA",1 x 140 mm,100 - 240VAC,3.2kg,,,,,,,,,,,,,,750.0,mid
psu_136,PSU,Nguồn máy tính Corsair RM1000e - 1000W - Cybenetics Gold - Full Modular (CP-9020294-NA),4890000,https://phongvu.vn/nguon-may-tinh-psu-corsair-rm1000e-white-atx-3-1-full-modular-cp-9020294-na--s260302485,Corsair,84 tháng,RM1000e,CP-9020294-NA,RMe Series,Trắng,1000W,Cybenetics Gold,Full Modular,ATX,"1 x 24-pin Main, 1 x 16-pin (12+4) PCIE, 2 x 8-pin (4+4) EPS, 6 x SATA, 3 x 8-pin (6+2) PCIE, 2 x PATA",1 x 120 mm,100 - 240VAC,3.23kg,14 x 15 x 8.6 cm,,,,,,,,,,,,,1000.0,high
psu_137,PSU,Nguồn máy tính Corsair HX1500i 2025 - 1500W - 80 Plus Platinum - Full Modular (CP-9020309-NA),8990000,https://phongvu.vn/nguon-may-tinh-psu-corsair-hx1500i-2025-full-modular-cp-9020309-na--s260302470,Corsair,120 tháng,HX1500i 2025,CP-9020309-NA,HXI Series,Đen,1500W,80 Plus Platinum,Full Modular,ATX,"1 x 24-pin Main, 6 x PATA, 2 x 8-pin (4+4) EPS, 8 x SATA, 5 x 8-pin (6+2) PCIE",1 x 140 mm,100 - 240VAC,5.042kg,,,,,,,,,,,,,,1500.0,extreme
psu_138,PSU,Nguồn máy tính Super Flower Leadex VII XG 1000W ATX 3.1 - 1000W - 80 Plus Gold - Full Modular (SF-1000F14XG(WH)),4290000,https://phongvu.vn/nguon-may-tinh-super-flower-leadex-vii-xg-1000w-atx-3-1-white-80-plus-gold-sf-1000f14xg-wh--s250504130,Super Flower,60 tháng,Leadex VII XG 1000W ATX 3.1,SF-1000F14XG(WH),,Trắng,1000W,80 Plus Gold,Full Modular,ATX,"1 x 20+4 pin MB, 2 x 8-pin (4+4) CPU, 4 x 8-pin (6+2) PCIE, 3 x 4 SATA, 1 x MOLEX (4-pin), 1 x 16-pin PCIE",1 x 140 mm,100 - 240VAC,,150 x 150 x 86 mm,Active,"OVP, OCP, OPP, SCP, UVP, OTP, NLO, SIP",50 độ C,,,,,,,,,,1000.0,high
psu_139,PSU,Nguồn máy tính Super Flower Leadex III Gold 850W ATX 3.1 - 850W - 80 Plus Gold - Full Modular (SF-850F14GE(GL)),2990000,https://phongvu.vn/nguon-may-tinh-super-flower-leadex-iii-gold-850w-atx-3-1-black-80-plus-gold-sf-850f14ge-gl--s250504126,Super Flower,60 tháng,Leadex III Gold 850W ATX 3.1,SF-850F14GE(GL),,Đen,850W,80 Plus Gold,Full Modular,ATX,"1 x 20+4 pin MB, 2 x 8-pin (4+4) CPU, 1 x SLI (2 x PCI 6+2 Pin), 2 x 4 SATA, 1 x MOLEX (4-pin), 1 x 16-pin PCIE, 1 x 8-pin (6+2) PCIE",1 x 140 mm,100 - 240VAC,2.64kg,160 x 150 x 86 mm,Passive,"OVP, OCP, OPP, SCP, UVP, OTP, LVP, NLO, SIP",50 độ C,,,,,,,,,,850.0,high
psu_140,PSU,Nguồn máy tính Super Flower Leadex VII XG 1000W ATX 3.1 - 1000W - 80 Plus Gold - Full Modular (SF-1000F14XG(BK)),4190000,https://phongvu.vn/nguon-may-tinh-super-flower-leadex-vii-xg-1000w-atx-3-1-black-80-plus-gold-sf-1000f14xg--s250504123,Super Flower,60 tháng,Leadex VII XG 1000W ATX 3.1,SF-1000F14XG(BK),,Đen,1000W,80 Plus Gold,Full Modular,ATX,"1 x 20+4 pin MB, 2 x 8-pin (4+4) CPU, 4 x 8-pin (6+2) PCIE, 3 x 4 SATA, 1 x MOLEX (4-pin), 1 x 16-pin PCIE",1 x 140 mm,100 - 240VAC,,150 x 150 x 86 mm,Active,"OVP, OCP, OPP, SCP, UVP, OTP, NLO, SIP",50 độ C,,,,,,,,,,1000.0,high
psu_141,PSU,Nguồn máy tính Super Flower Leadex VII Platinum Pro 1200W ATX 3.1 - 1200W - 80 Plus Platinum - Full Modular (SF-1200F14XP (BK)),5590000,https://phongvu.vn/nguon-may-tinh-super-flower-leadex-vii-platinum-pro-1200w-atx-3-1-black-80-plus-platinum-sf-1200f14xp--s250504125,Super Flower,120 tháng,Leadex VII Platinum Pro 1200W ATX 3.1,SF-1200F14XP (BK),,Đen,1200W,80 Plus Platinum,Full Modular,ATX,"1 x 20+4 pin MB, 2 x 8-pin (4+4) EPS, 4 x 8-pin (6+2) PCIE, 3 x 4 SATA, 1 x MOLEX (4-pin), 1 x 16-pin (12+4) PCIE",1 x 140 mm,100 - 240VAC,3.2kg,150 x 150 x 86 cm,Active,"OVP, OCP, OPP, SCP, UVP, OTP, NLO, SIP",50 độ C,,,,,,,,,,1200.0,extreme
psu_142,PSU,Nguồn máy tính Corsair RM1200e ATX 3.1 80 Plus Gold - 1200W - 80 Plus Gold - Full Modular,5290000,https://phongvu.vn/nguon-may-tinh-corsair-rm1200e-atx-3-1-80-plus-gold-full-modul--s250309517,Corsair,84 tháng,RM1200e ATX 3.1 80 Plus Gold,,RMe Series,Đen,1200W,80 Plus Gold,Full Modular,ATX,"1 x 24-pin Main, 2 x 8-pin (4+4) EPS, 7 x SATA, 4 x PATA, 1 x 16-pin (12+4) PCIE, 6 x 8-pin (6+2) PCIE",,100 - 240VAC,3.377 kg,15 x 15 x 8.6 cm,,,,,,,,,,,,,1200.0,extreme
psu_143,PSU,Nguồn máy tính Corsair HX1200i 2023 - 1200W - 80 Plus Platinum - Full Modular (CP-9020281-NA),7890000,https://phongvu.vn/nguon-may-tinh-corsair-hx1200i-2023-cp-9020281-na--s241101870,Corsair,120 tháng,HX1200i 2023,CP-9020281-NA,HX,Đen,1200W,80 Plus Platinum,Full Modular,ATX,"1 x 24-pin Main, 2 x 8-pin (4+4) EPS, 4 x 8-pin (6+2) PCIE, 1 x 16-pin (12+4) PCIE, 8 x SATA, 8 x PATA, 1 x USB Type-C",1 x 140 mm,100 - 240VAC,4.4 Kg,150 x 86 x 200 mm,Active,,,,,,,,,,,,1200.0,extreme
psu_144,PSU,Nguồn máy tính Thermaltake TOUGHPOWER GF3 - 1650W - 80 Plus Gold - Full Modular,8690000,https://phongvu.vn/nguon-may-tinh-thermaltake-toughnguon-may-tinh-gf3-1650w-atx-3-0--s240302576,Thermaltake,120 tháng,TOUGHPOWER GF3,,,Đen,1650W,80 Plus Gold,Full Modular,ATX,"1 x 24-pin Main, 1x 8-pin EPS, 1 x 8-pin (4+4) CPU, 2 x 16-pin (12+4) PCIE, 4 x SATA, 2 x Peripheral (4-pin), 1 x Floppy, 6 x 8-pin (6+2) PCIE",1 x 140 mm,100 - 240VAC,150 x 86 x 180 mm,2.14 kg,Active,"CE, UKCA, cTUVus, TÜV, FCC, IC, BSMI, EAC, CB, BIS",50 độ C,,,,,,,,,,1650.0,extreme
psu_145,PSU,Nguồn máy tính Thermaltake TOUGHPOWER GF A3 - 1050W - 80 Plus Gold - Full Modular,4290000,https://phongvu.vn/nguon-may-tinh-thermaltake-toughnguon-may-tinh-gf-a3-1050w-atx-3-0--s240302574,Thermaltake,120 tháng,TOUGHPOWER GF A3,,,Đen,1050W,80 Plus Gold,Full Modular,ATX,"1 x 24-pin Main, 2 x 8-pin (4+4) EPS, 5 x 8-pin (6+2) PCIE, 1 x 16-pin (12+4) PCIE, 12 x SATA, 4 x Peripheral (4-pin), 1 x Floppy",1 x 120 mm,100 - 240VAC,150 x 86 x 140 mm,1 kg,Active,"OVP, SCP, OPP, OTP, UVP, OCP",45 độ C,,,,,,,,,,1050.0,extreme
psu_146,PSU,Nguồn máy tính Thermaltake TOUGHPOWER GF A3 Snow - 850W - 80 Plus Gold - Full Modular,3290000,https://phongvu.vn/nguon-may-tinh-thermaltake-toughnguon-may-tinh-gf-a3-850w-snow-trang-atx-3-0--s240302573,Thermaltake,120 tháng,TOUGHPOWER GF A3 Snow,,,Trắng,850W,80 Plus Gold,Full Modular,ATX,"1 x 24-pin Main, 2 x 8-pin (4+4) EPS, 4 x 8-pin (6+2) PCIE, 1 x 16-pin (12+4) PCIE, 4 x SATA, 8 x Peripheral (4-pin), 1 x Floppy",1 x 120 mm,100 - 240VAC,150 x 86 x 140 mm,1 kg,Active,"OVP, SCP, OPP, OTP, UVP, OCP",45 độ C,,,,,,,,,,850.0,high
psu_147,PSU,Nguồn máy tính Thermaltake TOUGHPOWER GF A3 - 850W - 80 Plus Gold - Full Modular,3190000,https://phongvu.vn/nguon-may-tinh-thermaltake-toughnguon-may-tinh-gf-a3-850w-atx-3-0--s240302572,Thermaltake,120 tháng,TOUGHPOWER GF A3,,,Đen,850W,80 Plus Gold,Full Modular,ATX,"1 x 24-pin Main, 4 x 8-pin (6+2) PCIE, 1 x 16-pin (12+4) PCIE, 8 x SATA, 4 x Peripheral (4-pin), 1 x Floppy, 2 x 8-pin (4+4) EPS",1 x 120 mm,100 - 240VAC,150 x 86 x 140 mm,1 kg,Active,"OVP, SCP, OPP, OTP, UVP, OCP",45 độ C,,,,,,,,,,850.0,high
psu_148,PSU,Nguồn máy tính Thermaltake TOUGHPOWER GF A3 - 750W - 80 Plus Gold - Full Modular,2890000,https://phongvu.vn/nguon-may-tinh-thermaltake-toughnguon-may-tinh-gf-a3-750w-atx-3-0--s240302571,Thermaltake,120 tháng,TOUGHPOWER GF A3,,,Đen,750W,80 Plus Gold,Full Modular,ATX,"4 x 8-pin (6+2) PCIE, 1 x 16-pin (12+4) PCIE, 2 x 8-pin (4+4) EPS, 8 x SATA, 4 x Peripheral (4-pin), 1 x Floppy, 1 x 24-pin Main",1 x 120 mm,100 - 240VAC,150 x 86 x 140 mm,1 kg,Active,"OVP, SCP, OPP, OTP, UVP, OCP",45 độ C,,,,,,,,,,750.0,mid
psu_149,PSU,Nguồn máy tính Thermaltake SMART BX1 - 750W - 80 Plus Bronze,1490000,https://phongvu.vn/nguon-may-tinh-thermaltake-smart-bx1-750w-dc-dc--s240302570,Thermaltake,60 tháng,SMART BX1,,,Đen,750W,80 Plus Bronze,không hỗ trợ,ATX,"1 x 24-pin Main, 1 x 8-pin (4+4) CPU, 8 x SATA, 4 x 8-pin (6+2) PCIE, 4 x Peripheral (4-pin), 1 x Floppy",1 x 120 mm,100 - 240VAC,1 kg,150 x 86 x 140 mm,Active,"CE, CB, TUV, FCC, BSMI",40 độ C,,,,,,,,,,750.0,mid
psu_150,PSU,Nguồn máy tính Thermaltake SMART BX1 650W - 650W - 80 Plus Bronze,1390000,https://phongvu.vn/nguon-may-tinh-thermaltake-smart-bx1-650w-dc-dc--s240302569,Thermaltake,60 tháng,SMART BX1 650W,SPD-650AH2NKB,,Đen,650W,80 Plus Bronze,không hỗ trợ,ATX,"1 x 24-pin Main, 1 x 8-pin (4+4) EPS, 6 x SATA, 2 x 8-pin (6+2) PCIE, 4 x Peripheral (4-pin), 1 x Floppy",1 x 120 mm,100 - 240VAC,1 Kg,150 x 86 x 140 mm,Active,"CE, CB, TUV, FCC, BSMI",40 độ C,,,,,,,,,,650.0,mid
psu_151,PSU,Nguồn máy tính MIK SPOWER 350 - 350W -,359000,https://phongvu.vn/nguon-may-tinh-mik-snguon-may-tinh-350-sp006055--s230904116,MIK,36 tháng,SPOWER 350,SP006055,,Đen,350W,,không hỗ trợ,ATX,"1 x 24-pin Main, 1 x 8-pin (4+4) CPU, 1 x 8-pin (6+2) PCIE, 4 x SATA",1 x 120 mm,220 - 230VAC,1.2 kg,15 x 14 x 8.5 cm,,"OPP, OVP, SCP",,,,,,,,,,,350.0,budget
psu_152,PSU,Nguồn máy tính Cooler Master Elite NEX 230V PN800 - 750W -,1150000,https://phongvu.vn/nguon-may-tinh-cooler-master-elite-nex-230v-pn800-mpw-8001-acbk-p--s230603859,Cooler Master,36 tháng,Elite NEX 230V PN800,MPW-8001-ACBK-P,,Đen,750W,,không hỗ trợ,ATX,"1 x 8-pin (4+4) EPS, 5 x SATA, 1 x Peripheral (4-pin), 1 x 8-pin (6+2) PCIE, 1 x 24-pin Main, 1x 8-pin EPS",1 x 120 mm,200 - 240VAC,,140 x 150 x 86 mm,Active,"OPP, OVP, SCP, OTP, UVP",40 độ C,,,,,,,,Đơn sắc,,750.0,mid
psu_153,PSU,Nguồn máy tính Corsair SF1000L - 1000W - 80 Plus Gold - Full Modular (CP-9020246-NA),5300000,https://phongvu.vn/nguon-may-tinh-corsair-sf1000l-atx-3-0-pcie-5-0-80-plus-gold-full-modul-cp-9020246-na--s230500078,Corsair,84 tháng,SF1000L,CP-9020246-NA,,Đen,1000W,80 Plus Gold,Full Modular,ATX,"2 x 8-pin (4+4) EPS, 8 x SATA, 5 x 8-pin (6+2) PCIE, 1 x 24-pin Main, 1 x 16-pin (12+4) PCIE",1 x 120 mm,100 - 240VAC,1.14KG,,,,,,,,,,,,,,1000.0,high
psu_154,PSU,Nguồn máy tính Corsair SF850L - 850W - 80 Plus Gold - Full Modular (CP-9020213-NA),4400000,https://phongvu.vn/nguon-may-tinh-corsair-sf850l-atx-3-0-pcie-5-0-80-plus-gold-full-modul-cp-9020245-na--s230500077,Corsair,84 tháng,SF850L,CP-9020213-NA,,Đen,850W,80 Plus Gold,Full Modular,ATX,"2 x 8-pin (4+4) EPS, 8 x SATA, 4 x 8-pin (6+2) PCIE, 1 x 24-pin Main, 1 x 16-pin (12+4) PCIE",1 x 120 mm,100 - 240VAC,1.12kg,,,,,,,,,,,,,,850.0,high
psu_155,PSU,Nguồn máy tính Cooler Master MPE-A501-AFCAG - 1050W - 80 Plus Gold - Full Modular (MPE-A501-AFCAG-3),4590000,https://phongvu.vn/nguon-may-tinh-nguon-may-tinh-cooler-master-mwe-gold-v2-fully-modular-1050w-a-eu-cable-atx3-0-mpe-a501-afcag-3eu--s230400847,Cooler Master,120 tháng,MPE-A501-AFCAG,MPE-A501-AFCAG-3,MWE,Đen,1050W,80 Plus Gold,Full Modular,ATX,"1 x 12VHPWR Connector, 3 x 8-pin (6+2) PCIE, 4 x Peripheral (4-pin), 12 x SATA, 1 x 8-pin (4+4) EPS, 1 x 24-pin Main",1 x 140 mm,100 - 240VAC,1.5kg,180 x 150 x 86 mm,Active,"OPP, OVP, SCP, OTP, UVP, OCP",,,,,,,,,,,1050.0,extreme
psu_156,PSU,Nguồn máy tính Segotep KL1250G - 1250W - 80 Plus Gold - Full Modular,5690000,https://phongvu.vn/nguon-may-tinh-segotep-kl1250w-white-1250w-80-plus-gold-full-modular-atx3-0-pcie5-0-jp-cap--s230300518,Segotep,36 tháng,KL1250G,,,Trắng,1250W,80 Plus Gold,Full Modular,ATX,"1 x 24-pin Main, 2 x 8-pin (4+4) CPU, 6 x 8-pin (6+2) PCIE, 1 x 16-pin (12+4) PCIE, 12 x SATA",1 x 140 mm,100 - 240VAC,3.1kg,150 x180 x 85mm,Active,,,,,,,,,,,,1250.0,extreme
psu_158,PSU,Nguồn máy tính Segotep GM1250W - 1250W - 80 Plus Gold - Full Modular,4990000,https://phongvu.vn/nguon-may-tinh-segotep-gm1250w-black-1250w-80-plus-gold-full-modular-atx3-0-pcie5-0--s230300516,Segotep,36 tháng,GM1250W,,,Đen,1250W,80 Plus Gold,Full Modular,ATX,"1 x 24-pin Main, 2 x 8-pin (4+4) CPU, 6 x 8-pin (6+2) PCIE, 1 x 16-pin (12+4) PCIE, 12 x SATA",1 x 140 mm,100 - 240VAC,3.1kg,150 x 160 x 85mm,Active,"OPP, OVP, SCP, OTP, UVP, OCP, SPD",,,,,,,,,,,1250.0,extreme
psu_159,PSU,Nguồn máy tính Segotep BN750W - 750W - 80 Plus Bronze,1790000,https://phongvu.vn/nguon-may-tinh-segotep-bn750w-750w-80-plus-bronze-atx3-0-pcie-5-0--s230300515,Segotep,36 tháng,BN750W,,,Đen,750W,80 Plus Bronze,không hỗ trợ,ATX,"1 x 24-pin Main, 2 x 8-pin (4+4) CPU, 3 x 8-pin (6+2) PCIE, 1 x 16-pin (12+4) PCIE, 3 x SATA",1 x 120 mm,100 - 240VAC,1.8kg,150 x 140 x 85mm,Active,"OPP, OVP, SCP, UVP, SPD",,,,,,,,,,,750.0,mid
psu_160,PSU,Nguồn máy tính Segotep BN650W - 650W - 80 Plus Bronze,1490000,https://phongvu.vn/nguon-may-tinh-segotep-bn650w-650w-80-plus-bronze-atx3-0-pcie-5-0--s230300514,Segotep,36 tháng,BN650W,,,Đen,650W,80 Plus Bronze,không hỗ trợ,ATX,"3 x SATA, 3 x 8-pin (6+2) PCIE, 1 x 24-pin Main, 2 x 8-pin (4+4) CPU, 1 x 16-pin (12+4) PCIE",1 x 120 mm,220V,1.8kg,150 x 140 x 85mm,Active,"OPP, OVP, SCP, UVP, SPD",,,,,,,,,,,650.0,mid
psu_161,PSU,Nguồn máy tính Segotep GM850W - 850W - 80 Plus Gold - Full Modular,2890000,https://phongvu.vn/nguon-may-tinh-segotep-gm850w-white-850w-80-plus-gold-full-modular-atx3-0-pcie-5-0--s230300513,Segotep,36 tháng,GM850W,,,Trắng,850W,80 Plus Gold,Full Modular,ATX,"1 x 24-pin Main, 2 x 8-pin (4+4) CPU, 4 x 8-pin (6+2) PCIE, 1 x 16-pin (12+4) PCIE, 8 x SATA",1 x 120 mm,100 - 240VAC,2.5kg,150 x 140 x 85mm,Active,"OPP, OVP, SCP, OTP, UVP, OCP, SPD",,,,,,,,,,,850.0,high
psu_163,PSU,Nguồn máy tính Segotep SG-650A - 550W - 80 Plus,1090000,https://phongvu.vn/nguon-may-tinh-segotep-sg-650a-an550w--s230300511,Segotep,36 tháng,SG-650A,AN550W,,Đen,550W,80 Plus,không hỗ trợ,ATX,"1 x 24-pin Main, 2 x 8-pin (4+4) CPU, 4 x 8-pin (6+2) PCIE, 3 x SATA",1 x 120 mm,220V,1.5 kg,15 x 14 x 8.5 cm,Active,,,,,,,,,,,,550.0,budget
psu_164,PSU,Nguồn máy tính Golden Field GPG850 - 850W - 80 Plus Gold - Full Modular,2650000,https://phongvu.vn/nguon-may-tinh-golden-field-80-plus-gold-gpg850-850w-80plus-gold-full-modular--s210400996,Golden Field,60 tháng,GPG850,,,Đen,850W,80 Plus Gold,Full Modular,ATX,"8 x SATA, 2 x Peripheral (4-pin), 2 x 8-pin (6+2) PCIE, 1 x 24-pin Main, 1 x 8-pin (4+4) CPU",1 x 120 mm,100 - 240VAC,2 kg,16 x 15 x 85 cm,Active,,,,,,,,,,,,850.0,high
psu_165,PSU,Nguồn máy tính Golden Field GPG750 - 750W - 80 Plus Gold - Full Modular,2460000,https://phongvu.vn/nguon-may-tinh-golden-field-80-plus-gold-gpg750-750w-80plus-gold-full-modular--s210400995,Golden Field,60 tháng,GPG750,,,Đen,750W,80 Plus Gold,Full Modular,ATX,"8 x SATA, 2 x Peripheral (4-pin), 2 x 8-pin (6+2) PCIE, 1 x 24-pin Main, 1 x 8-pin (4+4) CPU",1 x 120 mm,100 - 240VAC,2 kg,16 x 15 x 8.5 cm,Active,"OPP, OVP, SCP, UVP, OCP",,,,,,,,,,,750.0,mid
psu_166,PSU,Nguồn máy tính Golden Field GPG650 - 650W - 80 Plus Gold - Full Modular,2350000,https://phongvu.vn/nguon-may-tinh-golden-field-80-plus-gold-gpg650-650w-80plus-gold-full-modular--s210400994,Golden Field,60 tháng,GPG650,,,Đen,650W,80 Plus Gold,Full Modular,ATX,"8 x SATA, 2 x Peripheral (4-pin), 2 x 8-pin (6+2) PCIE, 1 x 24-pin Main, 1 x 8-pin (4+4) CPU",1 x 120 mm,100 - 240VAC,2 kg,16 x 15 x 8.5 cm,Active,"OPP, OVP, SCP, UVP, OCP",,,,,,,,,,,650.0,mid
psu_167,PSU,Nguồn máy tính Golden Field GPB750 - 750W - 80 Plus Bronze - Semi Modular,1890000,https://phongvu.vn/nguon-may-tinh-golden-field-80-plus-bronze-gpb750-750w-80plus-bronze-semi-modular--s210400993,Golden Field,36 tháng,GPB750,,,Đen,750W,80 Plus Bronze,Semi Modular,ATX,"8 x SATA, 2 x Peripheral (4-pin), 2 x 8-pin (6+2) PCIE, 1 x 24-pin Main, 2 x 8-pin (4+4) CPU",1 x 120 mm,100 - 240VAC,1.76 kg,16 x 15 x 8.5,,"OPP, OVP, SCP, OTP, UVP, OCP",,,,,,,,,,,750.0,mid
psu_168,PSU,Nguồn máy tính Golden Field GPB650 - 650W - 80 Plus Bronze - Semi Modular,1790000,https://phongvu.vn/nguon-may-tinh-golden-field-80-plus-bronze-gpb650-650w-80plus-bronze-semi-modular--s210400992,Golden Field,36 tháng,GPB650,,,Đen,650W,80 Plus Bronze,Semi Modular,ATX,"8 x SATA, 2 x Peripheral (4-pin), 2 x 8-pin (6+2) PCIE, 1 x 24-pin Main, 2 x 8-pin (4+4) CPU",1 x 120 mm,100 - 240VAC,1.76 kg,16 x 15 x 8.5 cm,Active,"OPP, OVP, SCP, OTP, UVP, OCP",,,,,,,,,,,650.0,mid
psu_169,PSU,Nguồn máy tính Jetek RM850 - 850W - 80 Plus Gold,2950000,https://phongvu.vn/nguon-may-tinh-jetek-rm850--s210200016,Jetek,48 tháng,RM850,,,Đen,850W,80 Plus Gold,không hỗ trợ,ATX,"1 x 24-pin Main, 4 x 8-pin (4+4) CPU, 4 x 8-pin (6+2) PCIE, 4 x SATA, 4 x ATA, 1 x FDD (4-pin)",1 x 120 mm,100 - 240VAC,,86 x 140 x 150 mm,Active,"OPP, OVP, SCP, OTP, UVP, OCP",,,,,,,,,,,850.0,high
psu_170,PSU,Nguồn máy tính Jetek Rhino RM750 - 750W - 80 Plus Gold,2250000,https://phongvu.vn/nguon-may-tinh-jetek-rm750--s210200015,Jetek,48 tháng,Rhino RM750,,,Đen,750W,80 Plus Gold,không hỗ trợ,ATX,"6 x SATA, 1 x 24-pin Main",1 x 120 mm,230VAC,,86 x 140 x 150 mm,Active,"OPP, OVP, SCP, UVP",,0.98,,,,,,,,,750.0,mid
psu_171,PSU,Nguồn máy tính Jetek SWAT750 - 750W - 80 Plus Bronze,1750000,https://phongvu.vn/nguon-may-tinh-jetek-swat750--s210200014,Jetek,36 tháng,SWAT750,,,Đen,750W,80 Plus Bronze,không hỗ trợ,ATX,"6 x SATA, 1 x FDD (4-pin), 4 x 8-pin (6+2) PCIE, 1 x 24-pin Main, 2 x 8-pin (4+4) CPU, 4 x ATA, 2 x 8-pin CPU",1 x 120 mm,230VAC,,86 x 150 x 140mm,Active,"OPP, OVP, SCP, UVP",,0.98,,,,,,,,,750.0,mid
psu_172,PSU,Nguồn máy tính Jetek SWAT650 - 650W - 80 Plus Bronze,1450000,https://phongvu.vn/nguon-may-tinh-jetek-swat650--s210200013,Jetek,36 tháng,SWAT650,,,Đen,650W,80 Plus Bronze,không hỗ trợ,ATX,"3 x SATA, 1 x FDD (4-pin), 2 x 8-pin (6+2) PCIE, 1 x 24-pin Main, 1 x 8-pin CPU, 1 x 4-pin CPU, 1 x 8-pin (4+4) CPU, 4 x ATA",1 x 120 mm,230VAC,,86 x 150 x 140mm,Active,"OPP, OVP, SCP, UVP",,0.98,,,,,,,,,650.0,mid
psu_173,PSU,Nguồn máy tính Jetek J650 - 650W -,1100000,https://phongvu.vn/nguon-may-tinh-jetek-j650--s210200009,Jetek,36 tháng,J650,,,Đen,650W,,không hỗ trợ,ATX,"4 x SATA, 2 x 8-pin (6+2) PCIE, 1 x 24-pin Main, 2 x 8-pin (4+4) CPU, 2 x ATA",1 x 120 mm,230VAC,,15 x 14 x 8.6 cm,Passive,"UVP, OVP, SCP, OPP",,,,,,,,,,,650.0,mid
psu_174,PSU,Nguồn máy tính Jetek J600 - 600W -,1000000,https://phongvu.vn/nguon-may-tinh-jetek-j600--s210200008,Jetek,36 tháng,J600,,,Đen,600W,,không hỗ trợ,ATX,"1 x 24-pin Main, 1 x 8-pin (4+4) CPU, 4 x SATA, 2 x Peripheral (4-pin)",1 x 120 mm,230VAC,,86 x 150 x 140 mm,Passive,"OPP, OVP, SCP, UVP",,,,,,,,,,,600.0,mid
psu_175,PSU,Nguồn máy tính Jetek J400 - 400W -,595000,https://phongvu.vn/nguon-may-tinh-jetek-j400--s210200004,Jetek,36 tháng,J400,,,Đen,400W,,,,"1 x 24-pin Main, 1 x 8-pin (4+4) CPU, 4 x SATA, 2 x Peripheral (4-pin)",1 x 120 mm,230VAC,,86 x 150 x 140 mm,Active,"OPP, OVP, UVP, SCP",,,,,,,,,,,400.0,budget
