ID,category,name,price,link,brand,warranty,series,use_case,chipset,socket,Kích thước,max_ram_slots,supported_ddr,Hỗ trợ bộ nhớ tối đa,ram_speed,Lưu trữ,m2_slots,Cổng xuất hình,pci_slots,Số cổng USB,lan,Kết nối không dây,audio,led,multi_gpu,mb_tier
mainboard_001,Mainboard,Mainboard Msi PRO Z890-S WIFI 6E,6290000,https://phongvu.vn/mainboard-msi-pro-z890-s-wifi-6e-ddr5--s260402024,Msi,36 tháng,PRO,Gaming,Z890,LGA1851,ATX,4 khe,DDR5,256GB,"8800(OC), 6400(OC), 6400(JEDEC), 4800(JEDEC)","4 x SATA 3 6Gb/s, 3 x M.2 NVMe",M.2 NVMe,"1 x HDMI, 1 x DisplayPort",4 x PCI-E x16 slot,- 1 x USB Type C (tối đa 2) - - USB 2.0 (tối đa 4) - - 6 x USB 3.2 (tối đa 8),1 x LAN 2.5Gb/s,"Wi-Fi 6E (802.11ax), Bluetooth 5.3",Realtek® ALC897 Codec 7.1-Channel High Definition Audio,,,high
mainboard_002,Mainboard,Mainboard Asus PRIME B550M-A WIFI II-CSM,2690000,https://phongvu.vn/bo-mach-chu-mainboard-asus-prime-b550m-a-wifi-ii-csm-ddr4-am4--s260305630,Asus,36 tháng,Prime,Gaming,B550,AM4,Micro-ATX,4 khe,DDR4,128GB,"4866(OC), 4800(OC), 4600(OC), 4466(OC), 4400(OC), 4333(OC), 4266(OC), 4200(OC), 4133(OC), 4000(OC)","4 x M.2 NVMe, 3 x M.2 SATA/NVMe",M.2 SATA/NVMe,"1 x HDMI, 1 x DVI-D, 1 x VGA/D-sub",1 x PCIe 4.0 x16; 1 x PCIe 3.0 x16; 2 x PCIe 3.0 x1,6 x USB 3.2 (Tối đa 8) USB 2.0(Tối đa 4),1 x LAN 1 Gb/s,"WiFi 802.11 a/b/g/n/ac/ax, Bluetooth 5.2",Realtek 7.1 Surround Sound High Definition Audio CODEC,,,mid
mainboard_003,Mainboard,Mainboard Msi A520M-A PRO DDR4,1490000,https://phongvu.vn/bo-mach-chinh-mainboard-msi-a520m-a-pro-ddr4--s260105686,Msi,36 tháng,,"Văn phòng, Gaming",A520,AM4,Micro-ATX,2 khe,DDR4,32GB,"1866MHz, 2133MHz, 2400MHz, 2667MHz, 2800MHz, 2933MHz, 3000MHz, 3066MHz, 3200MHz, 3466MHz","4 x SATA 3 6Gb/s, 1 x M.2 SATA/NVMe",M.2 SATA/NVMe,"1 x HDMI, 1 x DVI-D",1x PCIe 3.0 x16; 1x PCIe 3.0 x1,4 x USB 3.2 (tối đa 6); 2 x USB 2.0(tối đa 6),1 x LAN 1 Gb/s,,Realtek® ALC892/ALC897 Codec,,,budget
mainboard_004,Mainboard,Mainboard Msi PRO X870E-P WIFI DDR5,6690000,https://phongvu.vn/bo-mach-chinh-mainboard-msi-pro-x870e-p-wifi-ddr5--s251209501,Msi,36 tháng,PRO,Gaming,X870E,AM5,ATX,4 khe,DDR5,256GB,"8200(O.C.), 5600(OC)","4 x SATA 3 6Gb/s, 3 x M.2 NVMe",M.2 NVMe,"1 x HDMI, 1 x USB Type-C",3x PCI-E x16; 1x PCI-E x1,- 4 x USB 2.0 (Tối đa 10) - - 4 x USB 3.2 (Tối đa 8) - - 2 x USB Type C (Tối đa 3),1 x LAN 5Gb/s,"Wi-Fi 7 (802.11be), Bluetooth 5.4",Realtek® ALC897 7.1-Channel High Definition Audio,,,high
mainboard_005,Mainboard,Mainboard Msi PRO B840M-P WIFI6E,3490000,https://phongvu.vn/bo-mach-chinh-mainboard-msi-pro-b840m-p-wifi6e-ddr5--s251019397,Msi,36 tháng,PRO,Gaming,B840,AM5,Micro-ATX,4 khe,DDR5,256GB,"8000(O.C), 5600(O.C.), 5600(JEDEC), 4800(JEDEC)","4 x SATA 3 6Gb/s, 2 x M.2 NVMe",M.2 SATA/NVMe,1 x HDMI,1 x PCI-E x16; 1x PCI-E x1,- 1 x USB Type C (Tối đa 2) - - 2 x USB 3.2 (Tối đa 5) - - 4 x USB 2.0 (Tối đa 8),1 x LAN 2.5Gb/s,Wi-Fi 6E (802.11ax),Realtek® ALC897 -  7.1-Channel High Definition Audio,RGB,,mid
mainboard_006,Mainboard,Mainboard Asus H610M-K,1890000,https://phongvu.vn/bo-mach-chinh-mainboard-asus-prime-h610m-k-ddr5--s250909710,Asus,36 tháng,Prime,"Gaming, Văn phòng",H610,LGA1700,Micro-ATX,2 khe,DDR5,96GB,"5600MHz, 5400MHz, 5200MHz, 5000MHz, 4800MHz",4 x SATA 3 6Gb/s,M.2 NVMe,"1 x HDMI, 1 x VGA/D-sub",1 x PCIe 4.0 x16; 1 x PCIe 3.0 x1,- 2 x USB 3.2(Tối đa 3) - - 4 x USB 2.0(Tối đa 5),1 x LAN 1 Gb/s,,Realtek 7.1 Surround Sound High Definition Audio CODEC,,,budget
mainboard_007,Mainboard,Mainboard Asus B840M MAX GAMING AX-CSM DDR5,3590000,https://phongvu.vn/bo-mach-chu-mainboard-asus-b840m-max-gaming-ax-csm-ddr5--s250809210,Asus,36 tháng,,Gaming,B840,AM5,Micro-ATX,4 khe,DDR5,256GB,7600(O.C.),"3 x M.2 NVMe, 4 x SATA 3 6Gb/s",M.2 NVMe,1 x DisplayPort,2 x PCIe 4.0 x16; 3 x PCIe 3.0 x16,1 x USB Type-C (Tối đa 2) - 2 x USB 3.2 (Tối đa 3) - 2 x USB 2.0 (Tối đa 10),1 x LAN 2.5Gb/s,"WiFi 802.11 a/b/g/n/ac/ax, Bluetooth 5.3",Realtek 7.1 Surround Sound High Definition Audio CODEC,,,mid
mainboard_008,Mainboard,Mainboard Msi PRO H610M-E DDR5,1890000,https://phongvu.vn/bo-mach-chu-mainboard-msi-pro-h610m-e-ddr5--s250800170,Msi,36 tháng,PRO,"Gaming, Văn phòng",H610,LGA1700,Micro-ATX,2 khe,DDR5,96GB,5600(JEDEC),"4 x SATA 3 6Gb/s, 1 x M.2 SATA/NVMe",M.2 SATA/NVMe,"1 x HDMI, 1 x VGA/D-sub",1x PCI-E x16 - 1x PCI-E x1,4 x USB 2.0 (Tối đa 8) - 2 x USB 3.2 (Tối đa 4),1 x LAN 1 Gb/s,,Realtek® ALC897 Codec - 7.1-Channel High Definition Audio,,,budget
mainboard_009,Mainboard,Mainboard Asus PRIME B760M-F WIFI DDR5,2890000,https://phongvu.vn/bo-mach-chu-mainboard-asus-prime-b760m-f-wifi-90mb1n00-m0uay0--s250800163,Asus,36 tháng,Prime,Gaming,B760,LGA1700,Micro-ATX,2 khe,DDR5,96GB,"8000(OC), 7800(OC), 7600(OC), 7400(OC), 7200(OC), 7000(OC), 6800(OC), 6600(OC), 6400(OC), 6000(OC)",4 x SATA 3 6Gb/s,M.2 NVMe,"1 x HDMI, 1 x DisplayPort",1 x PCIe 5.0 x16; 1 x PCIe 4.0 x1,4 x USB 3.2(Tối đa 5) - 2 x USB 2.0(Tối đa 3),1 x LAN 1 Gb/s,"Bluetooth 5.3, WiFi 802.11 a/b/g/n/ac/ax",Realtek 7.1 Surround Sound High Definition Audio CODEC,,,mid
mainboard_010,Mainboard,Mainboard Msi X870E GAMING PLUS WF,7690000,https://phongvu.vn/bo-mach-chu-mainboard-msi-mag-x870e-gaming-plus-wf--s250717333,Msi,36 tháng,MAG,Gaming,X870E,AM5,ATX,4 khe,DDR5,256GB,"8200(O.C.), 5600(O.C.), 4800(JEDEC), 5600(JEDEC)","4 x SATA 3 6Gb/s, 3 x M.2 NVMe",M.2 SATA/NVMe,"1 x HDMI, 1 x USB Type-C",3x PCI-E x16; 1x PCI-E x1,- 1 x USB Type C (Tối đa 3) - 4 x USB 3.2 (Tối đa 8) - 4 x USB 2.0 (Tối đa 10),1 x LAN 5Gb/s,"Bluetooth 5.4, Wi-Fi 7 (802.11be)",Realtek® ALC897 7.1-Channel High Definition Audio,RGB,,high
mainboard_011,Mainboard,Mainboard Asus B760M-AYW WIFI DDR5,2990000,https://phongvu.vn/bo-mach-chu-mainboard-asus-b760m-ayw-wifi--s250713727,Asus,36 tháng,,"Gaming, Văn phòng",B760,LGA1700,Micro-ATX,2 khe,DDR5,96GB,"7800(OC), 7600(OC), 7400(OC), 7200(OC), 7000(OC), 6800(OC), 6600(OC), 6400(OC), 6200(OC), 6000(OC)","4 x SATA 3 6Gb/s, 2 x M.2 NVMe",M.2 SATA/NVMe,1 x HDMI,1 x PCIe 4.0 x16; 2 x PCIe 4.0 x4 slot,- 4 x USB 3.2(Tối đa 5) - - 2 x USB 2.0(Tối đa 3),1 x LAN 2.5Gb/s,WiFi 802.11 a/b/g/n/ac/ax,Realtek 7.1 Surround Sound High Definition Audio CODEC,,,mid
mainboard_012,Mainboard,Mainboard Msi B760M Gaming WF DDR5,3090000,https://phongvu.vn/bo-mach-chu-mainboard-msi-b760m-gaming-wf--s250711003,Msi,36 tháng,,Gaming,B760,LGA1700,Micro-ATX,2 khe,DDR5,128GB,"8000+(OC), 7800(OC), 7600(OC), 7400(OC), 7200(OC), 7000(OC), 6800(OC), 6600(OC), 6400(OC), 6200(OC)","1 x M.2 SATA/NVMe, 1 x M.2 NVMe, 4 x SATA 3 6Gb/s",M.2 SATA/NVMe,"1 x HDMI, 1 x DisplayPort, 1 x VGA/D-sub",1x PCI-E x16  -  1x PCI-E x1,2 x USB 2.0 (Tối đa 6) - 4 x USB 3.2 (Tối đa 6),1 x LAN 2.5Gb/s,"WiFi 802.11 a/b/g/n/ac/ax, Bluetooth 5.3",Realtek® ALC897 Codec 7.1-Channel High Definition Audio Supports S/PDIF output,,,mid
mainboard_013,Mainboard,Mainboard Msi PRO Z790-P WIFI DDR5,4990000,https://phongvu.vn/bo-mach-chinh-mainboard-msi-pro-z790-p-wifi-ddr5--s250633621,Msi,36 tháng,PRO,Văn phòng,Z790,LGA1700,ATX,4 khe,DDR5,256GB,"7000(OC), 6800(OC), 6600(OC), 6400(OC), 6200(OC), 6000(OC), 5800(OC), 5600(JEDEC), 5400(JEDEC), 5000(JEDEC)","2 x M.2 SATA/NVMe, 2 x M.2 NVMe, 6 x SATA 3 6Gb/s",M.2 SATA/NVMe,"1 x HDMI, 1 x DisplayPort",3x PCI-E x16 slot; 1x PCI-E x1 slot,- 1 x USB Type-C (Tối đa 2) - 3 x USB 3.2 (Tối đa 7) - 8 x USB 2.0 (Tối đa 16),1 x LAN 2.5Gb/s,"WiFi 802.11 a/b/g/n/ac/ax, Bluetooth 5.3",- Realtek® ALC897 Codec - 7.1-Channel High Definition Audio,,,mid
mainboard_014,Mainboard,Mainboard Msi B860M GAMING PLUS WIFI,5890000,https://phongvu.vn/bo-mach-chinh-mainboard-msi-b860m-gaming-plus-wifi--s250116586,Msi,36 tháng,Gaming,Gaming,B860,LGA1851,Micro-ATX,4 khe,DDR5,256GB,"8800(O.C), 8000(O.C), 8400(OC), 8600(OC), 6666(OC), 7800+(OC), 7200(OC), 7400(OC), 7600(OC), 7800(OC)","3 x M.2 NVMe, 4 x SATA 3 6Gb/s",M.2 NVMe,"1 x HDMI, 1 x DisplayPort, 1 x Thunderbolt 4",4x PCI-E x16 slot,- 1 x USB Type C ( Tối đa 2) - 3 x USB 3.2( Tối đa 7) - 2 x USB 2.0( Tối đa 6),1 x LAN 5Gb/s,"Wi-Fi 7 (802.11be), Bluetooth 5.4",Realtek® ALC897 Codec -  7.1-Channel High Definition Audio,RGB,,high
mainboard_015,Mainboard,Mainboard Msi B760M Gaming Plus WIFI DDR4,3490000,https://phongvu.vn/bo-mach-chinh-mainboard-msi-b760m-gaming-plus-wifi-ddr4--s241105117,Msi,36 tháng,Gaming,Gaming,B760,LGA1700,Micro-ATX,4 khe,DDR4,128GB,"5333(OC), 5200(OC), 5066(OC), 5000(OC), 4800(OC), 4600(OC), 4400(OC), 4266(OC), 4200(OC), 4000(OC)","4 x SATA 3 6Gb/s, 1 x M.2 NVMe, 1 x M.2 SATA/NVMe",M.2 SATA/NVMe,"2 x HDMI, 2 x DisplayPort",2x PCI-E x16 ; 1x PCI-E x1,- USB Type C - - 2 x USB 2.0 (Tối đa 6) - - 4 x USB 3.2 (Tối đa 8),1 x LAN 2.5Gb/s,"WiFi 802.11 a/b/g/n/ac, Bluetooth 5.3",Realtek® ALC897 Codec 7.1-Channel High Definition Audio,,,mid
mainboard_016,Mainboard,Mainboard ASUS Prime PRIME Z890-P-CSM | DDR5 - Wifi 7,6790000,https://phongvu.vn/mainboard-asus-prime-prime-z890-p-ddr5-wifi-7-csm--s241004036,Asus,36 tháng,Prime,Gaming,Z890,LGA1851,ATX,4 khe,DDR5,192GB,8400+(OC),"4 x SATA 3 6Gb/s, 3 x M.2 NVMe, 1 x M.2 SATA/NVMe",M.2 NVMe,"1 x HDMI, 1 x DisplayPort, 1 x Thunderbolt 4",1 x PCIe 5.0 x16; 2 x PCIe 4.0 x16; 1 x PCIe 4.0 x16,1 x Thunderbolt™ 4  -  3 x USB 3.2 (Tối đa 7) -  4 x USB 2.0 (Tối đa 8),1 x LAN 2.5Gb/s,"Wi-Fi 7 (802.11be), Bluetooth 5.4",Realtek 7.1 Surround Sound High Definition Audio CODEC,RGB,,high
mainboard_017,Mainboard,Mainboard MSI PRO PRO Z890 S | DDR5 - Wifi 7,6490000,https://phongvu.vn/mainboard-msi-pro-pro-z890-s-ddr5-wifi-7--s241003310,Msi,36 tháng,PRO,Gaming,Z890,LGA1851,ATX,4 khe,DDR5,256GB,"8600(OC), 6400(OC), 4800(JEDEC), 7200+(OC)",4 x SATA 3 6Gb/s,M.2 NVMe,"1 x HDMI, 1 x DisplayPort, 1 x Thunderbolt 4",4 x PCI-E x16; 1x PCI-E x1,1 x USB Type C (Tối đa 2) 6 x USB 3.2 (Tối đa 8) USB 2.0 (Tối đa 4),1 x LAN 5Gb/s,"Bluetooth 5.4, Wi-Fi 7 (802.11be)",Realtek® ALC897 Codec 7.1-Channel High Definition Audio,RGB,,high
mainboard_018,Mainboard,Mainboard MSI MAG MAG Z890 TOMAHAWK | DDR5 - Wifi 7,9090000,https://phongvu.vn/mainboard-msi-mag-mag-z890-tomahawk-ddr5-wifi-7--s241003313,Msi,36 tháng,MAG,Gaming,Z890,LGA1851,ATX,4 khe,DDR5,256GB,"9200(O.C), 6400(OC), 4800MHz, 7200+(OC)","4 x SATA 3 6Gb/s, 1 x M.2 SATA/NVMe, 3 x M.2 NVMe",M.2 NVMe,"1 x HDMI, 2 x Thunderbolt 4",3 x PCI-E x16,1 x USB Type C (Tối đa 2) -  7 x USB 3.2 (Tối đa 9) -  USB 2.0(Tối đa 4),1 x LAN 5Gb/s,"Bluetooth 5.4, Wi-Fi 7 (802.11be)",Realtek® ALC1220P Codec -  7.1-Channel High Definition Audio,,,high
mainboard_019,Mainboard,Mainboard Gigabyte X870 A ELITE WIFI7,8490000,https://phongvu.vn/mainboard-gigabyte-x870-a-elite-wifi7--s241000497,Gigabyte,36 tháng,AORUS,Gaming,X870,AM5,ATX,4 khe,DDR5,256GB,"7800(OC), 8000(O.C), 7600(OC), 7200(OC), 7000(OC), 6800(OC), 6666(OC), 6600(OC), 6400(OC), 6200(OC)","4 x SATA 3 6Gb/s, 4 x M.2 NVMe",M.2 SATA/NVMe,1 x HDMI,3 x PCI Express x16,2 x USB4® USB Type-C (Tối đa 2) - 6 x USB 3.2 (Tối đa 8) - 4 x USB 2.0 (Tối đa 8),1 x LAN 2.5Gb/s,"Wi-Fi 7 (802.11be), Bluetooth 5.4",Realtek ALC1220 CODEC,RGB,,high
mainboard_020,Mainboard,Mainboard Asus TUF GAMING B760M-PLUS WIFI II DDR5,3990000,https://phongvu.vn/mainboard-asus-tuf-gaming-b760m-plus-wifi-ii--s240901769,Asus,36 tháng,TUF,Gaming,B760,LGA1700,Micro-ATX,4 khe,DDR5,192GB,"7800+(OC), 7000(OC), 6800(OC), 6600(OC), 6400(OC), 6200(OC), 6000(OC), 5800(OC), 5600(OC), 5400(OC)","4 x SATA 3 6Gb/s, 3 x M.2 NVMe",M.2 SATA/NVMe,"1 x HDMI, 1 x DisplayPort",1 x PCIe 5.0 x16; 1 x PCIe 4.0 x4 slot; 1 x PCIe 3.0 x1 slot,-1 x USB Type-C(Tối đa 2) - - 1 x USB 10Gbps - - 2 x USB 5Gbps - - 4 x USB 2.0(Tối đa 7),1 x LAN 2.5Gb/s,WiFi 802.11 ax,Realtek 7.1 Surround Sound High Definition Audio CODEC,,,mid
mainboard_021,Mainboard,Mainboard Gigabyte B760M GAMING PLUS WIFI DDR4,3090000,https://phongvu.vn/mainboard-gigabyte-b760m-g-p-wifi-ddr4--s240900459,Gigabyte,36 tháng,Gaming,Gaming,B760,LGA1700,Micro-ATX,4 khe,DDR4,128GB,"5333(O.C.), 5133(O.C.), 5000(O.C.), 4933(O.C.), 4800(O.C.), 4700(O.C.), 4600(O.C.), 4500(O.C.), 4400(O.C.), 4300(O.C.)","1 x M.2 NVMe, 4 x SATA 3 6Gb/s",M.2 NVMe,"1 x HDMI, 1 x DisplayPort",1 x PCIe 4.0 x16  - - 2 x PCIe 3.0 x1,- 1 x USB Type-C(tối đa 1) - - 3 x USB 3.2( tối đa 5) - - 2 x USB 2.0( tối đa 6),1 x LAN 1 Gb/s,WiFi 802.11 a/b/g/n/ac/ax,"Realtek® Audio CODEC, High Definition Audio",RGB,,mid
mainboard_022,Mainboard,Mainboard Gigabyte H610M H V3 DDR4,1790000,https://phongvu.vn/mainboard-gigabyte-h610m-h-v3-ddr4--s240703192,Gigabyte,36 tháng,,"Gaming, Văn phòng",H610,LGA1700,Micro-ATX,2 khe,DDR4,64GB,"3200MHz, 3000MHz, 2933MHz, 2666MHz, 2400MHz, 2133MHz","1 x M.2 NVMe, 4 x SATA 3 6Gb/s",M.2 NVMe,"1 x HDMI, 1 x VGA/D-sub",1 x PCI Express x16; 1 x PCI Express x1,2 x USB 3.2 (tối đa 4); 4 x USB 2.0(tối đa 8),1 x LAN 1 Gb/s,,- Realtek Audio CODEC High Definition Audio 2/4/5.1/7.1-channel,,,budget
mainboard_023,Mainboard,Mainboard MSI B650M GAMING PLUS WIFI DDR5,4290000,https://phongvu.vn/bo-mach-chinh-mainboard-msi-b650m-gaming-plus-wifi--s240404235,Msi,36 tháng,,Gaming,B650,AM5,Micro-ATX,4 khe,DDR5,256GB,"7200+(OC), 7000(OC), 6800(OC), 6600(OC), 6400(OC), 6200(OC), 6000(OC), 5800(OC), 5600(OC), 5400(OC)","4 x SATA 3 6Gb/s, 2 x M.2 NVMe",M.2 NVMe,"1 x HDMI, 1 x DisplayPort",1x PCI-E x16 slot; 2x PCI-E x1 slot,1 x USB Type C (tối đa 2); 6 x USB 3.2(tối đa 9); 1 x USB 2.0 (tối đa 4),1 x LAN 2.5Gb/s,"WiFi 802.11 a/b/g/n/ac/ax, Bluetooth 5.3",Realtek ALC897 Codec,,,mid
mainboard_024,Mainboard,Mainboard MSI Z790 GAMING PLUS WF DDR5,5990000,https://phongvu.vn/mainboard-msi-z790-gaming-plus-wf--s240403785,Msi,36 tháng,,Gaming,Z790,LGA1700,ATX,4 khe,DDR5,256GB,"7000(OC), 6800(OC), 6600(OC), 6400(OC), 6200(OC), 6000(OC), 5800(OC), 5600(JEDEC), 5400(JEDEC), 5200(JEDEC)","6 x SATA 3 6Gb/s, 4 x M.2 NVMe",M.2 NVMe,"1 x HDMI, 1 x DisplayPort",3x PCI-E x16 slot; 1x PCI-E x1 slot,1 x USB Type C (tối đa 2); 3 x USB 3.2(tối đa 7); 4 x USB 2.0 (tối đa 8),1 x LAN 2.5Gb/s,"WiFi 802.11 a/b/g/n/ac/ax, Bluetooth 5.3",Realtek ALC897 Codec,,,high
mainboard_025,Mainboard,Mainboard ASUS PRIME A520M-K (DDR4),1590000,https://phongvu.vn/bo-mach-chinh-mainboard-asus-prime-a520m-k--s240400198,Asus,36 tháng,Prime,Gaming,A520,AM4,Micro-ATX,2 khe,DDR4,64GB,"4866(OC), 4600(O.C.), 4466(OC), 4333(OC), 4133(O.C.), 4400(OC), 4266(O.C.), 4200(OC), 4133(OC), 4400(O.C.)","4 x SATA 3 6Gb/s, 1 x M.2 SATA/NVMe",M.2 SATA/NVMe,"1 x VGA/D-sub, 1 x HDMI",1 x PCIe 3.0 x16; 2 x PCIe 3.0 x1,4 x USB 3.2 (tối đa 6); 2 x USB 2.0 (tối đa 6),1 x LAN 1 Gb/s,,Realtek ALC887/897 7.1 Surround Sound CODEC Âm thanh HD,,,budget
mainboard_026,Mainboard,Mainboard MSI B760M GAMING PLUS WIFI DDR5,3790000,https://phongvu.vn/bo-mach-chinh-mainboard-msi-b760m-gaming-plus-wifi-911-7d98-012--s240300647,Msi,36 tháng,Gaming,Gaming,B760,LGA1700,Micro-ATX,4 khe,DDR5,256GB,"6800(OC), 6600(OC), 6400(OC), 6200(OC), 6000(OC), 5800(OC), 5600(JEDEC), 5400(JEDEC), 5200(JEDEC), 5000(JEDEC)","4 x SATA 3 6Gb/s, 1 x M.2 NVMe, 1 x M.2 SATA/NVMe",M.2 SATA/NVMe,"2 x HDMI, 2 x DisplayPort",2x PCI-E x16 - 1x PCI-E x1,USB Type C - 2 x USB 2.0 (Tối đa 6) - 4 x USB 3.2 (Tối đa 8),1 x LAN 2.5Gb/s,"WiFi 802.11 a/b/g/n/ac/ax, Bluetooth 5.3",#NAME?,,,mid
mainboard_027,Mainboard,Mainboard Asus PRIME H610M-K D4-CSM,1890000,https://phongvu.vn/bo-mach-chinh-mainboard-asus-prime-h610m-k-d4-csm-90mb1a10-m0uayc--s240100848,Asus,36 tháng,Prime,Gaming,H610,LGA1700,Micro-ATX,2 khe,DDR4,64GB,"3200MHz, 3000MHz, 2933MHz, 2800MHz, 2666MHz, 2400MHz, 2133MHz","4 x SATA 3 6Gb/s, 1 x M.2 NVMe",M.2 NVMe,"1 x VGA/D-sub, 1 x HDMI",1 x PCIe 4.0 x16; 1 x PCIe 3.0 x1,2 x USB 3.2 (Tối đa 4) - 4 x USB 2.0(Tối đa 6),1 x LAN 1 Gb/s,,Realtek 7.1 Surround Sound High Definition Audio CODEC,,,budget
mainboard_028,Mainboard,Mainboard ASUS PRIME B760M-A D4-CSM (DDR4),2790000,https://phongvu.vn/bo-mach-chinh-mainboard-asus-prime-b760m-a-d4-csm-90mb1d00-m0uayc--s230900017,Asus,36 tháng,Prime,"Gaming, Văn phòng",B760,LGA1700,Micro-ATX,4 khe,DDR4,128GB,"2800MHz, 2400MHz, 2666MHz, 3000MHz, 3200MHz, 2933MHz, 2133MHz, 5333(OC), 5066(OC), 5000(OC)","4 x SATA 3 6Gb/s, 2 x M.2 NVMe",M.2 NVMe,"2 x HDMI, 1 x DisplayPort",3 x PCIe 4.0 x16,2 x USB 3.2 (tối đa 6) - 4 x USB 2.0 (tối đa 9) - USB Type-C,1 x LAN 2.5Gb/s,,Realtek 7.1 Surround Sound High Definition Audio CODEC,,,mid
mainboard_029,Mainboard,Mainboard Gigabyte B760M D DDR4,2700000,https://phongvu.vn/bo-mach-chinh-mainboard-gigabyte-b760m-d-ddr4--s230803461,Gigabyte,36 tháng,,Gaming,B760,LGA1700,Micro-ATX,2 khe,DDR4,64GB,"3200MHz, 3000MHz, 2933MHz, 2666MHz, 2133MHz, 2400MHz","4 x SATA 3 6Gb/s, 2 x M.2 NVMe",M.2 NVMe,"1 x HDMI, 1 x VGA/D-sub",1 x PCI Express x16; 1 x PCI Express x1,2 x USB 2.0 (tối đa 6) - 4 x USB 3.2 (tối đa 6),1 x LAN 1 Gb/s,,Realtek Audio CODEC,,,mid
mainboard_030,Mainboard,Mainboard ASUS PRIME A620M-A DDR5 (90MB1F10-M0UAY0),3290000,https://phongvu.vn/bo-mach-chinh-mainboard-asus-prime-a620m-a-90mb1f10-m0uay0--s230802063,Asus,36 tháng,Prime,Gaming Văn Phòng,A620,AM5,Micro-ATX,4 khe,DDR5,128GB,"4800MHz, 5000MHz, 5200MHz, 6400(OC), 6200(OC), 6000(OC), 5800(OC), 5600(O.C.), 5400(O.C.)","4 x SATA 3 6Gb/s, 2 x M.2 NVMe",M.2 NVMe,"1 x HDMI, 1 x DisplayPort, 1 x VGA/D-sub",1 x PCIe 4.0 x16 ; 2 x PCIe 3.0 x1,4 x USB 2.0(tối đa 8) - 2 x USB 3.2 (tối đa 4) - USB Type C,1 x LAN 1 Gb/s,,Âm thanh vòm Realtek 7.1 CODEC âm thanh độ nét cao,,,mid
mainboard_031,Mainboard,Mainboard Asus PRIME H510M-K R2.0,1790000,https://phongvu.vn/bo-mach-chinh-mainboard-asus-prime-h510m-k-r2-0-90mb1e80-m0uay0--s230502470,Asus,36 tháng,Prime,"Gaming, Văn phòng",H470,LGA1200,Micro-ATX,2 khe,DDR4,64GB,"2800MHz, 2400MHz, 2666MHz, 3000MHz, 3200MHz, 2933MHz, 2133MHz","4 x SATA 3 6Gb/s, 1 x M.2 SATA/NVMe",M.2 SATA/NVMe,"1 x HDMI, 1 x VGA/D-sub",1 x PCIe 4.0/3.0 x16; 1 x PCIe 3.0 x1,4 x USB 3.2 (tối đa 6); 2 x USB 2.0(tối đa 6),1 x LAN 1 Gb/s,,Realtek 7.1 Surround Sound High Definition Audio CODEC,,,budget
mainboard_032,Mainboard,Mainboard Msi PRO B760M-P DDR4,2790000,https://phongvu.vn/bo-mach-chinh-mainboard-msi-pro-b760m-p-ddr4--s230200077,Msi,36 tháng,PRO,"Gaming, Văn phòng, Đồ họa - Kỹ thuật",B760,LGA1700,Micro-ATX,4 khe,DDR4,128GB,"4800(OC), 4600(OC), 4400(OC), 4266(OC), 4200(OC), 4000(OC), 3800(OC), 3733(OC), 3600(OC), 3466(OC)","4 x SATA 3 6Gb/s, 1 x M.2 NVMe, 1 x M.2 SATA/NVMe",M.2 SATA/NVMe,"1 x HDMI, 1 x DisplayPort, 1 x VGA/D-sub",1 x PCI Express x16; 2 x PCI Express x1,- 1 x USB Type-C - 1 x USB 3.2 (Tối đa 3) - 4 x USB 2.0(Tối đa 8),1 x LAN 1 Gb/s,,#NAME?,,,mid
mainboard_033,Mainboard,Mainboard Msi PRO B760M-A WIFI DDR4,3599000,https://phongvu.vn/bo-mach-chinh-mainboard-msi-pro-b760m-a-wifi-ddr4--s230200076,Msi,36 tháng,PRO,"Gaming, Văn phòng, Đồ họa - Kỹ thuật",B760,LGA1700,Micro-ATX,4 khe,DDR4,128GB,"5333(OC), 5200(OC), 5066(OC), 5000(OC), 4800(OC), 4600(OC), 4400(OC), 4266(OC), 4200(OC), 4000(OC)","4 x SATA 3 6Gb/s, 1 x M.2 NVMe, 1 x M.2 SATA/NVMe",M.2 SATA/NVMe,"2 x HDMI, 2 x DisplayPort",2 x PCI Express x16; 1 x PCI Express x1,- USB Type-C (Tối đa 1) - 4 x USB 3.2 (Tối đa 8) - 2 x USB 2.0(Tối đa 6),1 x LAN 2.5Gb/s,"WiFi 802.11 a/b/g/n/ac/ax, Bluetooth 5.3",#NAME?,,,mid
mainboard_034,Mainboard,Mainboard Gigabyte Z790M AORUS ELITE AX DDR5,5690000,https://phongvu.vn/bo-mach-chinh-mainboard-gigabyte-z790m-aorus-elite-ax--s230100305,Gigabyte,36 tháng,AORUS,"Gaming, Văn phòng, Đồ họa - Kỹ thuật",Z790,LGA1700,Micro-ATX,4 khe,DDR5,128GB,"7600MHz, 7400MHz, 7200MHz, 7000MHz, 6800MHz, 6600MHz, 6400MHz, 6200MHz, 6000MHz, 5800MHz","6 x SATA 3 6Gb/s, 3 x M.2 NVMe",M.2 NVMe,"1 x HDMI, 1 x DisplayPort",2 x PCI Express x16,- 1 x USB Type-C (Tối đa 2) - 5 x USB 3.2 (Tối đa 7) - 4 x USB 2.0(Tối đa 8),1 x LAN 2.5Gb/s,"WiFi 802.11 a/b/g/n/ac/ax, Bluetooth 5.3",#NAME?,RGB,AMD CrossFire,high
mainboard_035,Mainboard,Mainboard Gigabyte B760M DS3H DDR4,2849000,https://phongvu.vn/bo-mach-chinh-mainboard-gigabyte-b760m-ds3h-ddr4--s230100294,Gigabyte,36 tháng,,"Gaming, Văn phòng, Đồ họa - Kỹ thuật",B760,LGA1700,Micro-ATX,4 khe,DDR4,128GB,"5333MHz, 5133MHz, 5000MHz, 4933MHz, 4800MHz, 4700MHz, 4600MHz, 4500MHz, 4400MHz, 4300MHz","4 x SATA 3 6Gb/s, 2 x M.2 NVMe",M.2 NVMe,"1 x HDMI, 2 x DisplayPort, 1 x VGA/D-sub",1 x PCI Express x16; 2 x PCI Express x1,- 1 x USB Type-C - 3 x USB 3.2 (Tối đa 5) - 2 x USB 2.0(Tối đa 6),1 x LAN 2.5Gb/s,,#NAME?,,,mid
mainboard_036,Mainboard,Mainboard MSI PRO H610M-E DDR4,1790000,https://phongvu.vn/mainboard-msi-pro-h610m-e-ddr4--s221201959,Msi,36 tháng,PRO,"Gaming, Văn phòng",H610,LGA1700,Micro-ATX,2 khe,DDR4,64GB,"2800MHz, 2400MHz, 2666MHz, 3000MHz, 3200MHz, 2933MHz, 2133MHz","4 x SATA 3 6Gb/s, 1 x M.2 NVMe",M.2 NVMe,"1 x HDMI, 1 x VGA/D-sub",1x PCIe x16; 1x PCIe x1,2 x USB 3.2 (Tối đa 3); 4 x USB 2.0 (Tối đa 6),1 x LAN 1 Gb/s,,Realtek ALC897 Codec,,,budget
mainboard_037,Mainboard,Mainboard Asus PRIME Z790-P WIFI-CSM DDR5,4990000,https://phongvu.vn/mainboard-asus-prime-z790-p-wifi-csm--s221003671,Asus,36 tháng,Prime,"Gaming, Văn phòng, Đồ họa - Kỹ thuật",Z790,LGA1700,ATX,4 khe,DDR5,128GB,"7200MHz, 7000MHz, 6800MHz, 6600MHz, 6400MHz, 6200MHz, 6000MHz, 5800MHz, 5600MHz, 5400MHz","4 x SATA 3 6Gb/s, 1 x M.2 SATA/NVMe, 2 x M.2 NVMe",M.2 NVMe,"1 x DisplayPort, 1 x HDMI",1 x PCIe 5.0 x16; 3 x PCIe 4.0 x4; 1 x PCIe 3.0 x1,1 x USB Type-C (tối đa 2); 3 x USB 3.2 (tối đa 7); 4 x USB 2.0 (tối đa 8),1 x LAN 2.5Gb/s,"WiFi 802.11 a/b/g/n/ac/ax, Bluetooth 5.2",Realtek 7.1 Surround Sound High Definition Audio CODEC,RGB,,mid
mainboard_038,Mainboard,Mainboard Gigabyte Z790 UD DDR5 | Socket 1700,5090000,https://phongvu.vn/mainboard-gigabyte-z790-ud--s221003593,Gigabyte,36 tháng,,"Gaming, Văn phòng, Đồ họa - Kỹ thuật",Z790,LGA1700,ATX,4 khe,DDR5,128GB,"7600MHz, 7400MHz, 7200MHz, 7000MHz, 6800MHz, 6600MHz, 6400MHz, 6200MHz, 6000MHz, 5800MHz","6 x SATA 3 6Gb/s, 3 x M.2 NVMe",M.2 NVMe,"1 x DisplayPort, 1 x HDMI",3 x PCI E x16; 2 x PCI E x1,1 x USB Type-C (tối đa 2); 5 x USB 3.2 (tối đa 5); 4 x USB 2.0 (tối đa 8),1 x LAN 2.5Gb/s,,Realtek Audio CODEC,RGB,AMD CrossFire,high
mainboard_039,Mainboard,Mainboard Gigabyte Z790 UD AX DDR5,5590000,https://phongvu.vn/bo-mach-chinh-mainboard-gigabyte-z790-ud-ax--s221003592,Gigabyte,36 tháng,,"Gaming, Văn phòng, Đồ họa - Kỹ thuật",Z790,LGA1700,ATX,4 khe,DDR5,128GB,"7600MHz, 7400MHz, 7200MHz, 7000MHz, 6800MHz, 6600MHz, 6400MHz, 6200MHz, 6000MHz, 5800MHz","6 x SATA 3 6Gb/s, 3 x M.2 NVMe",M.2 NVMe,"1 x DisplayPort, 1 x HDMI",3 x PCI E x16; 2 x PCI E x1,1 x USB Type-C (tối đa 2); 5 x USB 3.2 (tối đa 5); 4 x USB 2.0 (tối đa 8),1 x LAN 2.5Gb/s,"WiFi 802.11 a/b/g/n/ac/ax, Bluetooth 5.2",Realtek Audio CODEC,RGB,AMD CrossFire,high
mainboard_040,Mainboard,Mainboard Msi MAG X870E TOMAHAWK WIFI DDR5,9690000,https://phongvu.vn/bo-mach-chinh-mainboard-msi-mag-x870e-tomahawk-wifi-ddr5--s260200461,Msi,36 tháng,MAG,Gaming,X870E,AM5,ATX,4 khe,DDR5,256GB,"8400(OC), 5600(OC), 5600(JEDEC), 4800(JEDEC)","4 x SATA 3 6Gb/s, 4 x M.2 NVMe",M.2 NVMe,"1 x HDMI, 2 x USB Type-C",3 x PCI-E x16,3 x USB Type C (Tối đa 4) - 5 x USB 3.2 (Tối đa 9) - 4 x USB 2.0 (Tối đa 8),1 x LAN 5Gb/s,"Wi-Fi 7 (802.11be), Bluetooth 5.4",Realtek ALC4080 Codec; 7.1-Channel USB High Performance Audio,,,high
mainboard_041,Mainboard,Mainboard ASUS ROG STRIX X870E-H GAMING WIFI7 HATSUNE MIKU EDITION DDR5,13990000,https://phongvu.vn/mainboard-asus-rog-strix-x870e-h-gaming-wifi7-hatsune-miku-edition-ddr5--s251101070,Asus,36 tháng,ROG,Gaming,X870E,AM5,ATX,4 khe,DDR5,256GB,8000+MT/s (OC),"4 x SATA 3 6Gb/s, 4 x M.2 NVMe",M.2 NVMe,1 x HDMI,1 x PCIe 5.0 x16 slot; 1 x PCIe 4.0 x16 slot,3 x USB Type-C (Tối đa 4) 9 x USB 3.2 (Tối đa 11) 2 x USB 2.0 (Tối đa 4),1 x LAN 5Gb/s,"Wi-Fi 7 (802.11be), Bluetooth 5.4",Realtek ALC1220P 7.1 Surround Sound,,,high
mainboard_042,Mainboard,Mainboard Gigabyte B760M DS3H GEN5,3450000,https://phongvu.vn/bo-mach-chinh-mainboard-gigabyte-b760m-ds3h-gen5--s250636936,Gigabyte,36 tháng,,"Gaming, Văn phòng",B760,LGA1700,Micro-ATX,4 khe,DDR5,256GB,"5600 MT/s, 5200 MT/s, 4800 MT/s, 4400 MT/s","4 x SATA 3 6Gb/s, 2 x M.2 NVMe",M.2 NVMe,"1 x HDMI, 1 x VGA/D-sub, 2 x DisplayPort",1 x PCI Express x16; 2 x PCI Express x1,- 1 x USB Type-C - - 3 x USB 3.2( tối đa 5) - - 2 x USB 2.0( tối đa 6),1 x LAN 2.5Gb/s,,Realtek Audio CODEC; High Definition Audio; 2/4/5.1/7.1-channel,,,mid
mainboard_043,Mainboard,Mainboard Gigabyte B760M GAMING WIFI PLUS,3290000,https://phongvu.vn/bo-mach-chinh-mainboard-gigabyte-b760m-gaming-wifi-plus--s250635562,Gigabyte,36 tháng,,Gaming,B760,LGA1700,Micro-ATX,2 khe,DDR5,128GB,"8000(O.C), 7800(O.C), 7600(O.C.), 7400(O.C.), 7200(O.C.), 7000(O.C.), 6800(O.C.), 6600(O.C.), 6400(O.C.), 6200(O.C.)","2 x M.2 NVMe, 4 x SATA 3 6Gb/s",M.2 NVMe,"1 x HDMI, 1 x VGA/D-sub",1 x PCI Express x16; 1 x PCI Express x1,- 1 x USB Type-C - - 3 x USB 3.2 (Tối đa 5) - - 2 x USB 2.0 (Tối đa 6),1 x LAN 2.5Gb/s,"Bluetooth 5.1, WiFi 802.11 a/b/g/n/ac",- Realtek® Audio CODEC - High Definition Audio - 2/4/5.1/7.1-channel,,,mid
mainboard_044,Mainboard,Mainboard Asus ROG STRIX X870-I GAMING WIFI,13090000,https://phongvu.vn/bo-mach-chinh-mainboard-asus-rog-strix-x870-i-gaming-wifi--s250520311,Asus,36 tháng,ROG,Gaming,X870,AM5,Mini-ITX,2 khe,DDR5,128GB,"8400+(OC), 8600(OC), 8000+(OC)","2 x SATA 3 6Gb/s, 2 x M.2 NVMe",M.2 NVMe,"1 x HDMI, 2 x USB Type-C",1 x PCIe 5.0 x16 1 x PCIe 4.0 x16,3 x USB Type-C (Tối đa 4) 4 x USB 3.2(Tối đa 6) 3 x USB 2.0,1 x LAN 2.5Gb/s,"Wi-Fi 7 (802.11be), Bluetooth 5.4",- ROG Strix Hive II Audio Features - ROG Hyper-Grounding Technology - ESS® SABRE9260Q DAC - Silver-plated audio jacks - Dedicated audio PCB layers,,,high
mainboard_045,Mainboard,Mainboard ASUS PRIME B550M-A DDR4,2550000,https://phongvu.vn/bo-mach-chinh-mainboard-asus-prime-b550m-a-ddr4--s250203035,Asus,36 tháng,Prime,Văn phòng,B550,AM4,Micro-ATX,4 khe,DDR4,128GB,"2800MHz, 2400MHz, 2666MHz, 3000MHz, 3200MHz, 3333MHz, 3600MHz, 3733MHz, 3866MHz, 4000MHz","4 x SATA 3 6Gb/s, 2 x M.2 SATA/NVMe",M.2 SATA/NVMe,"1 x HDMI, 1 x DVI-D, 1 x VGA/D-sub",- 1 x PCIe 4.0 x16 - - 1 x PCIe 3.0 x16 - - 2 x PCIe 3.0 x1,- 6 x USB 3.2 (tối đa 8) - - USB 2.0 (tối đa 4),1 x LAN 1 Gb/s,,Realtek ALC887 7.1 Surround Sound High Definition Audio CODEC,RGB,,mid
mainboard_046,Mainboard,Mainboard GIGABYTE B850I AORUS PRO,8390000,https://phongvu.vn/bo-mach-chinh-mainboard-gigabyte-b850i-aorus-pro--s250116698,Gigabyte,36 tháng,AORUS,Gaming,B850,AM5,Mini-ITX,2 khe,DDR5,128GB,"8400(OC), 8200(O.C.), 8000(O.C), 7800(O.C), 7600(O.C.), 7200(O.C.), 7000(O.C.), 6800(O.C.), 6666(OC), 6600(O.C.)","4 x M.2 NVMe, 2 x SATA 3 6Gb/s",M.2 NVMe,1 x HDMI,1 x PCI Express x16,- 1 x USB Type-C (Tối đa 2) - 4 x USB 3.2(Tối đa 6) - 2 x USB 2.0(Tối đa 4),1 x LAN 2.5Gb/s,"Wi-Fi 7 (802.11be), Bluetooth 5.4",- Realtek® ALC4080 CODEC - - High Definition Audio  - - 2-channel,RGB,,high
mainboard_047,Mainboard,Mainboard GIGABYTE B850 A ELITE WF7,7390000,https://phongvu.vn/bo-mach-chinh-mainboard-gigabyte-b850-a-elite-wf7--s250116691,Gigabyte,36 tháng,AORUS,Gaming,B850,AM5,ATX,4 khe,DDR5,256GB,"8200(O.C.), 8000(O.C), 7950(O.C), 7900(O.C), 7800(O.C), 7600(O.C.), 7400(O.C.), 7200(O.C.), 7000(O.C.), 6800(O.C.)","4 x SATA 3 6Gb/s, 3 x M.2 NVMe",M.2 SATA/NVMe,"1 x HDMI, 1 x DisplayPort",3 x PCI Express x16,- 1 x USB Type-C (Tối đa 2) - 7 x USB 3.2(Tối đa 9) - 4 x USB 2.0(Tối đa 8),1 x LAN 2.5Gb/s,"Bluetooth 5.4, Wi-Fi 7 (802.11be)",- Realtek® Audio CODEC - - High Definition Audio - - 2/4/5.1/7.1-channel,RGB,,high
mainboard_048,Mainboard,Mainboard GIGABYTE B850M GAMING X WF6E,5790000,https://phongvu.vn/bo-mach-chinh-mainboard-gigabyte-b850m-gaming-x-wf6e--s250116693,Gigabyte,36 tháng,Gaming,Gaming,B850,AM5,Micro-ATX,4 khe,DDR5,256GB,"8200(O.C.), 8000(O.C), 7950(O.C), 7900(O.C), 7800(O.C), 7600(O.C.), 7400(O.C.), 7200(O.C.), 7000(O.C.), 6800(O.C.)","6 x M.2 NVMe, 4 x SATA 3 6Gb/s",M.2 NVMe,"1 x HDMI, 2 x DisplayPort",2 x PCI Express x16,- 1 x USB Type-C (Tối đa 2) - 7 x USB 3.2(Tối đa 9) - 4 x USB 2.0(Tối đa 8),1 x LAN 2.5Gb/s,"WiFi 802.11 a/b/g/n/ac/ax, Bluetooth 5.3",Realtek® Audio CODEC - High Definition Audio - 2/4/5.1/7.1-channel,RGB,,high
mainboard_049,Mainboard,Mainboard Msi MEG Z890 ACE,20090000,https://phongvu.vn/bo-mach-chinh-mainboard-msi-meg-z890-ace--s250116592,Msi,36 tháng,MEG,Gaming,Z890,LGA1851,ATX,4 khe,DDR5,256GB,"8000(O.C), 7950(O.C), 7900(O.C), 7800(O.C), 7600(O.C.), 7400(O.C.), 7200(O.C.), 7000(O.C.), 6800(O.C.), 6600(O.C.)","4 x M.2 NVMe, 1 x M.2 SATA/NVMe",M.2 SATA/NVMe,"1 x HDMI, 2 x Thunderbolt 4",3x PCI-E x16 slot,2 x USB Type C (Tối đa 2) 11 x USB 3.2 (Tối đa 15) USB 2.0 (Tối đa 4),1 x LAN 10Gb/s,"Bluetooth 5.4, Wi-Fi 7 (802.11be)",Realtek® ALC4082 Codec + ESS9219Q Combo DAC/HPA -  7.1-Channel USB High-Performance Audio,RGB,,high
mainboard_050,Mainboard,Mainboard GIGABYTE Z790 AORUS PRO X DDR5,9890000,https://phongvu.vn/bo-mach-chinh-mainboard-gigabyte-z790-aorus-pro-x-ddr5-wifi-bluetooth--s250115756,Gigabyte,36 tháng,AORUS,Gaming,Z790,LGA1700,ATX,4 khe,DDR5,256GB,"8266(O.C.), 8200(O.C.), 8000(O.C), 7950(O.C), 7900(O.C), 7800(O.C), 7600(O.C.), 7400(O.C.), 7200(O.C.), 7000(O.C.)","4 x SATA 3 6Gb/s, 4 x M.2 NVMe, 1 x M.2 SATA/NVMe",M.2 SATA/NVMe,"1 x HDMI, 1 x USB Type-C",3 x PCI Express x16,- 2 x USB Type-C (tối đa 4) - 6 x USB 3.2(tối đa 4) - 2 x USB 2.0 (tối đa 6),1 x LAN 5Gb/s,"Bluetooth 5.3, Wi-Fi 7 (802.11be)",Realtek® ALC1220-VB CODEC,RGB,,high
mainboard_051,Mainboard,Mainboard ASUS ROG CROSSHAIR X870E HERO (AMD X870E | ATX | 4 x DDR5 | AM5),18390000,https://phongvu.vn/mainboard-asus-rog-crosshair-x870e-hero-amd-x870e-atx-4-x-ddr5-am5--s241202522,Asus,36 tháng,ROG,Gaming,X870E,AM5,ATX,4 khe,DDR5,192GB,"8200+(OC), 8600(OC), 8000+(OC)","5 x M.2 NVMe, 4 x SATA 3 6Gb/s",M.2 NVMe,"1 x HDMI, 2 x USB Type-C",2 x PCIe 5.0 x16,4 x USB Type-C (Tối đa 6) 6 x USB 3.2 (Tối đa 10) USB 2.0 (Tối đa 4),"1 x LAN 2.5Gb/s, 1 x LAN 5Gb/s","Wi-Fi 7 (802.11be), Bluetooth 5.4",ROG SupremeFX 7.1 Surround Sound High Definition Audio CODEC ALC4082,RGB,,high
mainboard_052,Mainboard,Mainboard ASUS TUF GAMING X870-PLUS WIFI 7 - DDR5,9990000,https://phongvu.vn/mainboard-asus-tuf-gaming-x870-plus-wifi--s241105133,Asus,36 tháng,TUF,"Gaming, Văn phòng",X870,AM5,ATX,4 khe,DDR5,192GB,8000+MT/s (OC),4 x M.2 NVMe,M.2 SATA/NVMe,"1 x HDMI, 1 x DisplayPort",1 x PCIe 5.0 x16 slot; 1 x PCIe 4.0 x16 slot; 1 x PCIe 4.0 x16 slot,- 2 x USB Type-C (Tối đa 2) - - 7 x USB Type-A(tối đa 9) - - 1 x USB 2.0(Tối đa 3),1 x LAN 2.5Gb/s,"Wi-Fi 7 (802.11be), Bluetooth 5.4",Realtek ALC1220P 7.1 Surround Sound High Definition Audio CODEC,,,high
mainboard_053,Mainboard,Mainboard Asus ProArt X870E-CREATOR WIFI 7 - DDR5,14390000,https://phongvu.vn/mainboard-asus-proart-x870e-creator-wifi--s241105125,Asus,36 tháng,PROART,"Gaming, Văn phòng",X870E,AM5,ATX,4 khe,DDR5,192GB,8000+MT/s (OC),"4 x SATA 3 6Gb/s, 4 x M.2 NVMe",M.2 SATA/NVMe,"1 x HDMI, 1 x DisplayPort",2 x PCIe 5.0 x16 slot; 1 x PCIe 4.0 x16 slot; 1 x PCIe 4.0 x16 slot,3 x USB Type-C (Tối đa 4) - - 8 x USB Type-A(tối đa 8) - - 1 x USB 2.0(Tối đa 4),"1 x LAN 10Gb/s, 1 x LAN 2.5Gb/s","Wi-Fi 7 (802.11be), Bluetooth 5.4",Realtek ALC1220P 7.1 Surround Sound High Definition Audio CODEC,,,high
mainboard_054,Mainboard,Mainboard MSI MAG B550M MORTAR MAX WIFI,3990000,https://phongvu.vn/bo-mach-chu-mainboard-msi-mag-b550m-mortar-max-wifi--s241105038,Msi,36 tháng,MAG,Gaming,B550,AM4,Micro-ATX,4 khe,DDR4,128GB,"1866MHz, 2133MHz, 2400MHz, 2667MHz, 2933MHz, 3000MHz, 3066MHz, 3200MHz, 2800MHz, 3466MHz","1 x M.2 NVMe, 6 x SATA 3 6Gb/s, 1 x M.2 SATA/NVMe",M.2 SATA/NVMe,"1 x HDMI, 1 x DisplayPort",1 x PCIe 3.0/ 4.0 x16; 1 x PCIe 3.0 x16; 2 x PCIe 3.0 x1,1 x USB Type-C (tối đa 2) - 3 x USB 3.2 (tối đa 4) - 2 x USB 2.0 (tối đa 6),1 x LAN 2.5Gb/s,"WiFi 802.11 a/b/g/n/ac/ax, Bluetooth 5.2",Realtek ALC1220P Codec,,AMD CrossFire,mid
mainboard_055,Mainboard,Mainboard ASUS ROG MAXIMUS Z890 HERO,20090000,https://phongvu.vn/mainboard-asus-rog-maximus-z890-hero--s241004049,Asus,36 tháng,ROG,Gaming,Z890,LGA1851,ATX,4 khe,DDR5,192GB,9600+ MT/s (OC),"4 x SATA 3 6Gb/s, 6 x M.2 NVMe",M.2 NVMe,"1 x HDMI, 2 x Thunderbolt 4",1 x PCIe 5.0 x16; 1 x PCIe 4.0 x16; 1 x PCIe 4.0 x1,1 x USB Type-C (Tối đa 3) -  8 x USB 3.2 (Tối đa 12) -  USB 2.0 (Tối đa 4),"1 x LAN 2.5Gb/s, 1 x LAN 5Gb/s","Wi-Fi 7 (802.11be), Bluetooth 5.4",ROG SupremeFX 7.1 Surround Sound High Definition Audio CODEC ALC4082,,,high
mainboard_056,Mainboard,Mainboard ASUS ROG ROG STRIX Z890-E GAMING | DDR5 - Wifi 7,14690000,https://phongvu.vn/mainboard-asus-rog-rog-strix-z890-e-gaming-ddr5-wifi-7--s241004045,Asus,36 tháng,ROG,Gaming,Z890,LGA1851,ATX,4 khe,DDR5,192GB,8800(O.C),"4 x SATA 3 6Gb/s, 6 x M.2 NVMe, 1 x M.2 SATA/NVMe",M.2 NVMe,"1 x HDMI, 1 x DisplayPort, 2 x Thunderbolt 4",1 x PCIe 5.0 x16; 1 x PCIe 4.0 x16,2 x USB Type-C (Tối đa 3) -  10 x USB 3.2 (Tối đa 14) -  USB 2.0 (Tối đa 6),1 x LAN 5Gb/s,"Wi-Fi 7 (802.11be), Bluetooth 5.4",ROG SupremeFX 7.1 Âm Thanh Vòm Độ Nét Cao CODEC ALC4080,RGB,,high
mainboard_057,Mainboard,Mainboard ASUS TUF TUF GAMING Z890-PRO | DDR5 - Wifi 7,10490000,https://phongvu.vn/mainboard-asus-tuf-tuf-gaming-z890-pro-ddr5-wifi-7--s241004048,Asus,36 tháng,TUF,Gaming,Z890,LGA1851,ATX,4 khe,DDR5,192GB,8600(OC),"4 x SATA 3 6Gb/s, 1 x M.2 SATA/NVMe, 3 x M.2 NVMe",M.2 NVMe,"1 x HDMI, 1 x DisplayPort, 2 x Thunderbolt 4",1 x PCIe 5.0 x16; 1 x PCIe 4.0 x16 (hỗ trợ chế độ x4); 1 x  PCIe 4.0 x4; 2 x PCIe 4.0 x1,2 x Thunderbolt™ 4 -  6 x USB 3.2 (Tối đa 8) -  USB 2.0 (Tối đa 4),1 x LAN 2.5Gb/s,"Bluetooth 5.4, Wi-Fi 7 (802.11be)",Realtek ALC1220P 7.1 Surround Sound High Definition Audio CODEC,,,high
mainboard_058,Mainboard,Mainboard ASUS ROG ROG STRIX Z890-F GAMING | DDR5 - Wifi 7,12890000,https://phongvu.vn/mainboard-asus-rog-rog-strix-z890-f-gaming-ddr5-wifi-7--s241004035,Asus,36 tháng,ROG,Gaming,Z890,LGA1851,ATX,4 khe,DDR5,192GB,8600(OC),"4 x M.2 NVMe, 1 x M.2 SATA/NVMe, 4 x SATA 3 6Gb/s",M.2 NVMe,"1 x HDMI, 1 x DisplayPort, 2 x Thunderbolt 4",1 x PCIe 5.0 x16; 1 x PCIe 4.0 x16,2 x USB Type-C (Tối đa 3) -  8 x USB 3.2 (Tối đa 12) -  2 x USB 2.0 (Tối đa 6),1 x LAN 2.5Gb/s,"Wi-Fi 7 (802.11be), Bluetooth 5.4",ROG SupremeFX 7.1 Surround Sound High Definition Audio CODEC ALC4080,RGB,,high
mainboard_059,Mainboard,Mainboard ASUS PROART ProArt Z890-CREATOR | DDR5 - Wifi 7,14390000,https://phongvu.vn/mainboard-asus-proart-proart-z890-creator-ddr5-wifi-7--s241004037,Asus,36 tháng,PROART,Gaming,Z890,LGA1851,ATX,4 khe,DDR5,192GB,8600(OC),"4 x M.2 NVMe, 4 x SATA 3 6Gb/s, 1 x M.2 SATA/NVMe",M.2 NVMe,"1 x HDMI, 2 x Thunderbolt 5, 1 x Thunderbolt 4, 1 x DisplayPort",2 x PCIe 5.0 x16; 1 x PCIe 4.0 x16,6 x USB 3.2 (Tối đa 8) -  1 x USB 2.0 (Tối đa 3),"1 x LAN 2.5Gb/s, 1 x LAN 10Gb/s",,Realtek ALC1220P 7.1 Surround Sound High Definition Audio CODEC,,,high
mainboard_060,Mainboard,Mainboard MSI Gaming Z890 GAMING PLUS | DDR5 - Wifi 7,8890000,https://phongvu.vn/mainboard-msi-gaming-z890-gaming-plus-ddr5-wifi-7--s241003317,Msi,36 tháng,Gaming,Gaming,Z890,LGA1851,ATX,4 khe,DDR5,256GB,"9200(O.C), 6400(OC), 4800(JEDEC), 7200+(OC)","4 x SATA 3 6Gb/s, 1 x M.2 SATA/NVMe, 3 x M.2 NVMe",M.2 NVMe,"1 x HDMI, 1 x DisplayPort, 1 x Thunderbolt 4",3 x PCI-E x16 slot; 1 x PCI-E x1 slot,1 x USB Type C (Tối đa 2) 3 x USB 3.2 (Tối đa 7) 4 x USB 2.0 (Tối đa 8),1 x LAN 5Gb/s,"Wi-Fi 7 (802.11be), Bluetooth 5.4",Realtek® ALC897 Codec -  7.1-Channel High Definition Audio,RGB,,high
mainboard_061,Mainboard,Mainboard MSI MPG MPG Z890 EDGE TI | DDR5 - Wifi 7,13490000,https://phongvu.vn/mainboard-msi-mpg-mpg-z890-edge-ti-ddr5-wifi-7--s241003319,Msi,36 tháng,MPG,Gaming,Z890,LGA1851,ATX,4 khe,DDR5,256GB,"9200(O.C), 6400(OC), 4800(JEDEC), 7200MHz","4 x SATA 3 6Gb/s, 1 x M.2 SATA/NVMe, 4 x M.2 NVMe",M.2 NVMe,"1 x HDMI, 2 x Thunderbolt 4",2 x PCI-E x16; 1x PCI-E x1,1 x USB Type C (Tối đa 2) 8 x USB 3.2 (Tối đa 10) 1 x USB 2.0 (Tối đa 5),1 x LAN 5Gb/s,"Bluetooth 5.4, Wi-Fi 7 (802.11be)",Realtek® ALC1220P Codec 7.1-Channel USB High Definition Audio,RGB,,high
mainboard_062,Mainboard,Mainboard MSI MPG MPG Z890 CARBON | DDR5 - Wifi 7,15990000,https://phongvu.vn/mainboard-msi-mpg-mpg-z890-carbon-ddr5-wifi-7--s241003311,Msi,36 tháng,MPG,Gaming,Z890,LGA1851,ATX,4 khe,DDR5,256GB,"9200(O.C), 6400(OC), 4800(JEDEC), 7200(OC)","4 x SATA 3 6Gb/s, 4 x M.2 NVMe, 1 x M.2 SATA/NVMe",M.2 NVMe,"1 x HDMI, 2 x Thunderbolt 4",3 x PCI-E x16,1 x USB Type C (Tối đa 2) - - 4 x USB 3.2 (Tối đa 14) - - USB 2.0(Tối đa 4),"1 x LAN 2.5Gb/s, 1 x LAN 5Gb/s","Bluetooth 5.4, Wi-Fi 7 (802.11be)",Realtek ALC1220P Codec; 7.1-Channel USB High Defination Audio,RGB,,high
mainboard_063,Mainboard,Mainboard Gigabyte AORUS Z890 AORUS MASTER | DDR5 - Wifi 7,16390000,https://phongvu.vn/mainboard-gigabyte-aorus-z890-aorus-master-ddr5-wifi-7--s241002924,Gigabyte,36 tháng,AORUS,Gaming,Z890,LGA1851,ATX,4 khe,DDR5,256GB,"9500(O.C), 9466(O.C), 9333(O.C), 9200(O.C), 9066(O.C), 8933(O.C), 8800(O.C), 8600(OC), 8400(OC), 8200(O.C.)","4 x M.2 NVMe, 1 x M.2 SATA/NVMe, 4 x SATA 3 6Gb/s",M.2 NVMe,"1 x HDMI, 2 x Thunderbolt 4",3 x PCI Express x16,2 x USB4® USB Type-C (Tối đa 3) - 10 x USB 3.2(Tối đa 14) - 2 x USB 2.0(Tối đa 6),1 x LAN 10Gb/s,"Wi-Fi 7 (802.11be), Bluetooth 5.4",Realtek® ALC1220 CODEC; ESS ES9118 DAC chip; Support for DTS:X® Ultra; High Definition Audio; 2/4/5.1-channel,RGB,,high
mainboard_064,Mainboard,Mainboard Gigabyte Z890 UD | DDR 5 - WIFI6E,6190000,https://phongvu.vn/mainboard-gigabyte-z890-ud-ddr-5-wifi6e--s241002925,Gigabyte,36 tháng,,Gaming,Z890,LGA1851,ATX,4 khe,DDR5,256GB,"8800(O.C), 8600(OC), 8400(OC), 8266(O.C.), 8200(O.C.), 8000(O.C), 7950(O.C), 7900(O.C), 7800(O.C), 7600(O.C.)","4 x SATA 3 6Gb/s, 1 x M.2 SATA/NVMe, 2 x M.2 NVMe",M.2 NVMe,"1 x DisplayPort, 1 x USB Type-C",3 x PCI Express x16;,1 x USB4® USB Type-C (Tối đa 2) - 5 x USB 3.2(Tối đa 7) - 4 x USB 2.0(Tối đa 8),1 x LAN 2.5Gb/s,"Bluetooth 5.3, WiFi 802.11 a/b/g/n/ac/ax",- Realtek® Audio CODEC High Definition Audio 2/4/5.1/7.1-channel,RGB,,high
mainboard_065,Mainboard,Mainboard MSI MAG X870 TOMAHAWK WIFI (DDR5),9790000,https://phongvu.vn/mainboard-msi-mag-x870-tomahawk-wifi--s241002417,Msi,36 tháng,MAG,Gaming,X870,AM5,ATX,4 khe,DDR5,256GB,"8400+(OC), 8200+(OC), 8000+(OC), 7800+(OC), 7600(O.C.), 7400(OC), 7200(OC), 7000(OC), 6800(OC), 6600(OC)",4 x SATA 3 6Gb/s,M.2 NVMe,"1 x HDMI, 2 x Type-C/ DisplayPort",3 x PCI-E x16,3 x USB Type C (tối đa 4) 5 x USB 3.2 (tối đa 9) 4 x USB 2.0 (tối đa 8),1 x LAN 5Gb/s,"Bluetooth 5.4, Wi-Fi 7 (802.11be)",Realtek® ALC4080 Codec  -  7.1-Channel USB High Performance Audio,RGB,,high
mainboard_066,Mainboard,Mainboard MSI MPG X870E CARBON WIFI (DDR5),14990000,https://phongvu.vn/mainboard-msi-mpg-x870e-carbon-wifi--s241002410,Msi,36 tháng,MPG,Gaming,X870E,AM5,ATX,4 khe,DDR5,256GB,"8400+(OC), 8200+(OC), 8000+(OC), 7800(OC), 7600(OC), 7400(OC), 7200(OC), 7000(OC), 6800(OC), 6600(OC)","4 x SATA 3 6Gb/s, 4 x M.2 NVMe",M.2 NVMe,"1 x HDMI, 2 x Type-C/ DisplayPort",3 x PCI-E x16 slot,4 x USB Type C (Tối đa 5) -  9 x USB 3.2 (Tối đa ) -  USB 2.0 (Tối đa 4),"1 x LAN 2.5Gb/s, 1 x LAN 5Gb/s","Wi-Fi 7 (802.11be), Bluetooth 5.4",Realtek® ALC4080 Codec 7.1-Channel USB High-Performance Audio,RGB,,high
mainboard_067,Mainboard,Mainboard MSI PRO X870-P WIFI (DDR5),6990000,https://phongvu.vn/mainboard-msi-pro-x870-p-wifi--s241002400,Msi,36 tháng,PRO,Gaming,X870,AM5,ATX,4 khe,DDR5,256GB,"8200+(OC), 8000+(OC), 7800(OC), 7600(OC), 7400(O.C.), 7200(OC), 7000(OC), 6800(OC), 6600(OC), 6400(OC)",3 x M.2 NVMe,M.2 NVMe,"1 x HDMI, 1 x Type-C/ DisplayPort",4 x PCI-E x16,2 x USB Type C (tối đa 3) 4 x USB 3.2 (tối đa 6) 4 x USB 2.0 (tối đa 8),1 x LAN 5Gb/s,"Bluetooth 5.4, Wi-Fi 7 (802.11be)",Realtek® ALC897 -  7.1-Channel High Definition Audio,RGB,,high
mainboard_068,Mainboard,Mainboard MSI MEG X870E GODLIKE (DDR5),30990000,https://phongvu.vn/mainboard-msi-meg-x870e-godlike--s241002401,Msi,36 tháng,MEG,Gaming,X870E,AM5,Extended-ATX,4 khe,DDR5,256GB,"8400+(OC), 8200+(OC), 8000+(OC), 7800(OC), 7600(OC), 7400(OC), 7200(OC), 7000(OC), 6800(OC), 6600(OC)","4 x SATA 3 6Gb/s, 5 x M.2 NVMe",M.2 NVMe,,2x PCI-E x16 slot; 1x PCI-E x4 slot,7 x USB Type C (tối đa 9) -  8 x USB 3.2(tối đa 8) -  USB 2.0(tối đa 4),"1 x LAN 10Gb/s, 1 x LAN 5Gb/s","Wi-Fi 7 (802.11be), Bluetooth 5.4",Realtek® ALC4082 Codec + ESS9219Q Combo DAC/HPA 7.1-Channel USB High-Performance Audio,RGB,,high
mainboard_069,Mainboard,Mainboard Asus TUF GAMING Z790-PLUS WIFI DDR5,7790000,https://phongvu.vn/bo-mach-chinh-mainboard-asus-tuf-gaming-z790-plus-wifi--s240902071,Asus,36 tháng,TUF,Gaming,Z790,LGA1700,ATX,4 khe,DDR5,128GB,"7200(OC), 7000(OC), 6800(OC), 6600(OC), 6400(OC), 6200(OC), 6000(OC), 5800(OC), 5600(OC), 5400(OC)","4 x SATA 3 6Gb/s, 4 x M.2 NVMe",M.2 NVMe,"1 x HDMI, 1 x DisplayPort",- 1 x PCIe 5.0 x16 slot - - 1 x PCIe 4.0 x16 slot - - 1 x PCIe 4.0 x4 slot - - 2 x PCIe 3.0 x1 slots,- 1 x USB Type-C(Tối đa 3) - - 6 x USB 3.2( tối đa 8) - - 2 x USB 2.0,1 x LAN 2.5Gb/s,WiFi 802.11 a/b/g/n/ac/ax,Realtek S1220A 7.1 Surround Sound High Definition Audio CODEC,RGB,,high
mainboard_070,Mainboard,Mainboard MSI B650M-A PRO WIFI DDR5,4749000,https://phongvu.vn/bo-mach-chinh-mainboard-msi-b650m-a-pro-wifi-ddr5--s240802341,Msi,36 tháng,,Gaming,B650,AM5,Micro-ATX,4 khe,DDR5,256GB,"7200+(OC), 7000(OC), 6800(OC), 6600(OC), 6400(OC), 6200(OC), 6000(OC), 5800(OC), 5600(OC), 5400(OC)","2 x M.2 NVMe, 4 x SATA 3 6Gb/s",M.2 NVMe,"1 x HDMI, 1 x DisplayPort",2 x PCI-E x16; 1 x PCI-E x1,8 x USB 3.1(Tối đa 10) - - USB 2.0(Tối đa 4) - - USB Type C,1 x LAN 2.5Gb/s,"WiFi 802.11 a/b/g/n/ac/ax, Bluetooth 5.3",#NAME?,,,mid
mainboard_071,Mainboard,Mainboard MSI MPG B760I EDGE WF DDR5,4890000,https://phongvu.vn/bo-mach-chinh-mainboard-msi-mpg-b760i-edge-wf--s240403783,Msi,36 tháng,MPG,Gaming,B760,LGA1700,Mini-ITX,2 khe,DDR5,128GB,"7200+(OC), 7000(OC), 6800(OC), 6600(OC), 6400(OC), 6200(OC), 6000(OC), 5800(OC), 5600(JEDEC), 5400(JEDEC)","4 x SATA 3 6Gb/s, 1 x M.2 NVMe",M.2 NVMe,"1 x HDMI, 1 x DisplayPort",1x PCI-E x16,1 x USB Type C (tối đa 2); 5 x USB 3.2(tối đa 7); 2 x USB 2.0 (tối đa 4),1 x LAN 2.5Gb/s,"WiFi 802.11 a/b/g/n/ac/ax, Bluetooth 5.3",Realtek ALC897 Codec,,,mid
mainboard_072,Mainboard,Mainboard MSI B760M PROJECT ZERO DDR5,5590000,https://phongvu.vn/bo-mach-chu-mainboard-msi-b760m-project-zero--s240401328,Msi,36 tháng,,Gaming,B760,LGA1700,Micro-ATX,4 khe,DDR5,256GB,"7800+(OC), 7600(OC), 7400(OC), 7200(OC), 7000(O.C.), 6800(OC), 6600(OC), 6400(OC), 6200(OC), 6000(OC)","4 x SATA 3 6Gb/s, 1 x M.2 SATA/NVMe, 1 x M.2 NVMe",M.2 SATA/NVMe,"1 x HDMI, 1 x DisplayPort",2x PCI-E x16; 1x PCI-E x1,1 x USB Type C (Tối đa 2) - 3 x USB 3.2(Tối đa 5) - 4 x USB 2.0(Tối đa 8),1 x LAN 2.5Gb/s,"WiFi 802.11 ax, Bluetooth 5.3",Realtek ALC897 Codec,,,high
mainboard_073,Mainboard,Mainboard Gigabyte Z790 A ELITE AX ICE DDR5,9540000,https://phongvu.vn/bo-mach-chinh-mainboard-gigabyte-z790-a-elite-ax-ice--s240101195,Gigabyte,36 tháng,,Gaming,Z790,LGA1700,ATX,4 khe,DDR5,192GB,"7600(O.C.), 7400(O.C.), 7200(O.C.), 7000(O.C.), 6800(O.C.), 6600(O.C.), 6400(O.C.), 6200(O.C.), 6000(O.C.), 5800(O.C.)","6 x SATA 3 6Gb/s, 4 x M.2 NVMe",M.2 NVMe,"1 x HDMI, 1 x DisplayPort",1 x PCI E 5.0 x16;  1 x PCI E 4.0 x16; 1 x PCI E 3.0 x16,1 x USB Type-C (tối đa 2); 5 x USB 3.2 (tối đa 5); 4 x USB 2.0 (tối đa 8),1 x LAN 2.5Gb/s,"WiFi 802.11 a/b/g/n/ac/ax, Bluetooth 5.3",Realtek Audio CODEC,RGB,,high
mainboard_074,Mainboard,Mainboard MSi MAG B760M MORTAR WF II DDR5,4490000,https://phongvu.vn/mainboard-msi-mag-b760m-mortar-wf-ddr5--s231103631,Msi,36 tháng,MAG,Gaming,B760,LGA1700,Micro-ATX,4 khe,DDR5,192GB,"7800(O.C), 7600(O.C.), 7400(O.C.), 7200(O.C.), 7000(OC), 6800(OC), 6400(OC), 6200(OC), 6000(OC), 5800(OC)","4 x SATA 3 6Gb/s, 1 x M.2 SATA/NVMe, 2 x M.2 NVMe",M.2 SATA/NVMe,"1 x HDMI, 1 x DisplayPort",1x PCI-E x16,1 x USB Type C (Tối đa 2); 4 x USB 2.0 (Tối đa 8); 3 x USB 3.2(Tối đa 6);,1 x LAN 2.5Gb/s,"WiFi 802.11 ax, Bluetooth 5.3",#NAME?,,,mid
mainboard_075,Mainboard,Mainboard GIGABYTE H510M-H V2 (DDR4),1990000,https://phongvu.vn/bo-mach-chu-mainboard-gigabyte-h510m-h-v2--s230803462,Gigabyte,36 tháng,,Gaming,H470,LGA1200,Micro-ATX,2 khe,DDR4,64GB,"2400MHz, 2666MHz, 3000MHz, 3200MHz, 2933MHz, 2133MHz","4 x SATA 3 6Gb/s, 1 x M.2 SATA/NVMe",M.2 SATA/NVMe,"1 x HDMI, 1 x VGA/D-sub",1 x PCI Express x16; 1 x PCI Express x1,- 4 x USB 2.0 (Tối đa 6) -2 x USB 3.2(Tối đa 4),1 x LAN 1 Gb/s,,Realtek Audio CODEC,,,budget
mainboard_076,Mainboard,Mainboard MSI B760 GAMING PLUS WIFI DDR5,4449000,https://phongvu.vn/bo-mach-chinh-mainboard-msi-b760-gaming-plus-wifi--s230802064,Msi,36 tháng,Gaming,Gaming,B760,LGA1700,ATX,4 khe,DDR5,192GB,"6000MHz, 6800(OC), 6600(OC), 6400(OC), 6200(OC), 5800(OC), 5600(JEDEC), 5400(JEDEC), 5200(JEDEC), 5000(JEDEC)","4 x SATA 3 6Gb/s, 1 x M.2 NVMe, 1 x M.2 SATA/NVMe",M.2 SATA/NVMe,"1 x HDMI, 1 x DisplayPort",5 x PCI-E x16,1 x USB 3.2 Type C (Tối đa 2) - 4 x USB 2.0 (Tối đa 8) -2 x USB 3.2(Tối đa 4),1 x LAN 2.5Gb/s,"WiFi 802.11 a/b/g/n/ac/ax, Bluetooth 5.3",Realtek ALC897 Codec - 7.1-Channel High Definition - Audio Supports S/PDIF output,,,mid
mainboard_077,Mainboard,Mainboard Asus TUF GAMING B760M-PLUS WIFI D4 (DDR4),3990000,https://phongvu.vn/bo-mach-chinh-mainboard-asus-tuf-gaming-b760m-plus-wifi-d4--s230400166,Asus,36 tháng,TUF,Gaming,B760,LGA1700,Micro-ATX,4 khe,DDR4,128GB,"5333(OC), 5066(OC), 5000(OC), 4800(OC), 4600(OC), 4400(OC), 4266(OC), 4000(OC), 3733(OC), 3600(OC)","4 x SATA 3 6Gb/s, 2 x M.2 NVMe",M.2 NVMe,"1 x HDMI, 1 x DisplayPort",1 x PCIe 5.0 x16; 1 x PCIe 4.0 x16; 1 x PCIe 4.0 x1,1 x USB Type-C(Tối đa 2) - 5 x USB 3.2(Tối đa 7) - 2 x USB 2.0(Tối đa 6),1 x LAN 2.5Gb/s,"WiFi 802.11 a/b/g/n/ac/ax, Bluetooth 5.2",Realtek 7.1 Surround Sound High Definition Audio CODEC,,,mid
mainboard_078,Mainboard,Mainboard MSI MPG Z790 Edge Wifi DDR4,10490000,https://phongvu.vn/bo-mach-chinh-mainboard-msi-mpg-z790-edge-wifi-ddr4--s230200074,Msi,36 tháng,MPG,"Gaming, Văn phòng, Đồ họa - Kỹ thuật",Z790,LGA1700,ATX,4 khe,DDR4,128GB,"5333MHz, 5200MHz, 5066MHz, 5000MHz, 4800MHz, 4600MHz, 4533MHz, 4400MHz, 4266MHz, 4000MHz","7 x SATA 3 6Gb/s, 4 x M.2 NVMe, 1 x M.2 SATA/NVMe",M.2 NVMe,"1 x HDMI, 1 x DisplayPort",2 x PCI Express x16; 1 x PCI Express x1,- 2 x USB Type-C (Tối đa 3) - 8 x USB 3.2 (Tối đa 10) - USB 2.0(Tối đa 4),1 x LAN 2.5Gb/s,"WiFi 802.11 a/b/g/n/ac/ax, Bluetooth 5.3",#NAME?,RGB,,high
mainboard_079,Mainboard,Mainboard Gigabyte B760M AORUS ELITE AX DDR5,4390000,https://phongvu.vn/bo-mach-chinh-mainboard-gigabyte-b760m-aorus-elite-ax--s230100298,Gigabyte,36 tháng,AORUS,"Gaming, Văn phòng, Đồ họa - Kỹ thuật",B760,LGA1700,Micro-ATX,4 khe,DDR5,128GB,"7600MHz, 7400MHz, 7200MHz, 7000MHz, 6800MHz, 6600MHz, 6400MHz, 6200MHz, 6000MHz, 5800MHz","4 x SATA 3 6Gb/s, 2 x M.2 NVMe",M.2 NVMe,"1 x HDMI, 1 x DisplayPort",2 x PCI Express x16,- 1 x USB Type-C (Tối đa 2) - 4 x USB 3.2 (Tối đa 6) - 4 x USB 2.0(Tối đa 8),1 x LAN 2.5Gb/s,"WiFi 802.11 a/b/g/n/ac/ax, Bluetooth 5.3",#NAME?,RGB,AMD CrossFire,mid
mainboard_080,Mainboard,Mainboard GIGABYTE B760M DS3H AX DDR4,3799000,https://phongvu.vn/bo-mach-chinh-mainboard-gigabyte-b760m-ds3h-ax-ddr4--s230100293,Gigabyte,36 tháng,,"Gaming, Văn phòng, Đồ họa - Kỹ thuật",B760,LGA1700,Micro-ATX,4 khe,DDR4,128GB,"5333MHz, 5133MHz, 5000MHz, 4933MHz, 4800MHz, 4700MHz, 4600MHz, 4500MHz, 4400MHz, 4300MHz","4 x SATA 3 6Gb/s, 2 x M.2 NVMe",M.2 NVMe,"1 x HDMI, 2 x DisplayPort",1 x PCI Express x16; 2 x PCI Express x1,- 1 x USB Type-C - 3 x USB 3.2 (Tối đa 5) - 2 x USB 2.0(Tối đa 6),1 x LAN 2.5Gb/s,"WiFi 802.11 a/b/g/n/ac/ax, Bluetooth 5.3",#NAME?,,,mid
mainboard_081,Mainboard,Mainboard MSI MAG Z790 TOMAHAWK WIFI DDR4,8899000,https://phongvu.vn/bo-mach-chinh-mainboard-msi-mag-z790-tomahawk-wifi-ddr4--s221100000,Msi,36 tháng,MAG,"Gaming, Văn phòng, Đồ họa - Kỹ thuật",Z790,LGA1700,ATX,4 khe,DDR4,128GB,"5333MHz, 5133MHz, 5066MHz, 5000MHz, 4800MHz, 4700MHz, 4600MHz, 4500MHz, 4400MHz, 4266MHz","7 x SATA 3 6Gb/s, 1 x M.2 SATA/NVMe, 3 x M.2 NVMe",M.2 NVMe,"1 x DisplayPort, 1 x HDMI",2 x PCI-E x16; 1x PCI-E x1,2 x USB Type-C (tối đa 3); 8 x USB 3.2 (tối đa 10); USB 2.0 (tối đa 4),1 x LAN 2.5Gb/s,"WiFi 802.11 a/b/g/n/ac/ax, Bluetooth 5.3",Realtek ALC4080 Codec,RGB,,high
mainboard_082,Mainboard,Mainboard Gigabyte Z790 AORUS ELITE AX DDR5,6549000,https://phongvu.vn/bo-mach-chinh-mainboard-gigabyte-z790-aorus-elite-ax--s221003590,Gigabyte,36 tháng,AORUS,"Gaming, Văn phòng, Đồ họa - Kỹ thuật",Z790,LGA1700,ATX,4 khe,DDR5,128GB,"7600MHz, 7400MHz, 7200MHz, 7000MHz, 6800MHz, 6600MHz, 6400MHz, 6200MHz, 6000MHz, 5800MHz","6 x SATA 3 6Gb/s, 1 x M.2 SATA/NVMe, 3 x M.2 NVMe",M.2 NVMe,"1 x DisplayPort, 1 x HDMI",3 x PCI E x16,1 x USB Type-C (tối đa 2); 5 x USB 3.2 (tối đa 5); 4 x USB 2.0 (tối đa 8),1 x LAN 2.5Gb/s,"WiFi 802.11 a/b/g/n/ac/ax, Bluetooth 5.3",Realtek Audio CODEC,RGB,AMD CrossFire,high
mainboard_083,Mainboard,Mainboard Gigabyte Z790 AERO G DDR5,9399000,https://phongvu.vn/bo-mach-chinh-mainboard-gigabyte-z790-aero-g--s221003589,Gigabyte,36 tháng,,"Gaming, Văn phòng, Đồ họa - Kỹ thuật",Z790,LGA1700,ATX,4 khe,DDR5,128GB,"7600MHz, 7400MHz, 7200MHz, 7000MHz, 6800MHz, 6600MHz, 6400MHz, 6200MHz, 6000MHz, 5800MHz","4 x SATA 3 6Gb/s, 1 x M.2 SATA/NVMe, 4 x M.2 NVMe",M.2 NVMe,1 x HDMI,3 x PCI E x16,2 x USB Type-C (tối đa 3); 6 x USB 3.2 (tối đa 8); 2 x USB 2.0 (tối đa 6),1 x LAN 2.5Gb/s,"WiFi 802.11 a/b/g/n/ac/ax, Bluetooth 5.3",Realtek ALC1220-VB CODEC,RGB,AMD CrossFire,high
mainboard_084,Mainboard,Mainboard Asrock B660M Steel Legend,4499000,https://phongvu.vn/mainboard-asrock-b660m-steel-legend-ddr4--s220401614,Asrock,36 tháng,Steel Legend,"Gaming, Đồ họa - Kỹ thuật, Doanh nghiệp, Học sinh - Sinh viên",B660,LGA1700,Micro-ATX,4 khe,DDR4,128GB,5000MHz,"4 x SATA 3 6Gb/s, 1 x M.2 NVMe, 1 x M.2 SATA/NVMe",M.2 SATA/NVMe,"1 x HDMI, 1 x DisplayPort","1 PCIe 5.0 x16, 2 PCIe 3.0 x1 1 M.2 Key-E for WiFi",4 x USB 3.2(Tối đa 6) - 2 x USB 2.0(Tối đa 6),1 x LAN 2.5Gb/s,,"Realtek ALC897 7.1 CH HD Audio Codec, Nahimic Audio",,,mid
mainboard_085,Mainboard,Mainboard Msi MEG X870E GODLIKE MAX DDR5,32990000,https://phongvu.vn/bo-mach-chu-mainboard-msi-meg-x870e-godlike-max-ddr5--s260304439,Msi,36 tháng,MEG,Gaming,X870E,AM5,Extended-ATX,4 khe,DDR5,256GB,"9200(O.C), 5600(OC), 5600(JEDEC), 4800(JEDEC)","4 x SATA 3 6Gb/s, 7 x M.2 NVMe",M.2 NVMe,2 x Type-C/ DisplayPort,2 x PCI-E x16 slot -  1 x PCI-E x4 slot,- 7 x USB Type C (tối đa 9) - - USB 2.0 (tối đa 4) - - 8 x USB 3.2 (tối đa 12),"1 x LAN 5Gb/s, 1 x LAN 10Gb/s","Wi-Fi 7 (802.11be), Bluetooth 5.4",Realtek ALC4082 Codec + ESS9219Q Combo DAC/HPA,,,high
mainboard_086,Mainboard,Mainboard Msi H510M PLUS II,1690000,https://phongvu.vn/bo-mach-chinh-mainboard-msi-h510m-plus-ii--s260105693,Msi,36 tháng,,Văn phòng,Z490,LGA1200,Micro-ATX,2 khe,DDR4,64GB,"2933MHz, 2666MHz, 2400MHz, 2133MHz","4 x SATA 3 6Gb/s, 1 x M.2 SATA/NVMe",M.2 SATA/NVMe,"1 x HDMI, 1 x VGA/D-sub",1x PCI-E x16 slot; 1x PCI-E x1 slot,4 x USB 2.0 (Tối đa 8); 2 x USB 3.2 (Tối đa 4),1 x LAN 1 Gb/s,,Realtek® ALC897 Codec,,,budget
mainboard_087,Mainboard,Mainboard Asus ROG STRIX X870-F GAMING WIFI,12890000,https://phongvu.vn/bo-mach-chinh-mainboard-asus-rog-strix-x870-f-gaming-wifi--s250633635,Asus,36 tháng,ROG,Gaming,X870,AM5,ATX,4 khe,DDR5,256GB,8000+(OC),"2 x SATA 3 6Gb/s, 4 x M.2 NVMe",M.2 NVMe,"1 x HDMI, 1 x DisplayPort, 2 x USB Type-C",1 x PCIe 5.0 x16; 1 x PCIe 4.0 x16,- 3 x USB Type-C (Tối đa 4) - 9 x USB 3.2 (Tối đa 13) - USB 2.0 (Tối đa 4),1 x LAN 2.5Gb/s,"Wi-Fi 7 (802.11be), Bluetooth 5.4",ROG SupremeFX 7.1 Âm thanh vòm Độ nét cao CODEC ALC4080,,,high
mainboard_088,Mainboard,Mainboard Asus ROG STRIX X870-A GAMING WIFI,11950000,https://phongvu.vn/bo-mach-chinh-mainboard-asus-rog-strix-x870-a-gaming-wifi--s250633628,Asus,36 tháng,ROG,Gaming,X870,AM5,ATX,4 khe,DDR5,256GB,8000+(OC),"2 x SATA 3 6Gb/s, 4 x M.2 NVMe",M.2 NVMe,"1 x HDMI, 1 x DisplayPort, 2 x USB Type-C",1 x PCIe 5.0 x16; 1 x PCIe 4.0 x16,- 3 x USB Type-C (Tối đa 4) - 9 x USB 3.2 (Tối đa 13) - USB 2.0 (Tối đa 4),1 x LAN 2.5Gb/s,"Wi-Fi 7 (802.11be), Bluetooth 5.4",ROG SupremeFX 7.1 Âm Thanh Vòm Độ Nét Cao CODEC ALC4080,,,high
mainboard_089,Mainboard,Mainboard Asus ROG STRIX X870E-E GAMING WIFI,14750000,https://phongvu.vn/bo-mach-chinh-mainboard-asus-rog-strix-x870e-e-gaming-wifi--s250633622,Asus,36 tháng,ROG,Gaming,X870E,AM5,ATX,4 khe,DDR5,256GB,"8000+(OC), 8400+(OC)","4 x M.2 NVMe, 4 x SATA 3 6Gb/s",M.2 NVMe,"2 x USB Type-C, 1 x HDM",1 x PCIe 5.0 x16; 1 x PCIe 4.0 x16,- 4 x USB Type-C (Tối đa 5) - 9 x USB 3.2 (Tối đa 13) - USB 2.0 (Tối đa 6),1 x LAN 5Gb/s,"Bluetooth 5.4, Wi-Fi 7 (802.11be)",ROG SupremeFX 7.1 Âm thanh vòm Độ nét cao CODEC ALC4080,,,high
mainboard_090,Mainboard,Mainboard GIGABYTE B860M DS3H WIFI6E,4490000,https://phongvu.vn/bo-mach-chinh-mainboard-gigabyte-b860m-ds3h-wifi6e--s250116699,Gigabyte,36 tháng,,Gaming,B860,LGA1851,Micro-ATX,4 khe,DDR5,256GB,"9066(O.C), 8800(O.C), 8600(OC), 8400(OC), 8266(O.C.), 8200(O.C.), 8000(O.C), 7950(O.C), 7900(O.C), 7800(O.C)","4 x SATA 3 6Gb/s, 2 x M.2 NVMe",M.2 NVMe,"1 x HDMI, 2 x DisplayPort",4 x PCI Express x16,USB Type-C - 3 x USB 3.2(Tối đa 5) - 3 x USB 2.0(Tối đa 7),1 x LAN 2.5Gb/s,"WiFi 802.11 a/b/g/n/ac/ax, Bluetooth 5.3",Realtek® Audio CODEC High Definition Audio 2/4/5.1/7.1-channel,RGB,,mid
mainboard_091,Mainboard,Mainboard GIGABYTE B850M AORUS ELITE WIFI6E ICE,6990000,https://phongvu.vn/bo-mach-chinh-mainboard-gigabyte-b850m-a-elt-wf6e-ice--s250116700,Gigabyte,36 tháng,AORUS,Gaming,B850,AM5,Micro-ATX,4 khe,DDR5,256GB,"8200(O.C.), 8000(O.C), 7950(O.C), 7900(O.C), 7600(O.C.), 7800(O.C), 7400(O.C.), 7200(O.C.), 7000(O.C.), 6800(O.C.)","6 x M.2 NVMe, 4 x SATA 3 6Gb/s",M.2 SATA/NVMe,"1 x HDMI, 1 x DisplayPort",2 x PCI Express x16,- 1 x USB Type-C (Tối đa 2) - 7 x USB 3.2(Tối đa 9) - 4 x USB 2.0(Tối đa 8),1 x LAN 2.5Gb/s,"Bluetooth 5.3, WiFi 802.11 a/b/g/n/ac/ax",Realtek® Audio CODEC -  High Definition Audio -  2/4/5.1/7.1-channel,RGB,NVIDIA SLI,high
mainboard_092,Mainboard,Mainboard Gigabyte B860M AORUS ELITE WIFI6E,5790000,https://phongvu.vn/bo-mach-chinh-mainboard-gigabyte-b860m-aorus-elite-wifi6e--s250116692,Gigabyte,36 tháng,,,,,,,DDR4,,,,,,,,,,,,,high
mainboard_093,Mainboard,Mainboard GIGABYTE B860I AORUS PRO ICE,7190000,https://phongvu.vn/bo-mach-chinh-mainboard-gigabyte-b860i-aorus-pro-ice--s250116694,Gigabyte,36 tháng,AORUS,Gaming,B860,LGA1851,Mini-ITX,2 khe,DDR5,128GB,"9200(O.C), 8800(O.C), 8600(OC), 8400(OC), 8266(O.C.), 8200(O.C.), 8000(O.C), 7950(O.C), 7900(O.C), 7800(O.C)","2 x M.2 NVMe, 2 x SATA 3 6Gb/s",M.2 NVMe,"1 x HDMI, 1 x Thunderbolt 4, 1 x DisplayPort",1 x PCI Express x16,- 1 x USB Type-C (Tối đa 2) - 5 x USB 3.2(Tối đa 7) - USB 2.0(Tối đa 2),1 x LAN 2.5Gb/s,"Wi-Fi 7 (802.11be), Bluetooth 5.4",Realtek® Audio CODEC - - High Definition Audio - - 2/4/5.1/7.1-channel,,,high
mainboard_094,Mainboard,Mainboard GIGABYTE B860M AORUS ELITE,5290000,https://phongvu.vn/bo-mach-chinh-mainboard-gigabyte-b860m-aorus-elite--s250116695,Gigabyte,36 tháng,AORUS,Gaming,B860,LGA1851,Micro-ATX,4 khe,DDR5,256GB,"9200(O.C), 8800(O.C), 8600(OC), 8400(OC), 8266(O.C.), 8200(O.C.), 8000(O.C), 7950(O.C), 7900(O.C), 7800(O.C)","3 x M.2 NVMe, 4 x SATA 3 6Gb/s",M.2 NVMe,"2 x HDMI, 1 x DisplayPort, 1 x USB Type-C",2 x PCI Express x16,- 1 x USB Type-C (Tối đa 2) - 6 x USB 3.2(Tối đa 8) - 4 x USB 2.0(Tối đa 8),1 x LAN 2.5Gb/s,,- Realtek® Audio CODEC - - High Definition Audio - - 2/4/5.1/7.1-channel,RGB,,high
mainboard_095,Mainboard,Mainboard GIGABYTE B860M DS3H,4290000,https://phongvu.vn/bo-mach-chinh-mainboard-gigabyte-b860m-ds3h--s250116696,Gigabyte,36 tháng,,Gaming,B860,LGA1851,Micro-ATX,4 khe,DDR5,256GB,"9066(O.C), 8800(O.C), 8600(OC), 8400(OC), 8266(O.C.), 8200(O.C.), 8000(O.C), 7950(O.C), 7900(O.C), 7800(O.C)","2 x M.2 NVMe, 4 x SATA 3 6Gb/s",M.2 NVMe,"1 x HDMI, 2 x DisplayPort",2 x PCI Express x16,USB Type-C - 3 x USB 3.2(Tối đa 5) - 3 x USB 2.0(Tối đa 7),1 x LAN 2.5Gb/s,,Realtek® Audio CODEC - - High Definition Audio - - 2/4/5.1/7.1-channel,RGB,,mid
mainboard_096,Mainboard,Mainboard GIGABYTE B860M EAGLE WIFI6,4290000,https://phongvu.vn/bo-mach-chinh-mainboard-gigabyte-b860m-eagle-wifi6--s250116697,Gigabyte,36 tháng,,Gaming,B860,LGA1851,Micro-ATX,2 khe,DDR5,128GB,"9066(O.C), 8800(O.C), 8600(OC), 8400(OC), 8266(O.C.), 8200(O.C.), 8000(O.C), 7950(O.C), 7900(O.C), 7800(O.C)","2 x M.2 NVMe, 4 x SATA 3 6Gb/s",M.2 NVMe,"1 x HDMI, 1 x DisplayPort",2 x PCI Express x16,USB Type-C - 3 x USB 3.2(Tối đa 5) - 3 x USB 2.0(Tối đa 7),1 x LAN 2.5Gb/s,"Bluetooth 5.3, WiFi 802.11 a/b/g/n/ac/ax",Realtek® Audio CODEC - High Definition Audio - 2/4/5.1/7.1-channel,,,mid
mainboard_097,Mainboard,Mainboard MSI PRO Z890-S WIFI WHITE,6090000,https://phongvu.vn/mainboard-msi-pro-z890-s-wifi-white--s241206697,Msi,36 tháng,PRO,Gaming,Z890,LGA1851,ATX,4 khe,DDR5,256GB,"8600(OC), 6400(OC), 7200+(OC), 4800MHz",4 x M.2 NVMe,M.2 NVMe,"1 x HDMI, 1 x DisplayPort, 1 x Thunderbolt 4",4 x PCI-E x16,1 x USB Type C (Tối đa 2) -  6 x USB 3.2 (Tối đa 8) -   4 x USB 2.0(Tối đa 4),1 x LAN 2.5Gb/s,"Bluetooth 5.4, Wi-Fi 7 (802.11be)",Realtek® ALC897 Codec -  7.1-Channel High Definition Audio,,,high
mainboard_098,Mainboard,Mainboard ASUS Prime PRIME Z890-P-CSM,6390000,https://phongvu.vn/mainboard-asus-prime-prime-z890-p-csm--s241004043,Asus,36 tháng,Prime,Gaming,Z890,LGA1851,ATX,4 khe,DDR5,192GB,8400+(OC),"4 x SATA 3 6Gb/s, 1 x M.2 SATA/NVMe, 3 x M.2 NVMe",M.2 NVMe,"1 x HDMI, 1 x DisplayPort, 1 x USB Type-C",1 x PCIe 5.0 x16; 2 x PCIe 4.0 x16; 1 x PCIe 4.0 x16,1 x USB Type-C (tối đa 2) 3 x USB 3.2 (Tối đa 7) -  4 x USB 2.0 (Tối đa 8),1 x LAN 2.5Gb/s,,Realtek 7.1 Surround Sound High Definition Audio CODEC,RGB,,high
mainboard_099,Mainboard,Mainboard ASUS ROG ROG STRIX Z890-A GAMING | DDR5 - Wifi 7,12390000,https://phongvu.vn/mainboard-asus-rog-rog-strix-z890-a-gaming-ddr5-wifi-7--s241004044,Asus,36 tháng,ROG,Gaming,Z890,LGA1851,ATX,4 khe,DDR5,192GB,8600(OC),"4 x SATA 3 6Gb/s, 1 x M.2 SATA/NVMe, 4 x M.2 NVMe",M.2 NVMe,"1 x HDMI, 1 x DisplayPort, 2 x Thunderbolt 4",1 x PCIe 5.0 x16; 1 x PCIe 4.0 x16,1 x USB Type-C (Tối đa 2) -  7 x USB 3.2 (Tối đa 9) -  USB 2.0 (Tối đa 4),1 x LAN 2.5Gb/s,"Bluetooth 5.4, Wi-Fi 7 (802.11be)",Âm thanh vòm ROG SupremeFX 7.1 Âm thanh độ phân giải cao CODEC ALC4080,RGB,,high
mainboard_100,Mainboard,Mainboard ASUS Z890 AYW GAMING WIFI W,6950000,https://phongvu.vn/mainboard-asus-z890-ayw-gaming-wifi-w--s241004046,Asus,36 tháng,Gaming,Gaming,Z890,LGA1851,ATX,4 khe,DDR5,192GB,8600(OC),"4 x SATA 3 6Gb/s, 3 x M.2 NVMe, 1 x M.2 SATA/NVMe",M.2 NVMe,"1 x HDMI, 1 x DisplayPort",1 x  PCIe 5.0 x16; 2 x PCIe 4.0 x16; 1 x PCIe 4.0 x16,1 x USB Type-C (Tối đa 2) -  3 x USB 3.2 (Tối đa 7) -  4 x USB 2.0 (Tối đa 8),1 x LAN 2.5Gb/s,"WiFi 802.11 a/b/g/n/ac/ax, Bluetooth 5.3",Âm thanh vòm Realtek 7.1 CODEC âm thanh độ nét cao,,,high
mainboard_101,Mainboard,Mainboard ASUS ROG ROG MAXIMUS Z890 APEX,19990000,https://phongvu.vn/mainboard-asus-rog-rog-maximus-z890-apex--s241004047,Asus,36 tháng,ROG,Gaming,Z890,LGA1851,ATX,2 khe,DDR5,96GB,9600+ MT/s (OC),"4 x SATA 3 6Gb/s, 6 x M.2 NVMe",M.2 NVMe,2 x Thunderbolt 4,2 x PCIe 5.0 x16; 2 x PCIe 4.0 x4,1 x USB Type-C (Tối đa 3) -  8 x USB 3.2 (Tối đa 12) -  USB 2.0 (Tối đa 4),1 x LAN 5Gb/s,"Wi-Fi 7 (802.11be), Bluetooth 5.4",ROG SupremeFX 7.1 Surround Sound High Definition Audio CODEC ALC4080,,,high
mainboard_102,Mainboard,Mainboard ASUS TUF TUF GAMING Z890-PLUS | DDR5 - Wifi 7,7790000,https://phongvu.vn/mainboard-asus-tuf-tuf-gaming-z890-plus-ddr5-wifi-7--s241004038,Asus,36 tháng,TUF,Gaming,Z890,LGA1851,ATX,4 khe,DDR5,192GB,8600(OC),"4 x SATA 3 6Gb/s, 3 x M.2 NVMe, 1 x M.2 SATA/NVMe",M.2 NVMe,"1 x HDMI, 1 x DisplayPort, 1 x Thunderbolt 4",1 x PCIe 5.0 x16; 1 x PCIe 4.0 x16; 1 x PCIe 4.0 x4; 2 x PCIe 4.0 x1,,1 x LAN 2.5Gb/s,"Wi-Fi 7 (802.11be), Bluetooth 5.4",Realtek ALC1220P 7.1 Surround Sound High Definition Audio CODEC,,,high
mainboard_103,Mainboard,Mainboard ASUS ROG ROG STRIX Z890-I GAMING | DDR5 - Wifi 7,13490000,https://phongvu.vn/mainboard-asus-rog-rog-strix-z890-i-gaming-ddr5-wifi-7--s241004039,Asus,36 tháng,ROG,Gaming,Z890,LGA1851,ATX,2 khe,DDR5,96GB,9200(O.C),"2 x SATA 3 6Gb/s, 2 x M.2 NVMe",M.2 NVMe,"1 x HDMI, 2 x Thunderbolt 4",1 x PCIe 5.0 x16,1 x USB Type-C (Tối đa 3) -  4 x USB 3.2 (Tối đa 6) -  2 x USB 2.0 (Tối đa 5),1 x LAN 2.5Gb/s,"Bluetooth 5.4, Wi-Fi 7 (802.11be)",ROG Strix Hive II Audio Features,,,high
mainboard_104,Mainboard,Mainboard ASUS ROG ROG MAXIMUS Z890 EXTREME,28990000,https://phongvu.vn/mainboard-asus-rog-rog-maximus-z890-extreme--s241004040,Asus,36 tháng,ROG,Gaming,Z890,LGA1851,ATX,4 khe,DDR5,192GB,9200(O.C),"6 x M.2 NVMe, 4 x SATA 3 6Gb/s",M.2 NVMe,"1 x HDMI, 2 x Thunderbolt 5",2 x PCIe 5.0 x16; 1 x PCIe 4.0x4,3 x USB Type-C (Tối đa 6) -  5 x USB 3.2 (Tối đa 9) -  USB 2.0 (Tối đa 4),"1 x LAN 2.5Gb/s, 1 x LAN 10Gb/s","Bluetooth 5.4, Wi-Fi 7 (802.11be)",ROG SupremeFX 7.1 Surround Sound High Definition Audio CODEC ALC4082,,,high
mainboard_105,Mainboard,Mainboard ASUS Prime PRIME Z890M-PLUS | DDR5 - Wifi 7,8290000,https://phongvu.vn/mainboard-asus-prime-prime-z890m-plus-ddr5-wifi-7--s241004041,Asus,36 tháng,Prime,Gaming,Z890,LGA1851,Micro-ATX,4 khe,DDR5,192GB,8666+MT/s (OC),"3 x M.2 NVMe, 6 x SATA 3 6Gb/s",M.2 NVMe,"1 x HDMI, 1 x DisplayPort, 1 x Type-C/ DisplayPort",1 x PCIe 5.0 x16; 1 x PCIe 4.0 x16 (supports x4 mode); 2 x PCIe 4.0 x16 (support x1 mode),1 x USB Type-C (Tối đa 2) -  5 x USB 3.2 (Tối đa 7) -  2 x USB 2.0 (Tối đa 6),1 x LAN 2.5Gb/s,"Wi-Fi 7 (802.11be), Bluetooth 5.4",Realtek 7.1 Surround Sound High Definition Audio CODEC,RGB,,high
mainboard_106,Mainboard,Mainboard MSI PRO PRO Z890 P | DDR5 - Wifi 7,7990000,https://phongvu.vn/mainboard-msi-pro-pro-z890-p-ddr5-wifi-7--s241003318,Msi,36 tháng,PRO,Gaming,Z890,LGA1851,ATX,4 khe,DDR5,256GB,"9200(O.C), 6400(OC), 7200+(OC), 4800MHz","3 x M.2 NVMe, 1 x M.2 SATA/NVMe",M.2 NVMe,"1 x HDMI, 1 x DisplayPort, 1 x Thunderbolt 4",3 x PCI-E x16; 1 x PCI-E x1,1 x USB Type C (Tối đa 2) 3 x USB 3.2 (Tối đa 7) 4 x USB 2.0(Tối đa 8),1 x LAN 5Gb/s,"Bluetooth 5.4, Wi-Fi 7 (802.11be)",Realtek® ALC897 Codec 7.1-Channel High Definition Audio,RGB,,high
mainboard_107,Mainboard,Mainboard MSI MEG MEG Z890 GODLIKE | DDR5 - Wifi 7,39990000,https://phongvu.vn/mainboard-msi-meg-meg-z890-godlike-ddr5-wifi-7--s241003320,Msi,36 tháng,MEG,Gaming,Z890,LGA1851,Extended-ATX,4 khe,DDR5,256GB,"9200(O.C), 6400(OC), 4800(JEDEC)","4 x SATA 3 6Gb/s, 5 x M.2 NVMe, 1 x M.2 SATA/NVMe",M.2 NVMe,1 x Thunderbolt 4,2 x PCI-E x16; 1 x PCI-E x4,6 x USB Type C (Tối đa 7) 8 x USB 3.2 (Tối đa 12) USB 2.0 (Tối đa 4),"1 x LAN 10Gb/s, 1 x LAN 5Gb/s","Wi-Fi 7 (802.11be), Bluetooth 5.4",- Realtek® ALC4082 Codec + ESS9219Q Combo DAC/HPA 7.1-Channel USB High-Performance Audio,RGB,,high
mainboard_108,Mainboard,Mainboard MSI PRO PRO Z890 A | DDR5 - Wifi 7,9290000,https://phongvu.vn/mainboard-msi-pro-pro-z890-a-ddr5-wifi-7--s241003312,Msi,36 tháng,PRO,Gaming,Z890,LGA1851,ATX,4 khe,DDR5,256GB,"9200(O.C), 6400(O.C.), 4800MHz, 7200+(OC)",4 x SATA 3 6Gb/s,M.2 NVMe,"1 x HDMI, 2 x Thunderbolt 4",3 x PCI-E x16,1 x USB Type C (Tối đa 2) 7 x USB 3.2 (Tối đa 9) USB 2.0 (Tối đa 4),1 x LAN 5Gb/s,"Bluetooth 5.4, Wi-Fi 7 (802.11be)",Realtek® ALC1220P 7.1-Channel High Definition Audio,RGB,,high
mainboard_109,Mainboard,Mainboard Gigabyte AORUS Z890 A ELITE | DDR5 - Wifi 7,8490000,https://phongvu.vn/mainboard-gigabyte-aorus-z890-a-elite-ddr5-wifi-7--s241002922,Gigabyte,36 tháng,AORUS,Gaming,Z890,LGA1851,ATX,4 khe,DDR5,256GB,"8800(O.C), 8600(OC), 8400(OC), 8266(O.C.), 8200(O.C.), 8000(O.C), 7950(O.C), 7900(O.C), 7800(O.C), 7600(O.C.)","4 x SATA 3 6Gb/s, 1 x M.2 SATA/NVMe, 3 x M.2 NVMe",M.2 NVMe,"1 x HDMI, 1 x Thunderbolt 4, 1 x DisplayPort",3 x PCI Express x16,1 x USB4® USB Type-C (Tối đa 2) - 5 x USB 3.2(Tối đa 7) - 4 x USB 2.0(Tối đa 8),1 x LAN 2.5Gb/s,"Bluetooth 5.4, Wi-Fi 7 (802.11be)",Realtek® ALC1220 CODEC High Definition Audio 2/4/5.1/7.1-channel,RGB,,high
mainboard_110,Mainboard,Mainboard Gigabyte Z890 EAGLE | DDR5 - Wifi 7,6690000,https://phongvu.vn/mainboard-gigabyte-z890-eagle-ddr5-wifi-7--s241002926,Gigabyte,36 tháng,,Gaming,Z890,LGA1851,ATX,4 khe,DDR5,256GB,"8800(O.C), 8600(OC), 8400(OC), 8266(O.C.), 8200(O.C.), 8000(O.C), 7950(O.C), 7900(O.C), 7800(O.C), 7600(O.C.)","4 x SATA 3 6Gb/s, 3 x M.2 NVMe, 1 x M.2 SATA/NVMe",M.2 NVMe,"1 x DisplayPort, 1 x USB Type-C",3 x PCI Express x16,1 x USB4® USB Type-C (Tối đa 2) - 5 x USB 3.2(Tối đa 7) - 4 x USB 2.0(Tối đa 8),1 x LAN 2.5Gb/s,"Wi-Fi 7 (802.11be), Bluetooth 5.4",Realtek® Audio CODEC High Definition Audio 2/4/5.1/7.1-channel,RGB,,high
mainboard_111,Mainboard,Mainboard Gigabyte X870 A ELITE WF7 ICE (DDR5),8790000,https://phongvu.vn/mainboard-gigabyte-x870-a-elite-wf7-ice--s241002419,Gigabyte,36 tháng,,Gaming,X870,AM5,ATX,4 khe,DDR5,256GB,"8000(O.C), 7800(OC), 7600(O.C.), 7200(O.C.), 7000(OC), 6800(OC), 6666(OC), 6600(OC), 6400(OC), 6200(OC)","4 x SATA 3 6Gb/s, 4 x M.2 NVMe",M.2 NVMe,2 x HDMI,3 x PCI Express x16,2 x USB Type-C (tối đa 3) - 6 x USB 3.2 (tối đa 6) - 4 x USB 2.0 (tối đa 8),1 x LAN 2.5Gb/s,"Wi-Fi 7 (802.11be), Bluetooth 5.4",Realtek® ALC1220 CODEC High Definition Audio 2/4/5.1/7.1-channel,RGB,,high
mainboard_112,Mainboard,Mainboard Gigabyte X870 GAMING X WIFI7 (DDR5),6990000,https://phongvu.vn/mainboard-gigabyte-x870-gaming-x-wifi7--s241002418,Gigabyte,36 tháng,,Gaming,X870,AM5,ATX,4 khe,DDR5,256GB,"8000(O.C), 7800(O.C), 7600(O.C.), 7200(O.C.), 7000(OC), 6800(OC), 6666(OC), 6600(OC), 6400(OC), 6200(OC)","4 x SATA 3 6Gb/s, 3 x M.2 NVMe",M.2 NVMe,1 x HDMI,1 x PCI Express x16; 2 x PCI Express x16,2 x USB Type-C (tối đa 3) - 4 x USB 3.2 (tối đa 6) - 4 x USB 2.0 (tối đa 8),1 x LAN 2.5Gb/s,"Bluetooth 5.4, Wi-Fi 7 (802.11be)",- Realtek® Audio CODEC - - High Definition Audio - - 2/4/5.1/7.1-channel,RGB,,high
mainboard_113,Mainboard,Mainboard Gigabyte X870 EAGLE WIFI7 (DDR5),5890000,https://phongvu.vn/mainboard-gigabyte-x870-eagle-wifi7--s241002411,Gigabyte,36 tháng,,Gaming,X870,AM5,ATX,4 khe,DDR5,256GB,"8000(O.C), 7800(O.C), 7600(O.C.), 7200(O.C.), 7000(OC), 6800(OC), 6666(OC), 6400(OC), 6200(OC), 6000(OC)",4 x SATA 3 6Gb/s,M.2 NVMe,1 x HDMI,1 x PCI Express x16; 2 x PCI Express x16,2 x USB Type-C (tối đa 3) - 4 x USB 3.2 (tối đa 6) - 4 x USB 2.0 (tối đa 8),1 x LAN 2.5Gb/s,"Bluetooth 5.4, Wi-Fi 7 (802.11be)",- Realtek® Audio CODEC High Definition Audio 2/4/5.1/7.1-channel,RGB,,high
mainboard_114,Mainboard,Mainboard Gigabyte X870E AORUS MASTER (DDR5),13990000,https://phongvu.vn/mainboard-gigabyte-x870e-aorus-master--s241000498,Gigabyte,36 tháng,AORUS,Gaming,X870,AM5,ATX,4 khe,DDR5,256GB,"8600(OC), 8400(OC), 8200(O.C.), 8000(O.C), 7800(OC), 7600(OC), 7200(OC), 7000(OC), 6800(OC), 6666(OC)","4 x SATA 3 6Gb/s, 4 x M.2 NVMe",M.2 SATA/NVMe,"2 x HDMI, 2 x USB Type-C",3 x PCI Express x16,2 x USB4® USB Type-C®(Tối đa 3) - 8 x USB 3.2 (Tối đa 12) - 2 x USB 2.0 (Tối đa 6),1 x LAN 5Gb/s,"Bluetooth 5.3, Wi-Fi 7 (802.11be)",Realtek® ALC1220 CODEC,,,high
mainboard_115,Mainboard,Mainboard ASUS PRIME B650M-A-CSM DDR5 (90MB1C10-M0UAYC),4899000,https://phongvu.vn/bo-mach-chinh-mainboard-asus-prime-b650m-a-csm-90mb1c10-m0uayc--s230603097,Asus,36 tháng,Prime,"Gaming, Văn phòng",B650,AM5,Micro-ATX,4 khe,DDR5,128GB,"5600(O.C.), 5400(O.C.), 5200MHz, 5000MHz, 4800MHz","4 x SATA 3 6Gb/s, 2 x M.2 NVMe",M.2 NVMe,"1 x HDMI, 1 x DisplayPort, 1 x VGA/D-sub",3 x PCIe 4.0 x16,- USB Type-C( tối đa 1) - 4 x USB 3.2( tối đa 6) - 4 x USB 2.0( tối đa 8),1 x LAN 2.5Gb/s,,Realtek 7.1 Surround Sound High Definition Audio CODEC,RGB,,mid
mainboard_116,Mainboard,Mainboard ASUS PRIME B650M-A WIFI-CSM DDR5 (90MB1C00-M0UAYC),5499000,https://phongvu.vn/bo-mach-chinh-mainboard-asus-prime-b650m-a-wifi-csm-90mb1c00-m0uayc--s230603096,Asus,36 tháng,Prime,"Gaming, Văn phòng",B650,AM5,Micro-ATX,4 khe,DDR5,128GB,"5600(O.C.), 5400(O.C.), 5200MHz, 5000MHz, 4800MHz","4 x SATA 3 6Gb/s, 2 x M.2 NVMe",M.2 NVMe,"1 x HDMI, 1 x DisplayPort, 1 x VGA/D-sub",3 x PCIe 4.0 x16,- USB Type-C( tối đa 1) - 4 x USB 3.2( tối đa 6) - 4 x USB 2.0( tối đa 8),1 x LAN 2.5Gb/s,"WiFi 802.11 a/b/g/n/ac/ax, Bluetooth 5.2",Realtek 7.1 Surround Sound High Definition Audio CODEC,RGB,,high
mainboard_117,Mainboard,Mainboard ASUS PRIME B650-PLUS DDR5 (90MB1BS0-M0UAY0),6240000,https://phongvu.vn/bo-mach-chinh-mainboard-asus-prime-b650-plus-90mb1bs0-m0uay0--s230603095,Asus,36 tháng,Prime,"Gaming, Văn phòng",B650,AM5,ATX,4 khe,DDR5,128GB,"6400+(O.C), 6200(O.C.), 6000(O.C.), 5800(O.C.), 5600(O.C.), 5400(O.C.), 5200MHz, 5000MHz, 4800MHz","4 x SATA 3 6Gb/s, 2 x M.2 NVMe",M.2 NVMe,"1 x HDMI, 1 x DisplayPort",2 x PCIe 4.0 x16 ; 2 x PCIe 4.0 x1,- 1 x USB Type-C( tối đa 2) - 5 x USB 3.2( tối đa 7) - 2 x USB 2.0( tối đa 6),1 x LAN 2.5Gb/s,,Realtek 7.1 Surround Sound High Definition Audio CODEC,,,high
mainboard_118,Mainboard,Mainboard ASUS PROART B650-CREATOR DDR5 (90MB1C40-M0UAY0),8520000,https://phongvu.vn/bo-mach-chinh-mainboard-asus-proart-b650-creator-90mb1c40-m0uay0--s230603094,Asus,36 tháng,PROART,"Gaming, Văn phòng",B650,AM5,ATX,4 khe,DDR5,128GB,"6400+(O.C), 6200(O.C.), 6000(O.C.), 5800(O.C.), 5600(O.C.), 5400(O.C.), 5200MHz, 5000MHz, 4800MHz","4 x SATA 3 6Gb/s, 3 x M.2 NVMe",M.3 NVMe,"1 x HDMI, 1 x USB Type-C",3 x PCIe 4.0 x16; 1 x PCIe 4.0 x1,- 1 x USB Type-C(tối đa 2) - 3 x USB 3.2( tối đa 5) - 4 x USB 2.0( tối đa 8),"1 x LAN 2.5Gb/s, 1 x LAN 1 Gb/s",,Realtek 7.1 Surround Sound High Definition Audio CODEC,,,high
mainboard_119,Mainboard,Mainboard ASUS TUF GAMING B650-PLUS DDR5 (90MB1BY0-M0UAY0),7200000,https://phongvu.vn/bo-mach-chinh-mainboard-asus-tuf-gaming-b650-plus-90mb1by0-m0uay0--s230603091,Asus,36 tháng,TUF,"Gaming, Văn phòng",B650,AM5,ATX,4 khe,DDR5,128GB,"6400+(O.C), 6200(O.C.), 6000(O.C.), 5800(O.C.), 5600(O.C.), 5400(O.C.), 5200MHz, 5000MHz, 4800MHz","4 x SATA 3 6Gb/s, 3 x M.2 NVMe",M.2 NVMe,"1 x HDMI, 1 x DisplayPort","2 x PCIe 4.0/3.0 x16, 2 x PCIe 4.0/3.0 x1",- 1 x USB Type-C - 3 x USB 3.2( tối đa 5) - 5 x USB 2.0( tối đa 9),1 x LAN 2.5Gb/s,,Realtek 7.1 Surround Sound High Definition Audio CODEC,RGB,,high
mainboard_120,Mainboard,Mainboard ASUS TUF GAMING B650-PLUS WIFI DDR5,7680000,https://phongvu.vn/bo-mach-chinh-mainboard-asus-tuf-gaming-b650-plus-wifi-90mb1bz0-m0uay0--s230603090,Asus,36 tháng,TUF,"Gaming, Văn phòng",B650,AM5,ATX,4 khe,DDR5,128GB,"6400+(O.C), 6200(O.C.), 6000(O.C.), 5800(O.C.), 5600(O.C.), 5400(O.C.), 5200MHz, 5000MHz, 4800MHz","4 x SATA 3 6Gb/s, 3 x M.2 NVMe",M.2 NVMe,"1 x HDMI, 1 x DisplayPort","2 x PCIe 4.0/3.0 x16, 2 x PCIe 4.0/3.0 x1",- 1 x USB Type-C - 3 x USB 3.2( tối đa 5) - 5 x USB 2.0( tối đa 9),1 x LAN 2.5Gb/s,"WiFi 802.11 a/b/g/n/ac/ax, Bluetooth 5.2",Realtek 7.1 Surround Sound High Definition Audio CODEC,RGB,,high
mainboard_121,Mainboard,Mainboard ASUS ROG STRIX B650E-F GAMING WIFI DDR5 (90MB1BQ0-M0UAY0),9480000,https://phongvu.vn/bo-mach-chinh-mainboard-asus-rog-strix-b650e-f-gaming-wifi-90mb1bq0-m0uay0--s230603088,Asus,36 tháng,ROG,"Gaming, Văn phòng",B650,AM5,ATX,4 khe,DDR5,128GB,"6400+(O.C), 6200(O.C.), 6000(O.C.), 5800(O.C.), 5600(O.C.), 5400(O.C.), 5200MHz, 5000MHz, 4800MHz","4 x SATA 3 6Gb/s, 3 x M.2 NVMe",M.2 NVMe,"1 x HDMI, 1 x DisplayPort",1 x PCIe 5.0 x16; 1 x PCIe 4.0 x16; 2 x PCIe 4.0/3.0 x1,- 2 x USB Type-C( tối đa 3) - 6 x USB 3.2( tối đa 8) - 4 x USB 2.0( tối đa 8),1 x LAN 2.5Gb/s,"WiFi 802.11 a/b/g/n/ac/ax, Bluetooth 5.2",ROG SupremeFX 7.1 Surround Sound High Definition Audio CODEC ALC4080,RGB,,high
mainboard_122,Mainboard,Mainboard ASUS ROG STRIX B650E-E GAMING WIFI DDR5 (90MB1BB0-M0UAY0),11040000,https://phongvu.vn/bo-mach-chinh-mainboard-asus-rog-strix-b650e-e-gaming-wifi-90mb1bb0-m0uay0--s230603087,Asus,36 tháng,ROG,"Gaming, Văn phòng",B650,AM5,ATX,4 khe,DDR5,128GB,"6400+(O.C), 6200(O.C.), 6000(O.C.), 5800(O.C.), 5600(O.C.), 5400(O.C.), 5200MHz, 5000MHz, 4800MHz","4 x SATA 3 6Gb/s, 4 x M.2 NVMe",M.2 NVMe,"1 x HDMI, 1 x DisplayPort",2 x PCIe 5.0 x16; 1 x PCIe 4.0 x16,- 2 x USB Type-C( tối đa 3) - 6 x USB 3.2( tối đa 8) - 4 x USB 2.0( tối đa 8),1 x LAN 2.5Gb/s,"WiFi 802.11 a/b/g/n/ac/ax, Bluetooth 5.2",ROG SupremeFX 7.1 Surround Sound High Definition Audio CODEC ALC4080,RGB,,high
