ID,category,name,price,link,brand,warranty,model_name,use_case,series,color,material,side_panel,Kích thước,form_factor,mb_support,drive_bays,Cổng kết nối,max_cooler_height,Kích thước radiator tối đa,front_fan,top_fan,rear_fan,Loại quạt hỗ trợ bên hông,Loại quạt hỗ trợ bên dưới,Số slot PCI,part_number,Số lượng quạt tặng kèm,led,tier,warranty_period,sku,status,features,availability,warranty_desc,highlights
case_001,Case,Vỏ máy tính/ CASE Cooler Master COSMOS Alpha Gold,19990000,https://phongvu.vn/vo-may-tinh-case-cooler-master-cosmos-alpha-gold--s260304422,Cooler Master,24 tháng,COSMOS Alpha Gold,Gaming,Cosmos,Gold,Thép,Kính cường lực,669 x 330 x 639 mm,Full Tower,"Mini-ITX, Micro-ATX, ATX, Extended-ATX, SSI EEB","2 x 3.5"" , 2 x 2.5""","4 x USB 3.2 , 2 x USB Type C",186 mm,420 mm,"3 x 120 mm, 3 x 140 mm, 2 x 200 mm","3 x 120 mm, 2 x 140 mm, 2 x 200 mm, 2 x 180 mm",3 x 120 mm,"3 x 120 mm, 3 x 140 mm, 2 x 180 mm, 2 x 200 mm","3 x 120 mm, 2 x 140 mm, 2 x 180 mm, 2 x 200 mm",8,,,,,,,,,,,
case_002,Case,Vỏ máy tính/ Case Xigmatek Cloud M DGT - Đen (EN49859),790000,https://phongvu.vn/thung-may-case-xigmatek-cloud-m-dgt-den-en49859--s260302631,Xigmatek,12 tháng,Cloud M DGT,"Gaming, Văn phòng, Học sinh - Sinh viên",,Đen,Thép,,420 x 285 x 382mm,Micro Tower,"Micro-ATX, Mini-ITX","1 x 3.5"" , 2 x 2.5""","1 x USB 2.0 , 1 x USB 3.0",175mm,360 mm,,3 x 120mm/2 x 140mm,1 x 120 mm,2 x 120mm/2 x 140mm,3 x 120mm/2 x 140mm,4,EN49859,,,,,,,,,,
case_003,Case,Thùng máy/ Case Jonsbo D400 (ATX),1590000,https://phongvu.vn/thung-may-case-jonsbo-d400-white-atx--s260302526,Jonsbo,12 tháng,D400,"Văn phòng, Gaming, Học sinh - Sinh viên",,Trắng,"Thép, Nhựa",Kính cường lực,488 x 239 x 514mm,Mid Tower,"ATX, Micro-ATX, Mini-ITX","1 x 3.5"" , 1 x 2.5""","2 x USB 3.0 , 1 x USB Type C",169mm,360 mm,,3 x 120mm/2 x 140mm,1 x 120 mm,3 x 120 mm,,,,,,,,,,,,,
case_004,Case,Thùng máy/ Case Jonsbo D300 (M-ATX),1690000,https://phongvu.vn/thung-may-case-jonsbo-d300-white-m-atx--s260302519,Jonsbo,12 tháng,D300,"Văn phòng, Gaming, Học sinh - Sinh viên",,Trắng,Thép,Kính cường lực,23.64 x 42.09 x 46.02 cm,Mid Tower,"ITX, Micro-ATX","1 x 3.5"" , 2 x 2.5""","2 x USB 3.0 , 1 x USB Type C",180mm,Trên 360mm / Sau 140mm,2 x 120mm/1 x 140mm,3 x 120mm/2 x 140mm,1 x 120/140mm,3 x 120 mm,1 x 120 mm,,,,,,,,,,,,
case_005,Case,Thùng máy/ Case Jonsbo D32 STD (M-ATX),990000,https://phongvu.vn/thung-may-case-jonsbo-d32-std-white-m-atx--s260302506,Jonsbo,12 tháng,D32 STD,"Văn phòng, Gaming, Học sinh - Sinh viên",,Trắng,Thép,,395 x 207 x 314 mm,Mini Tower,"Mini-ITX, Micro-ATX","1 x 3.5"" , 3 x 2.5""","1 x USB 3.2 , 1 x USB Type C",Up to 164mm (Intel CPU) or 163mm (AMD CPU),240 mm,,2 x 120mm/2 x 140mm,1 x 120 mm,,3 x 120mm/2 x 140mm,,,,,,,,,,,,
case_006,Case,Thùng máy/ Case Jonsbo C6 Max (M-ATX),990000,https://phongvu.vn/thung-may-case-jonsbo-c6-max-white-m-atx--s260302494,Jonsbo,12 tháng,C6 Max,"Văn phòng, Gaming, Học sinh - Sinh viên",,Trắng,Thép,,202 x 349 x 295 mm,Micro Tower,"ITX, Micro-ATX","1 x 3.5"" , 1 x 2.5""","1 x USB 3.0 , 1 x USB Type C",170mm,,,2 x 120mm/1 x 140mm,1 x 120 mm,,2 x 120 mm,,,,,,,,,,,,
case_007,Case,Vỏ máy tính/ Case Jonsbo BO400 (ATX),5690000,https://phongvu.vn/thung-may-case-jonsbo-bo400-atx--s260302481,Jonsbo,12 tháng,BO400,"Gaming, Văn phòng, Học sinh - Sinh viên",,Đen,"Thép, Nhôm",,474 × 311 × 489 mm,Mid Tower,"Mini-ITX, Micro-ATX, ATX","4 x 3.5"" , 2 x 2.5""","2 x USB 3.2 , 1 x USB Type C",173mm,,,3 x 120mm/2 x 140mm,1 x 120 mm,3 x 120 mm,3 x 120mm/2 x 140mm,,,,,,,,,,,,
case_008,Case,Thùng máy/ Case Jonsbo TK-3 (ATX),1890000,https://phongvu.vn/thung-may-case-jonsbo-tk-3-white-atx--s260302472,Jonsbo,12 tháng,TK-3,"Văn phòng, Gaming, Học sinh - Sinh viên",,Trắng,Thép,Kính cường lực,288 x 438 x 415mm,Mid Tower,"ITX, Micro-ATX, ATX","2 x 3.5"" , 1 x 2.5""","2 x USB 3.0 , 1 x USB Type C",165mm,360 mm,,3 x 120mm/2 x 140mm,,1 x 120 mm,3 x 120 mm,7,,,,,,,,,,,
case_009,Case,Vỏ máy tính/ CASE MAGIC ES GASMING Aircraft 007 BLACK Ultra-Cool Display ARGB 3 FAN,4490000,https://phongvu.vn/thung-may-case-magic-es-gasming-aircraft-007-black-ultra-cool-display-argb-3-fan--s260200455,Magic,12 tháng,ES GASMING Aircraft 007 BLACK Ultra-Cool Display ARGB 3 FAN,Gaming,,Đen,Thép,Kính cường lực,439 x 300 x 388 mm,Mid Tower,"Micro-ATX, ITX","2 x 3.5"" , 2 x 2.5""","2 x USB 2.0 , 2 x USB 3.0",168mm,360 mm,,3 x 120 mm,1 x 120 mm,3 x 120 mm,3 x 120 mm,,,,,,,,,,,,
case_010,Case,Thùng máy/ CASE Xigmatek MYX Air 3F (3 Fan) (EN49125),749000,https://phongvu.vn/thung-may-case-xigmatek-myx-air-3f-3-fan-en49125--s251211482,Xigmatek,12 tháng,MYX Air 3F,Gaming,,Đen,,Kính cường lực,330 x 195 x 423 mm,Mid Tower,"Micro-ATX, ITX","1 x 3.5"" , 1 x 2.5""","2 x USB 2.0 , 1 x USB 3.0",158mm,Trước 240mm / Sau 120mm,3 x 120 mm,2 x 120 mm,1 x 120 mm,,,4,EN49125,,,,,,,,,,
case_011,Case,Thùng máy/ CASE Xigmatek MYX 3F (3 Fan) (EN49118),749000,https://phongvu.vn/thung-may-case-xigmatek-myx-3f-3-fan-en49118--s251211475,Xigmatek,12 tháng,MYX 3F,Gaming,,Đen,,Kính cường lực,330 x 195 x 423 mm,Mid Tower,"Micro-ATX, ITX","1 x 3.5"" , 1 x 2.5""","2 x USB 2.0 , 1 x USB 3.0",158mm,Trước 240mm / Sau 120mm,3 x 120 mm,2 x 120 mm,1 x 120 mm,,,4,EN49118,,,,,,,,,,
case_012,Case,Thùng máy/ Case Jonsbo D32 Pro (M-ATX),1329000,https://phongvu.vn/thung-may-case-jonsbo-d32-pro-black-m-atx--s251110934,Jonsbo,12 tháng,D32 Pro,"Gaming, Văn phòng",,Đen,Thép,,38.4 x 20.7 x 30.2cm,Mini Tower,"Mini-ITX, Micro-ATX","2 x 3.5"" , 4 x 2.5""","2 x USB 3.2 , 1 x USB Type C","164mm (CPU Intel), 163mm (CPU AMD)",240 mm,,2 x 120/140mm,1 x 120 mm,,3 x 120mm/2 x 140mm,,,,,,,,,,,,
case_013,Case,Thùng máy/ CASE MSI MAG PANO 130R PZ (4 fan),1990000,https://phongvu.vn/thung-may-case-msi-mag-pano-130r-pz-trang-4-fan--s251102047,Msi,12 tháng,MAG PANO 130R PZ,Gaming,MAG,Trắng,,,460 x 232 x 490 mm,Mid Tower,"ATX, Micro-ATX, Mini-ITX","2 x 3.5"" , 3 x 2.5""","2 x USB 3.0 , 1 x USB Type C",,Trước 360mm / Sau 120mm / Trên 360mm,,"3 x 120 mm, 2 x 140 mm",1 x 120 mm,3 x 120 mm,3 x 120 mm,7,306-7G32W21-HH9,4 x 120 mm,,,,,,,,,
case_014,Case,Thùng máy/ Case Jonsbo Z20 Black,1649000,https://phongvu.vn/thung-may-case-jonsbo-z20-black--s250906290,Jonsbo,12 tháng,Z20,,,Đen,Thép,Kính cường lực,370 x 186 x 295mm,Mini Tower,"Mini-ITX, Micro-ATX","1 x 3.5"" , 3 x 2.5""","1 x USB 3.2 , 1 x USB Type C",180mm,240 mm,,"2 x 120 mm, 2 x 140 mm","1 x 120 mm, 1 x 92 mm",,"2 x 120 mm, 2 x 140 mm",4,,,,,,,,,,,
case_015,Case,Thùng máy/ Case Art Ultra HM1 White ATX,2390000,https://phongvu.vn/thung-may-case-art-ultra-hm1-white-atx--s250906264,Khác,12 tháng,Art Ultra HM1,Gaming,,Trắng,,Kính cường lực,430 x 240 x 450 mm,Mid Tower,"ATX, Micro-ATX, ITX",,"2 x USB 3.0 , 1 x USB Type C",175mm,360 mm,,3 x 120 mm,1 x 120/140mm,,3 x 120 mm,7,,,,,,,,,,,
case_016,Case,Thùng máy/ Case Jonsbo TK-1 Black,2390000,https://phongvu.vn/thung-may-case-jonsbo-tk-1-black--s250906257,Jonsbo,12 tháng,TK-1,Gaming,,Đen,"Nhôm, Thép",,299 x 310 x 345 mm,Mini Tower,"ITX, Micro-ATX","2 x 3.5"" , 1 x 2.5""","1 x USB 3.0 , 1 x USB Type C",,280 mm,,2 x 120 mm,,,2 x 120 mm,4,,,,,,,,,,,
case_017,Case,Thùng máy/ CASE MAGIC CUBI-M ELITE BLACK,690000,https://phongvu.vn/thung-may-case-magic-cubi-m-elite-black-white--s250906233,Magic,12 tháng,MAGIC CUBI-M ELITE,Gaming,MAG,Đen,,Kính cường lực,325 x 270 x 315mm,Mini Tower,"Micro-ATX, ITX","1 x 3.5"" , 2 x 2.5""","2 x USB 2.0 , 1 x USB 3.0",155mm,,,2 x 120 mm,1 x 120 mm,2 x 120 mm,2 x 120 mm,,,,,,,,,,,,
case_018,Case,Thùng máy/ CASE MSI PAG PANO M110A,990000,https://phongvu.vn/thung-may-case-msi-pag-pano-m110a--s250808770,Msi,12 tháng,PAG PANO M110A,"Gaming, Văn phòng",PAG,Đen,Thép,Kính cường lực,369 x 210 x 448mm,Mid Tower,"Micro-ATX, Mini-ITX","2 x 3.5"" , 1 x 2.5""","1 x USB 2.0 , 1 x USB 3.2",160 mm,240 mm,,2 x 120/140mm,1 x 120 mm,2 x 120 mm,2 x 120 mm,5,,3 x 120 mm RGB,,,,,,,,,
case_019,Case,Thùng máy/ CASE ASUS A31 ATX BLACK 4FA,1890000,https://phongvu.vn/thung-may-case-asus-a31-atx-black-4fa--s250803195,Asus,24 tháng,A31 ATX BLACK 4FA,Văn phòng,,Đen,,Kính cường lực,238 x 511 x 435 mm,Mid Tower,"Mini-ITX, ATX, Micro-ATX","2 x 3.5"" , 2 x 2.5""","2 x USB 3.2 , 1 x USB Type C",165 mm,Trên 360mm / Sau 120mm,,"3 x 120 mm, 2 x 140 mm","1 x 120 mm, 1 x 140 mm",,,7,,4 x 120 mm,,,,,,,,,
case_020,Case,Thùng máy/ Case MIK Mini Phong Vu V35 (Nguồn 300W),1690000,https://phongvu.vn/thung-may-case-mik-mini-phong-vu-v35-nguon-300w--s250719821,MIK,36 tháng,Mini Phong Vu V35,Văn phòng,,Đen,,,27.3 x 9.5 x 33.1 cm,Mini Tower,"Micro-ATX, Mini-ITX",,"1 x USB 2.0 , 1 x USB 3.0",76mm,,,,,,,,,,,,,,,,,,
case_021,Case,Thùng máy/ CASE MIK G3 PRISM GLASS M BLACK,790000,https://phongvu.vn/thung-may-case-mik-g3-prism-glass-m-black--s250713731,MIK,24 tháng,MIK G3 PRISM GLASS M,"Gaming, Văn phòng",,Đen,Thép,Kính cường lực,339 x 275 x 334mm,Mini Tower,"Micro-ATX, ITX","1 x 3.5"" , 2 x 2.5""","1 x USB 2.0 , 1 x USB 3.0",155mm,240 mm,,,1 x 120 mm,2 x 120 mm,2 x 120 mm,4,,,,,,,,,,,
case_022,Case,Thùng máy/ CASE NZXT H9 FLOW RGB (2025) ALL,4349000,https://phongvu.vn/thung-may-case-nzxt-h9-flow-rgb-2025-all-black-cm-h92fb-r1--s250646020,Nzxt,24 tháng,H9 FLOW RGB (2025) ALL,Gaming,,Đen,Thép,Kính cường lực,506 x 315 x 481mm,Mid Tower,"Mini-ITX, Micro-ATX, ATX, Extended-ATX","2 x 3.5"" , 4+2 x2.5""","2 x USB 3.2 , 1 x USB Type C",165 mm,420 mm,"3 x 120 mm, 3 x 140 mm","3 x 120 mm, 3 x 140 mm",1 x 120 mm,,"3 x 120 mm, 3 x 140 mm",7,CM-H92FB-R1,,,,,,,,,,
case_023,Case,Thùng máy/ CASE NZXT H3 FLOW ALL M-ATX,1390000,https://phongvu.vn/thung-may-case-nzxt-h3-flow-all-black-m-atx-cc-h31fb-01--s250646013,Nzxt,24 tháng,H3 FLOW ALL,Văn phòng,,Đen,Thép,Kính cường lực,400 x 225 x 389 mm,Mid Tower,"Micro-ATX, Mini-ITX","1 x 3.5"" , 2+1 x 2.5""","1 x USB 3.2 , 1 x USB Type C",170 mm,Trước 280mm / Trên 240mm,"2 x 120 mm, 2 x 140 mm","2 x 120 mm, 2 x 140 mm",1 x 120 mm,,2 x 120 mm,4,CC-H31FB-01,,,,,,,,,,
case_024,Case,Thùng máy/ Case HYTE Y70 Standard,6290000,https://phongvu.vn/thung-may-case-hyte-y70-standard-den--s250637346,Hyte,12 tháng,Y70 Standard,Văn phòng,,Đen,,,470 x 320 x 470 mm,Mid Tower,"ITX, Micro-ATX, ATX, Extended-ATX","2 x 3.5"" , 4 x 2.5""","2 x USB 3.2 , 1 x USB Type C",180mm,Trước 360mm / Sau 140mm,3 x 120mm/2 x 140mm,,1 x 120/140mm,3 x 120mm/2 x 140mm,3 x 120mm/2 x 140mm,7+4,CS‑HYTE‑Y70‑WW,,,,,,,,,,
case_025,Case,Thùng máy/ Case Corsair 3500X Tempered Glass Mid-Tower (Đen) (CC-9011276-WW),1990000,https://phongvu.vn/thung-may-case-corsair-3500x-tempered-glass-mid-tower-den-cc-9011276-ww--s250504131,Corsair,24 tháng,3500X Tempered Glass Mid-Tower,Văn phòng,,Đen,Thép,Kính cường lực,50.6 x 24 x 46 (cm),Mid Tower,"Mini-ITX, Micro-ATX, ATX, Extended-ATX","2 x 3.5"" , 2 x 2.5""","2 x USB 3.2 , 1 x USB Type C",170mm,360 mm,,"3 x 120 mm, 2 x 140 mm",1 x 120 mm,"3 x 120 mm, 2 x 140 mm","3 x 120 mm, 1 x 140 mm",7,CC-9011276-WW,,,,,,,,,,
case_026,Case,Vỏ máy tính/ Case Cooler Master MasterFrame 600,6090000,https://phongvu.vn/vo-may-tinh-case-cooler-master-masterframe-600-silver-bac--s250405179,Cooler Master,24 tháng,MasterFrame 600,Văn phòng,MasterCase,Bạc,"Nhôm, SGCC",Kính cường lực,531 x 261 x 544mm,Mid Tower,"ITX, Micro-ATX, ATX","5 x 3.5"" , 5 x 2.5""","2 x USB 3.2 , 1 x USB Type C",190mm,420 mm,3 x 120mm/3 x 140mm/2 x 180mm/2 x 200mm,3 x 120mm/2 x 140mm/2 x 180mm/1 x 200mm,1 x 120 mm,3 x 120mm/3 x 140mm,1 x 120mm/1 x 140mm/1 x 180mm/1 x 200mm,8,MF600-KGNN-S00,"1 x 120 mm, 3 x 140 mm",,,,,,,,,
case_027,Case,Thùng máy/ CASE Xigmatek MYX Air 3F  (3 Fan) (EN45967),729000,https://phongvu.vn/thung-may-case-xigmatek-myx-air-3f-3-fan-en45967--s250204744,Xigmatek,12 tháng,MYX Air 3F,Gaming,,Đen,,Kính cường lực,330 x 195 x 423 mm,Mid Tower,"Micro-ATX, ITX","1 x 3.5"" , 1 x 2.5""","2 x USB 2.0 , 1 x USB 3.0",158mm,Trước 240mm / Sau 120mm,3 x 120 mm,2 x 120 mm,1 x 120 mm,,,4,EN45967,,,,,,,,,,
case_028,Case,Thùng máy/ CASE MIK FOCALORS M BLACK (Đen),1049000,https://phongvu.vn/thung-may-case-mik-focalors-m-black-den--s250204742,MIK,25 tháng,FOCALORS M,Gaming,,Đen,,,453 x 280 x 377 mm,Mid Tower,"Micro-ATX, ITX","2 x 3.5"" , 3 x 2.5""","1 x USB 2.0 , 1 x USB 3.0",157 mm,Trên 240mm / Trước 280mm / Sau 360mm,,3 x 120 mm,1 x 120 mm,2 x 120 mm,3 x 120 mm,4,,,,,,,,,,,
case_029,Case,Thùng máy/ Case MIK BARBATOS - Màu Đen,1290000,https://phongvu.vn/thung-may-case-mik-barbatos-mau-den--s241201699,MIK,25 tháng,BARBATOS,Gaming,,Đen,"Thép, Kính",Kính cường lực,41.8 x 2.7 x 44 cm,Mid Tower,"ATX, Micro-ATX, ITX","2 x 3.5"" , 3 x 2.5""","2 x USB 2.0 , 1 x USB 3.0",157mm,,,,1 x 120 mm,3 x 120 mm,3 x 120 mm,7,,,,,,,,,,,
case_030,Case,Thùng máy/ Case NZXT H7 Flow V2,2990000,https://phongvu.vn/thung-may-case-nzxt-h7-flow-black-v2--s241105129,Nzxt,24 tháng,H7 Flow V2,"Văn phòng, Gaming",,Đen,Thép,Kính cường lực,544 x 244 x 468 mm,Mid Tower,"Mini-ITX, Micro-ATX, ATX, Extended-ATX","2 x 3.5"" , 2+2 x2.5""","2 x USB 3.2 , 1 x USB Type C",185 mm,Trước 420mm / Sau 140mm / Trên 360mm,"3 x 120 mm, 3 x 140 mm","3 x 120 mm, 2 x 140 mm","1 x 120 mm, 1 x 140 mm",,3 x 120 mm,7,,,,,,,,,,,
case_031,Case,Thùng máy/ Case NZXT H5 Flow RGB V2,2690000,https://phongvu.vn/thung-may-case-nzxt-h5-flow-black-rgb-v2--s241105091,Nzxt,24 tháng,H5 Flow RGB V2,"Văn phòng, Gaming",,Đen,Thép,Kính cường lực,465 x 225 x 430 mm,Mid Tower,"Mini-ITX, Micro-ATX, ATX, Extended-ATX","1 x 3.5"" , 2 x 2.5""","1 x USB 3.2 , 1 x USB Type C",Up to 170 mm,Trước 360mm / Trên 240mm,"3 x 120 mm, 2 x 140 mm","2 x 120 mm, 2 x 140 mm",1 x 120 mm,,2 x 120 mm,7,,,RGB,,,,,,,,
case_032,Case,"Thùng máy/ Case Corsair 6500X Tempered Glass Mid-Tower, CC-9011258-WW",4390000,https://phongvu.vn/thung-may-case-corsair-6500x-tempered-glass-mid-tower-black-cc-9011257-ww--p575365?sku=240902206,Corsair,24 tháng,6500X,Gaming,,Trắng,,Kính cường lực,496 x 481 x 328 mm,Mid Tower,"Mini-ITX, Micro-ATX, ATX, Extended-ATX","2 x 3.5"" , 2 x 2.5""","4 x USB 3.2 , 1 x USB Type C",190mm,360 mm,3 x 120 mm,"3 x 120 mm, 3 x 140 mm","1 x 120 mm, 1 x 140 mm",3 x 120 mm,"3 x 120 mm, 3 x 140 mm",8,CC-9011258-WW,,,,,,,,,,
case_033,Case,Thùng máy/ Case MIK MORAX 3FA BLACK,690000,https://phongvu.vn/thung-may-case-mik-morax-3fa-black--s240705235,MIK,25 tháng,MORAX 3FA BLACK,Gaming,,Đen,"Thép, Nhựa",Kính cường lực,365 x 216 x 405 mm,Mini Tower,"ITX, Micro-ATX","2 x 3.5"" , 2 x 2.5""","2 x USB 2.0 , 1 x USB 3.0",175 mm,280 mm,2 x 140 mm,2 x 120/140mm,1 x 120 mm,,,4,,"1 x 120 mm, 2 x 140 mm",,,,,,,,,
case_034,Case,Thùng máy/ Case MIK Phong Vu Office,590000,https://phongvu.vn/thung-may-case-mik-phong-vu-office--s240700221,MIK,12 tháng,Phong Vu Office,Văn phòng,,Đen,,,29 x 18 x 35.5 cm,Mid Tower,"Micro-ATX, ITX","1 x 3.5"" , 1 x 2.5""","2 x USB 2.0 , 1 x USB 3.0",160mm,250mm,2 x 120 mm,,1 x 120 mm,,1 x 120 mm,4,,1 x 120 mm,,,,,,,,,
case_035,Case,Case Xigmatek Alphard M 3GF(3 FAN RGB) - EN44090,690000,https://phongvu.vn/case-xigmatek-alphard-m-3gf-3-fan-rgb-en44090--s240603475,Xigmatek,12 tháng,Alphard M 3GF,Gaming,,Đen,Thép,Kính cường lực,364 x 212 x 438 mm,Mini Tower,"Micro-ATX, ITX","1 x 3.5"" , 1 x 2.5""","2 x USB 2.0 , 1 x USB 3.0",165 mm,280 mm,,"2 x 120 mm, 2 x 140 mm",1 x 120 mm,2 x 120 mm,2 x 120 mm,7,EN44090,"1 x 120 mm, 2 x 120 mm",,,,,,,,,
case_036,Case,Vỏ máy tính/ Case Golden Field PV886b,249000,https://phongvu.vn/vo-may-tinh-case-golden-field-pv886b--s240101194,Golden Field,12 tháng,PV886b,"Gaming, Văn phòng, Đồ họa - Kỹ thuật, Doanh nghiệp, Học sinh - Sinh viên",,Đen,,,29.5 x 16.5 x 35 cm,Mid Tower,"ITX, Micro-ATX","2 x 3.5"" , 3 x 2.5""",2 x USB 2.0,140mm,,1 x 120 mm,,1 x 80 mm,1 x 120 mm,,4,,,,,,,,,,,
case_037,Case,Case MSI MAG FORGE 320R AIRFLOW (306-7G23R21-809),1190000,https://phongvu.vn/vo-may-tinh-case-msi-mag-forge-320r-airflow-306-7g23r21-809--s231103053,Msi,12 tháng,MAG FORGE 320R AIRFLOW,Gaming,MAG,Đen,Thép,Kính cường lực,472.5 x 210 x 498 mm,Mid Tower,"Mini-ITX, Micro-ATX, ATX","2 x 3.5"" , 1 x 2.5""",2 x USB 3.2,160 mm,Trên 360mm / Trước 240mm / Sau 120mm,"3 x 120 mm, 2 x 140 mm","3 x 120 mm, 2 x 140 mm",1 x 120 mm,2 x 120 mm,,7,306-7G23R21-809,"1 x 120 mm aRGB, 3 x 120mm aRGB",,,,,,,,,
case_038,Case,Case MIK AETHER GAMING (BLACK),649000,https://phongvu.vn/thung-may-case-mik-aether-gaming-black--s231000901,MIK,12 tháng,AETHER GAMING,"Gaming, Văn phòng, Học sinh - Sinh viên, Thiết kế nhỏ gọn, Doanh nhân",,Đen,"Thép, Nhựa",Kính cường lực,31.8 x 21 x 39.8 cm,,"ITX, Micro-ATX","2 x 3.5"" , 2 x 2.5""","2 x USB 2.0 , 1 x USB 3.0",175mm,240 mm,2 x 140 mm,2 x 120/140mm,1 x 120 mm,,,4,,,Không đèn,,,,,,,,
case_039,Case,Thùng máy tính/ Case MIK LV12 MINI ELITE,1190000,https://phongvu.vn/thung-may-tinh-case-mik-lv12-mini-elite-white--s230302781,MIK,24 tháng,LV12 MINI ELITE,Văn phòng,,Trắng,Thép,Kính cường lực,338 x 255 x 335 mm,Mid Tower,"Micro-ATX, ITX","1 x 3.5"" , 2 x 2.5""",2 x USB 3.0,140 mm,280 mm,,2 x 120 mm,,2 x 120 mm,2 x 120 mm,4,,,RGB,,,,,,,,
case_040,Case,Thùng máy/ Case MSI MAG FORCE M100A (4 Fan RGB),829000,https://phongvu.vn/case-msi-mag-force-m100a--s220909035,Msi,12 tháng,MAG FORCE M100A,"Gaming, Văn phòng, Đồ họa - Kỹ thuật, Doanh nghiệp, Học sinh - Sinh viên",MAG,Đen,Thép,Mica,38.8 x 20.0 x 42.3 cm,Mid Tower,"Mini-ITX, Micro-ATX","2 x 3.5"" , 2 x 2.5""","2 x USB 2.0 , 1 x USB 3.2",160 mm,Trước 240mm / Sau 120mm,3 x 120 mm,2 x 120 mm,1 x 120 mm,,,4,,"1 x 120 mm RGB, 3 x 120 mm RGB",,,,,,,,,
case_041,Case,Thùng máy/ Case Xigmatek XA-22 (ATX) EN47567,399000,https://phongvu.vn/thung-may-case-xigmatek-xa-22-atx-en47567--s220101744,Xigmatek,12 tháng,XA-22,"Văn phòng, Doanh nghiệp, Học sinh - Sinh viên",,Đen,Thép,Thép,37 x 18.8 x 41.3 cm,Mid Tower,"Mini-ITX, Micro-ATX, ATX","1 x 3.5"" , 2 x 2.5""",2 x USB 1.1,155 mm,,2 x 120 mm,,1 x 80 mm,1 x 120 mm,,7,EN47567,,,,,,,,,,
case_042,Case,Thùng máy/ Case máy tính Deepcool Matrexx 40 3FS,809000,https://phongvu.vn/thung-may-case-may-tinh-deepcool-matrexx-40-3fs--s210801121,DeepCool,12 tháng,Matrexx 40 3FS,"Gaming, Văn phòng, Đồ họa - Kỹ thuật, Doanh nghiệp, Học sinh - Sinh viên",Matrexx,Đen,"Thép, Nhựa",Kính cường lực,40 x 21.5 x 43.1 cm,Mid Tower,"Mini-ITX, Micro-ATX","2 x 3.5"" , 2 x 2.5""","1 x USB 2.0 , 1 x USB 3.0",165mm,,2 x 120 mm,,1 x 120 mm,,,4,DP-MATX-MATREXX40-3FS,3 x 120 mm,,,,,,,,,
case_043,Case,Thùng máy/ Case Phong Vũ PV-880B (Black),349000,https://phongvu.vn/thung-may-case-phong-vu-pv-880b-black--s210600038,Phong Vũ,12 tháng,PV-880B,"Văn phòng, Doanh nghiệp, Học sinh - Sinh viên",,Đen,Thép,Thép,392*178*410mm,Mid Tower,"Micro-ATX, ATX","2 x 3.5"" , 2 x 2.5"" , 3 x 5.25""",,,,,,1 x 90 mm,1 x 120 mm,,6,,,,,,,,,,,
case_044,Case,Thùng máy/ Case Xigmatek XA-20 (ATX) EN46072,449000,https://phongvu.vn/thung-may-case-xigmatek-xa-20-atx-en46072--s201100369,Xigmatek,12 tháng,XA-20,"Văn phòng, Doanh nghiệp, Học sinh - Sinh viên",,Đen,Thép,Thép,37 x 18.8 x 41.3 cm,Mid Tower,"Mini-ITX, Micro-ATX, ATX","1 x 3.5"" , 2 x 2.5""",1 x USB 2.0,155mm,,2 x 120 mm,,1 x 80 mm,1 x 120 mm,,7,,,,,,,,,,,
case_045,Case,Thùng máy/ Case Corsair 465X White (CC-9011189-WW) - Demo,790000,https://phongvu.vn/thung-may-case-corsair-465x-white-cc-9011189-ww-hang-thanh-ly--s250520252--s250520252?selectPromotionId=2443451,Corsair,0 tháng,,,,,,,,,,,,,,,,,,,,,,,Hàng thanh lý - trưng bày live,Bảo hành 1 tháng tại Phong Vũ,190904125.0,"- Sản phẩm đã qua sử dụng - - Bị trầy xước, ố vàng, rách lưới - - Không hộp và không có phụ kiện","- Kiểu case: Mid Tower - - Hỗ trợ mainboard: Mini-ITX, Micro-ATX, ATX - - Khay mở rộng tối đa: 2 x 3.5"", 4 x 2.5"" - - USB:  2 x USB 3.0","Cửa hàng 02 Hoàng Hoa Thám, Phường 12, Quận Tân Bình, Thành phố Hồ Chí Minh",,
case_046,Case,Thùng máy/ Case Cooler Master Masterbox 5 MSI - Demo,390000,https://phongvu.vn/thung-may-case-cooler-master-masterbox-5-msi-hang-trung-bay--s250204161?selectPromotionId=2443448,Cooler Master,0 tháng,,,,,,,,,,,,,,,,,,,,,,,Hàng thanh lý - trưng bày live,Hết hạn bảo hành,1705088.0,"- Sản phẩm đã qua sử dụng - - Bị trầy xước, cũ móp, các dây kết nối không nhận","- Hỗ trợ mainboard: Mini-ITX, Micro-ATX, ATX - - Khay mở rộng tối đa: 2 x 3.5"", 1 x 2.5"" - - USB: 2 x USB 3.0","Cửa hàng 31 Xuân Thủy, Phường Dịch Vọng Hậu. TP Hà Nội .",,
case_047,Case,Vỏ máy tính/ CASE Cooler Master Elite 600 - 7 Fan,2090000,https://phongvu.vn/thung-may-case-cooler-master-elite-600-7-fan--s260302071,Cooler Master,24 tháng,Elite 600,Gaming,,Đen,Thép,Kính cường lực,445 x 285 x 410mm,Mid Tower,"Mini-ITX, Micro-ATX, ATX, Mini-DTX","1 x 3.5"" , 2 x 2.5""","2 x USB 3.1 , 1 x USB Type C",160mm,360 mm,,3 x 120mm/2 x 140mm,1 x 120 mm,3 x 120mm/2 x 140mm,3 x 120 mm,7,E600-KGNN-S02,"3 x 120mm aRGB, 1 x 120 mm aRGB",,,,,,,,,
case_048,Case,Vỏ máy tính/ CASE Deepcool CH160 PLUS Black,1490000,https://phongvu.vn/thung-may-case-deepcool-ch160-plus-black--s260204242,DeepCool,12 tháng,CH160 PLUS Black,Văn phòng,,Đen,Nhựa,Kính cường lực,375 x 195 x 323.5 mm,Mini Tower,"Mini-ITX, Micro-ATX","1 x 3.5"" , 1 x 2.5""","2 x USB 3.0 , 1 x USB Type C",164 mm,240 mm,"1 x 120 mm, 1 x 140 mm",2 x 120 mm,1 x 120 mm,,,4,R-CH160-BKNGM0-G,,,,,,,,,,
case_049,Case,Vỏ máy tính/ CASE MSI MPG VELOX 300R AIRFLOW PZ,3590000,https://phongvu.vn/thung-may-case-msi-mpg-velox-300r-airflow-pz--s260105090,Msi,12 tháng,MPG VELOX 300R AIRFLOW PZ,Văn phòng,MPG,Đen,,,485 x 235 x 518 mm,Mid Tower,"Extended-ATX, ATX, Micro-ATX, Mini-ITX","1 x 3.5"" , 4 x 2.5""","2 x USB 3.2 , 1 x USB Type C",400 mm,Trên 360mm / Trước 360mm / Sau 120mm,"3 x 120 mm, 3 x 140 mm, 2 x 160 mm",3 x 120/140mm,1 x 120 mm,3 x 120 mm,1 x 120 mm,7,,,,,,,,,,,
case_050,Case,Thùng máy/ CASE HYTE X50 (Đen),4790000,https://phongvu.vn/thung-may-case-hyte-x50-trang--s260102050,Hyte,24 tháng,X50,Văn phòng,,Đen,Thép,Kính cường lực,485 x 510 x 255 mm,Mid Tower,"Extended-ATX, ATX, Micro-ATX, ITX","1 x 3.5"" , 2 x 2.5""","2 x USB 3.2 , 1 x USB Type C",170mm,Trước 360mm / Sau 120mm / Hông 360mm,3 x 120/140mm,,1 x 120 mm,3 x 120 mm,3 x 120 mm,7,CS-HYTE-X50G-WW,,,,,,,,,,
case_051,Case,Thùng máy/ CASE HYTE X50 AIR (Đen),3890000,https://phongvu.vn/thung-may-case-hyte-x50-air-trang--s260102035,Hyte,24 tháng,X50 AIR,Văn phòng,,Đen,Thép,,485 × 510 × 255 mm,Mid Tower,"Micro-ATX, ATX, Extended-ATX, ITX","1 x 3.5"" , 2 x 2.5""","2 x USB 3.2 , 1 x USB Type C",170 mm,Trước 360mm / Sau 120mm / Hông 360mm,3 x 120/140mm,,1 x 120 mm,3 x 120 mm,3 x 120 mm,7,CS-HYTE-X50A-WW,,,,,,,,,,
case_052,Case,Thùng máy/ CASE ART ULTRA W1,3590000,https://phongvu.vn/thung-may-case-art-ultra-w1--s251107207,Khác,12 tháng,CASE ART ULTRA W1,Văn phòng,,Đen,"Thép, Nhôm",Kính cường lực,30 x31 cm,Mini Tower,ITX,,"2 x USB 3.0 , 1 x USB Type C",,,,1 x 140 mm,,,,2,,,,,,,,,,,
case_053,Case,Thùng máy/ CASE ROG Strix Helios II Hatsune Miku Edition,11690000,https://phongvu.vn/thung-may-case-rog-strix-helios-ii-hatsune-miku-edition--s251101071,Asus,24 tháng,ROG Strix Helios II Hatsune Miku Edition,Gaming,ROG,Xanh,,,250 x 565 x 591 mm,Mid Tower,"Mini-ITX, Micro-ATX, ATX, Extended-ATX","2 x 3.5"" , 4 x 2.5""","4 x USB 3.2 , 2 x USB Type C",190 mm,Trước 420mm / Sau 140mm / Trên 360mm,"3 x 120 mm, 3 x 140 mm","3 x 120 mm, 2 x 140 mm","1 x 120 mm, 1 x 140 mm",,,8+2,,"3 x 140 mm, 1 x 140 mm",,,,,,,,,
case_054,Case,Thùng máy/ CASE Corsair iCUE LINK 9000D AIRFLOW TG Super-Tower (CC-9011273-WW) Đen,13600000,https://phongvu.vn/thung-may-case-corsair-icue-link-9000d-airflow-tg-super-tower-cc-9011274-ww-trang--s250719790,Corsair,24 tháng,9000D AIRFLOW TG,Gaming,iCUE,Đen,Thép,Kính cường lực,698 x 698 x  307 mm,Super Tower,"Mini-ITX, Micro-ATX, ATX, Extended-ATX, SSI EEB","5 x 3.5"" , 6 x 2.5""","4 x USB 3.2 , 2 x USB Type C",180mm,480mm,"8 x 120mm, 3 x 140 mm, 2 x 200 mm","8 x 120mm, 2 x 200 mm, 3 x 140 mm","2 x 120 mm, 1 x 140 mm",3 x 120 mm,,8+2,CC-9011273-WW,,,,,,,,,,
case_055,Case,Thùng máy/ CASE NZXT H9 FLOW RGB PLUS (2025) ALL,5890000,https://phongvu.vn/thung-may-case-nzxt-h9-flow-rgb-plus-2025-all-black-cm-h92fb-p1--s250646014,Nzxt,24 tháng,H9 FLOW RGB PLUS (2025) ALL,Gaming,,Đen,Thép,Kính cường lực,506 x 315 x 481mm,Mid Tower,"Mini-ITX, Micro-ATX, ATX, Extended-ATX","2 x 3.5"" , 4+2 x2.5""","2 x USB 3.2 , 1 x USB Type C",165 mm,420 mm,"3 x 120 mm, 3 x 140 mm","3 x 120 mm, 3 x 140 mm",1 x 120 mm,,"3 x 120 mm, 3 x 140 mm",7,CM-H92FB-P1,,,,,,,,,,
case_056,Case,Thùng máy/ Case Corsair iCUE LINK 3500X RGB Tempered Glass Mid-Tower,3490000,https://phongvu.vn/thung-may-case-corsair-icue-link-3500x-rgb-tempered-glass-mid-tower-cc-9011280-ww--s250640481,Corsair,24 tháng,iCUE LINK 3500X RGB Tempered Glass Mid-Tower,Gaming,iCUE,Đen,Thép,,506 x 460 x 240 mm,Mid Tower,"Mini-ITX, Micro-ATX, ATX, Extended-ATX","2 x 3.5"" , 2 x 2.5""","2 x USB 3.2 , 1 x USB Type C",170mm,360 mm,"3 x 120 mm, 2 x 140 mm",,1 x 120 mm,"3 x 120 mm, 2 x 140 mm","3 x 120 mm, 1 x 140 mm",7,CC-9011280-WW,,,,,,,,,,
case_057,Case,Thùng máy/ Case HYTE Y70 Touch Infinite Pitch,11490000,https://phongvu.vn/thung-may-case-hyte-y70-touch-infinite-panda-den-trang--s250637382,Hyte,12 tháng,Y70 Touch Infinite Pitch,Văn phòng,,Đen Trắng,,,470 x 320 x 470 mm,Mid Tower,"ITX, Micro-ATX, ATX, Extended-ATX","2 x 3.5"" , 4 x 2.5""","2 x USB 3.2 , 1 x USB Type C",180 mm,Trước 360mm / Sau 140mm,3 x 120mm/2 x 140mm,,1 x 120/140mm,3 x 120mm/2 x 140mm,3 x 120mm/2 x 140mm,7+4,CS-HYTE-Y70TTI-WB,,,,,,,,,,
case_058,Case,Thùng máy/ Case Corsair 3500X RGB Tempered Glass Mid-Tower,2490000,https://phongvu.vn/thung-may-case-corsair-3500x-rgb-tempered-glass-mid-tower-den-cc-9011278-ww--s250504134,Corsair,24 tháng,3500X RGB Tempered Glass,Văn phòng,,Đen,Thép,Kính cường lực,50.6 x 24 x 46 cm,Mid Tower,"Mini-ITX, Micro-ATX, ATX, Extended-ATX","2 x 3.5"" , 2 x 2.5""","2 x USB 3.2 , 1 x USB Type C",170mm,360 mm,,"3 x 120 mm, 2 x 140 mm",1 x 120 mm,"3 x 120 mm, 2 x 140 mm","3 x 120 mm, 1 x 140 mm",7,CC-9011278-WW,,RGB,,,,,,,,
case_059,Case,Vỏ máy tính Corsair FRAME 4000D Mid-Tower Black (CC-9011290-WW),2190000,https://phongvu.vn/vo-may-tinh-corsair-frame-4000d-mid-tower-black--s250302320,Corsair,24 tháng,FRAME 4000D Mid-Tower,Gaming,,Đen,"Thép, Kính, Nhựa",Kính cường lực,487 x 239 x 486 mm,Mid Tower,"Mini-ITX, Micro-ATX, ATX, Extended-ATX","2 x 3.5"" , 4 x 2.5""","2 x USB 3.2 , 1 x USB Type C",170mm,360 mm,3 x 120 mm,3 x 120 mm,1 x 120 mm,3 x 120 mm,1 x 120 mm,7+3,CC-9011290-WW,,,,,,,,,,
case_060,Case,Vỏ máy tính Corsair FRAME 4000D RS ARGB Mid-Tower,2700000,https://phongvu.vn/vo-may-tinh-corsair-frame-4000d-rs-argb-mid-tower-white--s250302280,Corsair,24 tháng,FRAME 4000D RS ARGB Mid-Tower,Gaming,,Trắng,"Kính, Thép, Nhựa",Kính cường lực,487 x 239 x 486 mm,Mid Tower,"Mini-ITX, Micro-ATX, ATX, Extended-ATX","2 x 3.5"" , 4 x 2.5""","2 x USB 3.2 , 1 x USB Type C",170mm,360 mm,3 x 120 mm,3 x 120 mm,1 x 120 mm,3 x 120 mm,1 x 120 mm,7+3,CC-9011297-WW,,ARGB,,,,,,,,
case_061,Case,Thùng máy/ CASE Xigmatek MYX 3F (3 Fan) (EN45950),729000,https://phongvu.vn/thung-may-case-xigmatek-myx-3f-3-fan-en45950--s250204740,Xigmatek,12 tháng,MYX 3F,Gaming,,Đen,,Kính cường lực,330 x 195 x 423 mm,Mid Tower,"Micro-ATX, ITX","1 x 3.5"" , 1 x 2.5""","2 x USB 2.0 , 1 x USB 3.0",158mm,Trước 240mm / Sau 120mm,3 x 120 mm,2 x 120 mm,1 x 120 mm,,,4,EN45950,,,,,,,,,,
case_062,Case,Thùng máy/ Case MSI MPG GUNGNIR 300R AIRFLOW,3590000,https://phongvu.vn/thung-may-case-msi-mpg-gungnir-300r-airflow--s250203125,Msi,12 tháng,MPG GUNGNIR 300R AIRFLOW,Gaming,MPG,Đen,,Kính,505 x 235 x 510 mm,Mid Tower,"Extended-ATX, ATX, Micro-ATX, ITX","2 x 3.5"" , 6 x 2.5""","2 x USB 3.2 , 1 x USB Type C",175 mm,Trên 360mm / Trước 360mm / Sau 140mm,"3 x 120 mm, 3 x 140 mm",3 x 120mm/2 x 140mm,"1 x 120 mm, 1 x 140 mm",,1 x 120 mm,7,306-7G21R21-W57,3 x 120 mm,,,,,,,,,
case_063,Case,Thùng máy tính/ Case MSI MEG PROSPECT 700R,10490000,https://phongvu.vn/thung-may-tinh-case-msi-meg-prospect-700r--s250116591,Msi,12 tháng,MEG PROSPECT 700R,Gaming,MEG,Đen,,,585 x 257 x 537 mm,Mid Tower,"Micro-ATX, ATX, Extended-ATX, ITX","2 x 3.5"" , 2 x 2.5""","2 x USB 3.2 , 1 x USB Type C",400 mm,Trước 360mm / Sau 140mm / Trên 360mm / Hông 360mm,3 x 120/140mm,3 x 120/140mm,1 x 120/140mm,3 x 120 mm,,7,,"3 x 140mm ARGB, 1 x 140mm ARGB",ARGB,,,,,,,,
case_064,Case,Thùng máy/ Case MIK BARBATOS - Màu Trắng,1390000,https://phongvu.vn/thung-may-case-mik-barbatos-mau-trang--s241201707,MIK,25 tháng,BARBATOS,Gaming,,Trắng,"Thép, Kính",Kính cường lực,41.8 x 2.7 x 44 cm,Mid Tower,"ATX, Micro-ATX, ITX","2 x 3.5"" , 3 x 2.5""","2 x USB 2.0 , 1 x USB 3.0",157mm,,,,1 x 120 mm,3 x 120 mm,3 x 120 mm,7,,,,,,,,,,,
case_065,Case,Thùng máy/ Case NZXT H5 Flow V2,1890000,https://phongvu.vn/thung-may-case-nzxt-h5-flow-white-v2--s241105153,Nzxt,24 tháng,H5 Flow V2,"Văn phòng, Gaming",,Trắng,Thép,Kính cường lực,465 x 225 x 430 mm,Mid Tower,"Mini-ITX, Micro-ATX, ATX, Extended-ATX","1 x 3.5"" , 2 x 2.5""","1 x USB 3.2 , 1 x USB Type C",Up to 170 mm,Trước 360mm / Trên 240mm,"3 x 120 mm, 2 x 140 mm","2 x 120 mm, 2 x 140 mm",1 x 120 mm,,2 x 120 mm,7,,,,,,,,,,,
case_066,Case,Thùng máy/ Case NZXT H7 Flow RGB V2,3290000,https://phongvu.vn/thung-may-case-nzxt-h7-flow-black-rgb-v2--s241105144,Nzxt,24 tháng,H7 Flow RGB V2,"Gaming, Văn phòng",,Đen,Thép,Kính cường lực,544 x 244 x 468 mm,Mid Tower,"Mini-ITX, Micro-ATX, ATX, Extended-ATX","2 x 3.5"" , 2+2 x2.5""","2 x USB 3.2 , 1 x USB Type C",185 mm,Trước 420mm / Sau 140mm / Trên 360mm,"3 x 120 mm, 3 x 140 mm","3 x 120 mm, 2 x 140 mm","1 x 120 mm, 1 x 140 mm",,3 x 120 mm,7,,,RGB,,,,,,,,
case_067,Case,Thùng máy/ Case COOLER MASTER SNEAKER X,23990000,https://phongvu.vn/thung-may-case-cooler-master-sneaker-x--s241004810,Cooler Master,0 tháng,COOLER MASTER SNEAKER X,Gaming,MasterCase,"Đỏ, Trắng","Thép, Nhôm, Nhựa",,650 x 306 x 348 mm,Mini Tower,Mini-ITX,"1 x 2.5""",,,,,,,,,,,1 x 120 mm,,,,,,,,Bảo hành theo linh kiện,
case_068,Case,Thùng máy/ Case COOLER MASTER SHARK X,89990000,https://phongvu.vn/thung-may-case-cooler-master-shark-x--s241004806,Cooler Master,0 tháng,SHARK X,Gaming,MasterCase,Trắng,"Nhựa, Thép",,790 x 908 x 894 mm,Mini Tower,Mini-ITX,"1 x 2.5""",,,,,,,,,,,2 x 120 mm,,,,,,,,Bảo hành theo linh kiện,
case_069,Case,Thùng máy/ Case MSI MAG PANO M100R,2390000,https://phongvu.vn/thung-may-case-msi-mag-pano-m100r--s240902989,Msi,12 tháng,PANO M100R PZ,Gaming,,Trắng,,,440 x 235 x 405 mm,Mid Tower,"ITX, Micro-ATX","1 x 3.5"" , 1 x 2.5""","1 x USB 3.2 , 1 x USB Type C",175mm,360 mm,,"3 x 120 mm, 2 x 140 mm",1 x 120/140 mm,3 x 120 mm,1 x 120 mm,5,,"3 x 120mm aRGB, 1 x 120 mm aRGB",,,,,,,,,
case_070,Case,Thùng máy/ Case HYTE Y60,5490000,https://phongvu.vn/thung-may-case-hyte-y60-white-white-cs-hyte-y60-ww--p575343?sku=240902184,Hyte,12 tháng,Y60,Gaming,,Trắng,"Kính, Thép, Nhựa",Kính cường lực,456 x 285 x 463 mm,Mid Tower,"Extended-ATX, ATX, Micro-ATX, Mini-ITX","2 x 3.5"" , 4 x 2.5""","2 x USB 3.0 , 1 x USB Type C",160mm,Trên 360mm / Trước 280mm / Sau 120mm,,3 x 120 mm,1 x 120 mm,2 x 120mm/140mm,2 x 120/140mm,,CS-HYTE-Y60-WW,,,,,,,,,,
case_071,Case,Thùng máy/Case Gigabyte C102G,1190000,https://phongvu.vn/thung-may-case-gigabyte-c102g--s240804670,Gigabyte,12 tháng,C102G,Văn phòng,,Đen,"Thép, Nhựa, Kính",Kính cường lực,45 x 21 x 45 cm,Mid Tower,"Mini-ITX, Micro-ATX","2 x 3.5"" , 3 x 2.5""",2 x USB 3.0,165mm,Trước 360mm / Sau 120mm,"3 x 120 mm, 2 x 140 mm","3 x 120 mm, 2 x 140 mm",1 x 120 mm,2 x 120 mm,,5,28300-C102B-2CRR,1 x 120 mm,,,,,,,,,
case_072,Case,Thùng máy/ Case Xigmatek Fly II 3GF (3 FAN RGB),690000,https://phongvu.vn/thung-may-case-xigmatek-fly-ii-3gf-3-fan-rgb--s240603060,Xigmatek,12 tháng,Fly II Arctic 3GF,Văn phòng,,Đen,,Kính,36 x 20 x 45 cm,Mid Tower,"ATX, Micro-ATX, ITX","1 x 3.5"" , 1 x 2.5""","2 x USB 2.0 , 1 x USB 3.0",160mm,,3 x 120 mm,2 x 120 mm,1 x 120 mm,,,7,,3 x 120 mm,,,,,,,,,
case_073,Case,Case Xigmatek Fly 3GF (EN43871),549000,https://phongvu.vn/vo-may-tinh-case-xigmatek-fly-3gf-en43871--s240404254,Xigmatek,36 tháng,Fly 3GF,Gaming,,Đen,Thép,Kính cường lực,340 x 200 x 450 mm,Mid Tower,"ATX, Micro-ATX, ITX","2 x 3.5"" , 3 x 2.5""","2 x USB 2.0 , 1 x USB 3.0",160mm,Trước 240mm / Sau 120mm,3 x 120 mm,2 x 120 mm,1 x 120 mm,,,7,EN43871,3 x 120 mm,,,,,,,,,
case_074,Case,Thùng máy/ Case MSI PANO M100R PZ,2449000,https://phongvu.vn/thung-may-case-msi-pano-m100r-pz--s240401329,Msi,12 tháng,PANO M100R PZ,Gaming,,Đen,Thép,,440 x 235 x 405 mm,Mid Tower,"Micro-ATX, ITX","1 x 3.5"" , 1 x 2.5""","1 x USB 3.2 , 1 x USB Type C",175 mm,360 mm,,"3 x 120 mm, 2 x 140 mm",1 x 120/140mm,3 x 120 mm,1 x 120 mm,5,,"3 x 120mm aRGB, 1 x 120 mm aRGB",,,,,,,,,
case_075,Case,Case Xigmatek Fly 3F - Mặt kính (EN42553),590000,https://phongvu.vn/vo-may-tinh-case-xigmatek-fly-3f-mat-kinh-en42553--s240300612,Xigmatek,12 tháng,Fly 3F,"Văn phòng, Gaming",,Đen,,Kính,340 x 200 x 450 mm,Mid Tower,"Micro-ATX, ATX, ITX","2 x 3.5"" , 3 x 2.5""","2 x USB 2.0 , 1 x USB 3.0",160mm,Trước 240mm / Sau 120mm,3 x 120 mm,2 x 120 mm,1 x 120 mm,,,7,,3 x 120 mm,,,,,,,,,
case_076,Case,Thùng máy/ Case NZXT H6 FLOW RGB ALL,3390000,https://phongvu.vn/thung-may-case-nzxt-h6-flow-rgb-all-black-cc-h61fb-r1--s240200102,Nzxt,24 tháng,H6 FLOW RGB ALL BLACK,"Gaming, Văn phòng",,Đen,Thép,Kính cường lực,435 x 287 x 415 mm,Mid Tower,"Mini-ITX, Micro-ATX, ATX","1 x 3.5"" , 1 x 2.5""","2 x USB 3.2 , 1 x USB Type C",163 mm,360 mm,,"2 x 140 mm, 3 x 120 mm",,,2 x 140 mm,7,CC-H61FB-R1,3 x 120 mm RGB,RGB,,,,,,,,
case_077,Case,Thùng máy/ Case ASUS ROG HYPERION GR701,10990000,https://phongvu.vn/thung-may-case-asus-rog-hyperion-gr701-white-trang-90dc00f3-b39000--s231203192,Asus,24 tháng,ROG HYPERION GR70,Gaming,ROG,Trắng,Thép,Kính,26.8 x 63.9 x 65.9 cm,Full Tower,"Extended-ATX, ATX, Micro-ATX, Mini-ITX","2 x 3.5"" , 5 x 2.5""","4 x USB 3.2 , 2 x USB Type C",190 mm,420 mm,"3 x 120 mm, 3 x 140 mm","3 x 120 mm, 3 x 140 mm","1 x 120 mm, 1 x 140 mm",3 x 140 mm,1 x 140 mm,9+3,90DC00F3-B39000,,ARGB,,,,,,,,
case_078,Case,Vỏ máy tính/ Case Xigmatek NYX Air II 3F Đen (EN41952),590000,https://phongvu.vn/vo-may-tinh-case-xigmatek-nyx-air-ii-3f-den-en41952--s231103624,Xigmatek,12 tháng,NYX Air II 3F,"Gaming, Văn phòng, Đồ họa - Kỹ thuật, Doanh nghiệp, Học sinh - Sinh viên",,Đen,Thép,Kính,38.6 x 20 x 41.1 cm,Mid Tower,"Micro-ATX, Mini-ITX","2 x 3.5"" , 2 x 2.5""","2 x USB 2.0 , 1 x USB 3.0",160 mm,Trước 240mm / Sau 120mm,3 x 120 mm,2 x 120 mm,1 x 120 mm,2 x 120 mm,,4,EN41952,,,,,,,,,,
case_079,Case,Case NZXT H6 Flow All White (CC-H61FW-01),2490000,https://phongvu.vn/thung-may-case-nzxt-h6-flow-all-white-cc-h61fb-01--s231100493,Nzxt,24 tháng,H6 Flow All White,"Văn phòng, Gaming",,Trắng,Thép,Kính cường lực,43.5 x 28.7 x 41.5 cm - 9.4kg,Mid Tower,"ATX, Micro-ATX, Mini-ITX","1 x 3.5"" , 2 x 2.5""","2 x USB 3.2 , 1 x USB Type C",163 mm,Trước 360mm / Sau 120mm,,"3 x 120 mm, 2 x 140 mm",1 x 120 mm,3 x 120 mm,2 x 140 mm,7,CC-H61FW-01,,,,,,,,,,
case_080,Case,Thùng máy/ Case NZXT H5 Flow All Black,1890000,https://phongvu.vn/thung-may-case-nzxt-h5-flow-rgb-all-black-cc-h51fb-01--s231000866,Nzxt,24 tháng,H5 Flow All Black,Văn phòng,,Đen,Thép,Kính cường lực,464 x 227 x 446 mm,Mid Tower,"Mini-ITX, Micro-ATX, ATX","1 x 3.5"" , 1+1 x2.5""","1 x USB 3.2 , 1 x USB Type C",165mm,Trên 240mm / Trước 280mm / Sau 120mm,2 x 120/140mm,2 x 120 mm,1 x 120 mm,,1 x 120 mm,7,,,,,,,,,,,
case_081,Case,Case Xigmatek HERO II AIR 3F (Đen) (EN41655),690000,https://phongvu.vn/thung-may-case-xigmatek-hero-ii-air-3f-den-en41655--s231000864,Xigmatek,12 tháng,HERO II AIR 3F,Gaming,,Đen,Thép,,388 x 195 x 448 mm,Mid Tower,"Mini-ITX, Micro-ATX, ATX","2 x 3.5"" , 2 x 2.5""","2 x USB 2.0 , 1 x USB 3.0",165mm,Trước 360mm / Sau 120mm,3 x 120 mm,2 x 120/140mm,1 x 120 mm,,,7,EN41655,,,,,,,,,,
case_082,Case,Case Xigmatek Anubis Pro 4FX (EN40771),1149000,https://phongvu.vn/thung-may-case-xigmatek-anubis-pro-4fx-en40771--s230704104,Xigmatek,12 tháng,Anubis Pro 4FX,Gaming,,Đen,Thép,Kính cường lực,468 x 205 x 488 mm,Mid Tower,"Mini-ITX, Micro-ATX, ATX, Extended-ATX","2 x 3.5"" , 2 x 2.5""","2 x USB 2.0 , 1 x USB 3.0",165mm,,"3 x 120 mm, 2 x 140 mm",3 x 120/140mm,1 x 120 mm,,,7+2,EN40771,,,,,,,,,,
case_083,Case,Thùng máy/ Case NZXT H5 FLOW RGB ALL,2690000,https://phongvu.vn/thung-may-case-nzxt-h5-flow-rgb-all-white-cc-h51fw-r1--s230603855,Nzxt,24 tháng,H5 FLOW,"Gaming, Văn phòng",,Trắng,Thép,Kính cường lực,464 x 227 x 446 mm,Mid Tower,"Mini-ITX, Micro-ATX, ATX","1 x 3.5"" , 1+1 x2.5""","1 x USB 3.2 , 1 x USB Type C",165mm,Trên 240mm / Trước 280mm / Sau 120mm,2 x 120/140mm,2 x 120 mm,1 x 120 mm,,1 x 120 mm,7,CC-H51FW-R1,,RGB,,,,,,,,
case_084,Case,Thùng máy/ Case NZXT H7 FLOW RGB ALL,3739000,https://phongvu.vn/thung-may-case-nzxt-h7-flow-rgb-all-white-cm-h71fw-r1--s230603853,Nzxt,24 tháng,H7 FLOW,"Gaming, Văn phòng",,Trắng,Thép,Kính cường lực,505 x 230 x 480 mm,Mid Tower,"Mini-ITX, Micro-ATX, ATX, Extended-ATX","2 x 3.5"" , 4+2 x2.5""","2 x USB 3.2 , 1 x USB Type C",185mm,Trên 360mm / Trước 360mm / Sau 120mm,3 x 120/140mm,"3 x 120 mm, 2 x 140 mm",1 x 120/140mm,,,7,CM-H71FW-R1,3 x 120 mm,RGB,,,,,,,,
case_085,Case,Thùng máy/ Case NZXT H7 ELITE RGB,4190000,https://phongvu.vn/thung-may-case-nzxt-h7-elite-rgb-white-cm-h71ew-02--s230603851,Nzxt,24 tháng,H7 ELITE,"Gaming, Văn phòng",Elite,Trắng,Thép,Kính cường lực,505 x 230 x 480 mm,Mid Tower,"Mini-ITX, Micro-ATX, ATX, Extended-ATX","2 x 3.5"" , 4+2 x2.5""","2 x USB 3.2 , 1 x USB Type C",185mm,Trên 360mm / Trước 360mm / Sau 120mm,3 x 120/140mm,"3 x 120 mm, 2 x 140 mm",1 x 120/140mm,,,7,CM-H71EW-02,3 x 120 mm,RGB,,,,,,,,
case_086,Case,Thùng máy/ Case Cooler Master CMP 520 (CP520-KGNN-S00),1390000,https://phongvu.vn/thung-may-case-cooler-master-cmp-520-cp520-kgnn-s00--s230400846,Cooler Master,12 tháng,CMP 520,"Gaming, Văn phòng",CMP,Đen,Thép,Kính cường lực,439 x 204 x 463mm,Mid Tower,"Mini-ITX, Micro-ATX, ATX","2 x 3.5"" , 2 x 2.5""","1 x USB 2.0 , 1 x USB 3.2",161 mm,Trước 280mm / Sau 120mm / Trên 240mm,"3 x 120 mm, 2 x 140 mm","2 x 120 mm, 2 x 140 mm",1 x 120 mm,,,7,CP520-KGNN-S00,3 x 120mm aRGB,,,,,,,,,
case_087,Case,Thùng máy/ Case Cooler Master CMP510 Without ODD ARGB Edition (CP510-KGNN-S00),1800000,https://phongvu.vn/thung-may-case-cooler-master-cmp510-without-odd-argb-edition-cp510-kgnn-s00--s230400840,Cooler Master,12 tháng,CMP510 Without ODD ARGB Edition,"Gaming, Văn phòng",CMP,Đen,Thép,Kính cường lực,436 x 204 x 448mm,Mid Tower,"Mini-ITX, Micro-ATX, ATX","2 x 3.5"" , 2 x 2.5""","1 x USB 2.0 , 1 x USB 3.2",161 mm,280mm,2 x 120/140mm,"3 x 120 mm, 2 x 140 mm",1 x 120 mm,,,7,CP510-KGNN-S00,3 x 120mm aRGB,ARGB,,,,,,,,
case_088,Case,Thùng máy/ Case Cooler Master CMP 510 Without fan Edition (CP510-KGNN-S01),1200000,https://phongvu.vn/thung-may-case-cooler-master-cmp-510-without-fan-edition-cp510-kgnn-s01--s230400839,Cooler Master,12 tháng,CMP 510 Without fan Edition,"Gaming, Văn phòng",CMP,Đen,Thép,Kính cường lực,436 x 204 x 448mm,Mid Tower,"Mini-ITX, Micro-ATX, ATX","2 x 3.5"" , 2 x 2.5""","1 x USB 2.0 , 1 x USB 3.2",161 mm,280mm,2 x 120/140mm,"3 x 120 mm, 2 x 140 mm",1 x 120 mm,,,7,CP510-KGNN-S01,,,,,,,,,,
case_089,Case,Thùng máy/Case Gigabyte C301 Glass White (C301G WHT),2100000,https://phongvu.vn/thung-may-case-gigabyte-c301-glass-white-28300-gc301w-1ckr--s230400169,Gigabyte,36 tháng,C301 GLASS WHITE,"Gaming, Văn phòng",,Trắng,Thép,Kính cường lực,486 x 220 x 473 mm,Mid Tower,"Mini-ITX, Micro-ATX, ATX, Extended-ATX","2 x 3.5"" , 2 x 2.5""","2 x USB 3.0 , 1 x USB Type C",170mm,Trước 360mm / Sau 120mm,3 x 120 mm,,1 x 120 mm,,,7,28300-GC301W-1CKR,"1 x 120 mm aRGB, 3 x 120mm aRGB",,,,,,,,,
case_090,Case,Thùng máy/ case Xigmatek NYX Arctic 3F,690000,https://phongvu.vn/thung-may-case-xigmatek-nyx-3f-den-en40313--s230304330,Xigmatek,12 tháng,NYX 3F,Văn phòng,,Đen,Thép,Kính cường lực,338 x 200 x 426 mm,Mid Tower,"ATX, Micro-ATX","2 x 3.5"" , 2 x 2.5""","1 x USB 2.0 , 1 x USB 3.0",160 mm,120 mm,3 x 120 mm,2 x 120 mm,1 x 120 mm,,,4,EN40313,3 x 120 mm,,,,,,,,,
case_091,Case,Thùng máy/ Case Deepcool CH370 White (R-CH370-WHNAM1-G-1),1199000,https://phongvu.vn/thung-may-case-deepcool-ch370-white-r-ch370-whnam1-g-1--s230304326,DeepCool,12 tháng,CH370 White,Văn phòng,,Trắng,Thép,Kính cường lực,413 × 215 × 431 mm,Mini Tower,"Mini-ITX, Micro-ATX","2 x 3.5"" , 2+1 x 2.5""",2 x USB 3.0,165 mm,Trước 360mm / Sau 120mm / Trên 240mm,"3 x 120 mm, 2 x 140 mm",2 x 120/140mm,1 x 120 mm,,,4,R-CH370-WHNAM1-G-1,1 x 120 mm,,,,,,,,,
case_092,Case,Thùng máy/ Case Deepcool CH510,1579000,https://phongvu.vn/thung-may-case-deepcool-ch510-r-ch510-bknne1-g-1--s230304324,DeepCool,12 tháng,CH510,Văn phòng,,Đen,Thép,Kính cường lực,435 × 230 × 471 mm,Mid Tower,"ATX, Mini-ITX, Micro-ATX, Extended-ATX","2 x 3.5"" , 2+1 x 2.5""",2 x USB 3.0,175 mm,Trước 360mm / Sau 140mm / Trên 360mm,"3 x 120 mm, 2 x 140 mm","3 x 120 mm, 2 x 140 mm",1 x 120/140 mm,,,7,R-CH510-BKNNE1-G-1,1 x 120 mm,,,,,,,,,
case_093,Case,Thùng máy/ Case Deepcool CH510 MESH DIGITAL (R-CH510-BKNSE1-G-1),1999000,https://phongvu.vn/thung-may-case-deepcool-ch510-mesh-digital-r-ch510-bknse1-g-1--s230304323,DeepCool,12 tháng,CH510 MESH DIGITAL,Văn phòng,,Đen,Thép,Kính cường lực,455 × 230 × 470mm,Mid Tower,"ATX, Mini-ITX, Micro-ATX, Extended-ATX","2 x 3.5"" , 2+1 x 2.5""","1 x USB 3.0 , 1 x USB Type C",175 mm,Trước 360mm / Sau 140mm / Trên 360mm,"3 x 120 mm, 2 x 140 mm",2 x 120/140mm,1 x 120/140 mm,,,7,R-CH510-BKNSE1-G-1,1 x 120 mm,,,,,,,,,
case_094,Case,Thùng máy/ Case Deepcool CC560 White (R-CC560-WHGAA4-G-1),1099000,https://phongvu.vn/thung-may-case-deepcool-cc560-white-r-cc560-whgaa4-g-1--s230304322,DeepCool,12 tháng,CC560 White,Văn phòng,,Trắng,Thép,Kính cường lực,416 × 210 × 477mm,Mid Tower,"ATX, Mini-ITX, Micro-ATX","2 x 3.5"" , 2+1 x 2.5""","1 x USB 2.0 , 1 x USB 3.0",163 mm,Trước 360mm / Sau 120mm / Trên 240mm,"3 x 120 mm, 2 x 140 mm",2 x 120/140mm,1 x 120 mm,,,7,R-CC560-WHGAA4-G-1,"3 x 120 mm, 1 x 120 mm",,,,,,,,,
case_095,Case,Thùng máy tính/ Case MIK LV07 - BLACK,1890000,https://phongvu.vn/thung-may-tinh-case-mik-lv07-black--s230302786,MIK,24 tháng,LV07,Văn phòng,,Đen,Thép,Kính cường lực,440 x 280 x 427mm,Mid Tower,"ATX, Micro-ATX, ITX","2 x 3.5"" , 2 x 2.5""","2 x USB 2.0 , 1 x USB 3.0",165 mm,280 mm,,3 x 120 mm,1 x 120 mm,3 x 120 mm,3 x 120 mm,7,,,,,,,,,,,
case_096,Case,Thùng máy tính/ Case ASUS TUF GAMING GT502,4090000,https://phongvu.vn/thung-may-tinh-case-asus-tuf-gaming-gt502-white--s230302760,Asus,24 tháng,TUF GAMING GT502,Văn phòng,TUF,Trắng,Thép,Kính cường lực,285 x 450 x 446 mm,Full Tower,"ATX, Micro-ATX, Mini-ITX","4 x 3.5"" , 4 x 2.5""","2 x USB 3.2 , 1 x USB Type C",163 mm,360 mm,,"3 x 120 mm, 2 x 140 mm",1 x 120 mm,"3 x 120 mm, 2 x 140 mm",3 x 120 mm,8+3,,,,,,,,,,,
case_097,Case,Vỏ máy tính/ Case Corsair iCUE 4000D RGB Airflow,3299000,https://phongvu.vn/vo-may-tinh-case-corsair-icue-4000d-rgb-airflow-true-white-cc-9011241-ww--s230302745,Corsair,24 tháng,iCUE 4000D RGB Airflow,Văn phòng,iCUE,Trắng,Thép,Kính cường lực,466 x 453 x 230 mm,Mid Tower,"ATX, Mini-ITX, Micro-ATX","2 x 3.5"" , 2 x 2.5""","1 x USB 3.2 , 1 x USB Type C",170 mm,360 mm,"3 x 120 mm, 2 x 140 mm",2 x 120/140mm,1 x 120 mm,,,7+2,CC-9011241-WW,,,,,,,,,,
case_098,Case,Vỏ máy tính/ Case Corsair iCUE 7000X RGB TG (CC-9011227-WW),8290000,https://phongvu.vn/thung-may-case-corsair-icue-7000x-rgb-tg-black-cc-9011226-ww--s230300850,Corsair,24 tháng,iCUE 7000X RGB TG White,"Gaming, Văn phòng",,Đen,Thép,Kính cường lực,600 x 550 x 248 mm,Full Tower,ATX,"6 x 3.5"" , 3 x 2.5""","4 x USB 3.0 , 1 x USB Type C",190 mm,480mm,3 x 140 mm,,1 x 140 mm,,,8+3,CC-9011227-WW,"1 x 140 mm RGB, 3 x 140 mm RGB",,,,,,,,,
case_099,Case,Thùng máy/ Case NZXT H5 ELITE,2899000,https://phongvu.vn/thung-may-case-nzxt-h5-elite-black--s230300494,Nzxt,24 tháng,H5 ELITE BLACK,"Gaming, Văn phòng",Elite,Đen,Thép,Kính cường lực,446 x 227 x 464 mm,Mid Tower,"Mini-ITX, Micro-ATX, ATX","1 x 3.5"" , 2 x2.5""","1 x USB 3.2 , 1 x USB Type C",165 mm,Trước 280mm / Sau 120mm / Trên 240mm,2 x 140 mm,2 x 120 mm,1 x 120 mm,,1 x 120 mm,7,,"2 x 140 mm RGB, 1 x 120 mm",,,,,,,,,
case_100,Case,Thùng máy/ Case NZXT H9 FLOW BLACK,3389000,https://phongvu.vn/thung-may-case-nzxt-h9-flow-black--s230300491,Nzxt,24 tháng,H9 FLOW BLACK,"Gaming, Văn phòng",,Đen,Thép,Kính cường lực,495 x 290 x 466 mm,Mid Tower,"Mini-ITX, Micro-ATX, ATX","2 x 3.5"" , 6 x2.5""","2 x USB 3.2 , 1 x USB Type C",165 mm,Trước 360mm / Sau 120mm,,"3 x 120 mm, 2 x 140 mm",1 x 120/140mm,3 x 120 mm,"3 x 120 mm, 2 x 140 mm",7,,"3 x 120 mm, 1 x 120 mm",,,,,,,,,
case_101,Case,Thùng máy/ Case NZXT H9 ELITE,4899000,https://phongvu.vn/thung-may-case-nzxt-h9-elite-white--s230300490,Nzxt,24 tháng,H9 ELITE WHITE,"Gaming, Văn phòng",,Trắng,Thép,Kính cường lực,495 x 290 x 466 mm,Mid Tower,"Mini-ITX, Micro-ATX, ATX","2 x 3.5"" , 6 x2.5""","2 x USB 3.2 , 1 x USB Type C",165 mm,Trước 360mm / Sau 120mm,,"3 x 120 mm, 2 x 140 mm",1 x 120/140mm,3 x 120 mm,"3 x 120 mm, 2 x 140 mm",7,,"3 x 120 mm RGB, 1 x 120 mm",,,,,,,,,
case_102,Case,Thùng máy/ Case MSI MPG VELOX 100P AIRFLOW,3290000,https://phongvu.vn/thung-may-case-msi-mpg-velox-100p-airflow--s230200080,Msi,12 tháng,MPG VELOX 100P AIRFLOW,"Gaming, Văn phòng, Học sinh - Sinh viên",MPG,Đen,Thép,Kính cường lực,474 x 231 x 490 mm,Mid Tower,"Mini-ITX, Micro-ATX, ATX","2 x 3.5"" , 2 x 2.5""","2 x USB 3.2 , 1 x USB Type C",175 mm,Trước 360mm / Sau 120mm,"3 x 120 mm, 3 x 140 mm","3 x 120 mm, 2 x 140 mm",1 x 120 mm,"2 x 120 mm, 2 x 140 mm",,7,,,ARGB,,,,,,,,
case_103,Case,Thùng máy/ Case MSI MPG VELOX 100R,3290000,https://phongvu.vn/thung-may-case-msi-mpg-velox-100r--s230200079,Msi,12 tháng,MPG VELOX 100R,"Gaming, Văn phòng, Học sinh - Sinh viên",MPG,Đen,Thép,Kính cường lực,474 x 231 x 490 mm,Mid Tower,"Micro-ATX, Mini-ITX, ATX","2 x 3.5"" , 2 x 2.5""","2 x USB 3.2 , 1 x USB Type C",175 mm,Trước 360mm / Sau 120mm,3 x 120/140mm,"3 x 120 mm, 2 x 140 mm",1 x 120 mm,"2 x 120 mm, 2 x 140 mm",,7,,,ARGB,,,,,,,,
case_104,Case,Thùng máy/ Case MSI QUIETUDE 100S,3990000,https://phongvu.vn/thung-may-case-msi-quietude-100s--s230100370,Msi,12 tháng,MPG QUIETUDE 100S,Gaming,,Đen,Thép,Kính cường lực,475 x 231 x 490 mm,Mid Tower,"Mini-ITX, Micro-ATX, ATX","2 x 3.5"" , 2 x 2.5""","2 x USB 3.2 , 1 x USB Type C",175 mm,360 mm,3 x 120/140mm,"3 x 120 mm, 2 x 140 mm",1 x 120 mm,,,7,,,ARGB,,,,,,,,
case_105,Case,Thùng máy/ Case Xigmatek Aqua M (EN40061),899000,https://phongvu.vn/thung-may-case-xigmatek-aqua-m-en40061--s230100365,Xigmatek,12 tháng,Aqua M (EN40061),"Gaming, Văn phòng",,Đen,Thép,Kính cường lực,348 x 280 x 378 mm,Mid Tower,"Micro-ATX, ITX","1 x 3.5"" , 2 x 2.5""","2 x USB 2.0 , 1 x USB 3.0",160mm,240 mm,2 x 120 mm,2 x 120 mm,1 x 120 mm,,2 x 120 mm,4,,,,,,,,,,,
case_106,Case,Thùng máy/ Case Xigmatek Aqua III,1249000,https://phongvu.vn/thung-may-casexigmatek-aqua-iii-arctic-en0822--s230100364,Xigmatek,12 tháng,Aqua III Arctic (EN0822),"Gaming, Văn phòng",,Trắng,Thép,Kính cường lực,440 x 286 x 400 mm,Mid Tower,"Mini-ITX, Micro-ATX, ATX","2 x 3.5"" , 2 x 2.5""","2 x USB 2.0 , 1 x USB 3.0",160mm,360 mm,3 x 120 mm,"3 x 120 mm, 1 x 140 mm",1 x 120 mm,,3 x 120 mm,7,,,,,,,,,,,
case_107,Case,Thùng máy/ Case Deepcool Macube 110 Green M-ATX,989000,https://phongvu.vn/thung-may-case-deepcool-macube-110-green-m-atx--s221201190,DeepCool,12 tháng,Macube 110 Green,"Gaming, Văn phòng, Đồ họa - Kỹ thuật, Học sinh - Sinh viên",,Xanh,Thép,Kính cường lực,400 × 225 × 431 mm,Mid Tower,"Mini-ITX, Micro-ATX","2 x 3.5"" , 2 x 2.5""",2 x USB 3.0,165 mm,Trước 280mm / Sau 120mm,"3 x 120 mm, 2 x 140 mm",2 x 120/140mm,1 x 120 mm,,,4,R-MACUBE110-GBNGM1N-A-1,1 x 120 mm,,,,,,,,,
case_108,Case,Thùng máy/ Case Thermaltake V250 TG ARGB (Đen) (CA-1Q5-00M1WN-00),1890000,https://phongvu.vn/thung-may-case-thermaltake-v250-tg-argb-den-ca-1q5-00m1wn-00--s221002914,Thermaltake,12 tháng,V250 TG ARGB,"Gaming, Đồ họa - Kỹ thuật, Văn phòng, Học sinh - Sinh viên, Gia đình",V,Đen,Thép,Kính cường lực,47.7 x 21.65x 43.0 cm,Mid Tower,"Mini-ITX, Micro-ATX, ATX","2 x 3.5"" , 2 x 2.5""","2 x USB 2.0 , 1 x USB 3.0",160mm,Trước 360mm / Sau 120mm / Trên 240mm,"3 x 120 mm, 3 x 140 mm","2 x 120 mm, 2 x 140 mm",1 x 120 mm,,,7,CA-1Q5-00M1WN-00,,ARGB,,,,,,,,
case_109,Case,Thùng máy/ Case Thermaltake Core P5 V2 TG (Đen) (CA-1E7-00M1WN-05),4039000,https://phongvu.vn/thung-may-case-thermaltake-core-p5-v2-tg-den-ca-1e7-00m1wn-05--s221002913,Thermaltake,12 tháng,Core P5 V2 TG,"Gaming, Văn phòng, Đồ họa - Kỹ thuật, Học sinh - Sinh viên, Gia đình",,Đen,Thép,Kính cường lực,60.8 x 33.3 x 57.0 Cm,Mid Tower,"Mini-ITX, Micro-ATX, ATX","2 x 3.5"" , 2 x 2.5""",4 x USB 3.0,180mm,480mm,,,,"3 x 140 mm, 4 x 120mm",,8,CA-1E7-00M1WN-05,,RGB,,,,,,,,
case_110,Case,Thùng máy/ Case Thermaltake S100 TG,1290000,https://phongvu.vn/thung-may-case-thermaltake-s100-tg-trang-ca-1q9-00s6wn-00--s221002910,Thermaltake,12 tháng,S100 TG,"Gaming, Văn phòng",S,Trắng,Thép,Kính cường lực,44.1 x 22.0 x 41.1 Cm,Mid Tower,"Mini-ITX, Micro-ATX","2 x 3.5"" , 2 x 2.5""","2 x USB 2.0 , 1 x USB 3.0",165 mm,Trước 360mm / Sau 140mm / Trên 360mm,"3 x 120 mm, 2 x 140 mm","1 x 200 mm, 2 x 120/140mm",1 x 120 mm,,,4,CA-1Q9-00S6WN-00,,,,,,,,,,
case_111,Case,Thùng máy/ Case COOLERMASTER MasterBox NR600 without ODD (MCB-NR600-KGNN-S00),1650000,https://phongvu.vn/case-coolermaster-masterbox-nr600-mcb-nr600-kgnn-s00--s220800995,Cooler Master,12 tháng,MCB-NR600-KGNN-S00,,,Đen,Thép,Kính cường lực,47.8 x 20.9 x 4.73 cm,Mid Tower,"Mini-ITX, Micro-ATX, ATX","4 x 3.5"" , 5 x 2.5""",2 x USB 3.0,166mm,Trước 360mm / Sau 120mm / Trên 240mm,"3 x 120 mm, 2 x 140 mm","2 x 120 mm, 2 x 140 mm",1 x 120 mm,,,7,,,,,,,,,,,
case_112,Case,Thùng máy/ Case MSI MPG GUNGNIR 110R WHITE (306-7G10W21-W57),2630000,https://phongvu.vn/case-msi-mpg-gungnir-110r-white-306-7g10w21-w57--s220610406,Msi,12 tháng,MPG GUNGNIR 110R WHITE,"Gaming, Văn phòng, Đồ họa - Kỹ thuật, Doanh nghiệp, Học sinh - Sinh viên",MPG,Trắng,Thép,Kính cường lực,43.0 x 21.5 x 45.0 cm,Mid Tower,"Mini-ITX, Micro-ATX, ATX","2 x 3.5"" , 2 x 2.5""","2 x USB 3.2 , 1 x USB Type C",170 mm,120 mm,"3 x 120 mm, 2 x 140 mm",2 x 120 mm,1 x 120 mm,,,7,306-7G10W21-W57,"1 x 120 mm aRGB, 3 x 120mm aRGB",,,,,,,,,
case_113,Case,Thùng máy/ Case ASUS PRIME AP201 MESH White,1850000,https://phongvu.vn/case-asus-prime-ap201-mesh-white--s220610017,Asus,24 tháng,PRIME AP201 MESH White,"Gaming, Đồ họa - Kỹ thuật, Doanh nghiệp, Học sinh - Sinh viên",,Trắng,Nhôm,Thép,20.5 x 35 x 46 Cm,Mini Tower,"Micro-ATX, ITX","3 x 3.5"" , 4 x 2.5""","2 x USB 3.1 , 1 x USB Type C",170 mm,360 mm,,"3 x 120 mm, 2 x 140 mm",1 x 120 mm,,,4,,1 x 120 mm,,,,,,,,,
case_114,Case,Thùng máy/ Case ASUS TUF Gaming GT501 White Edition (SP005268),3940000,https://phongvu.vn/case-asus-tuf-gaming-gt501-white-edition-sp005268--s220610015,Asus,24 tháng,TUF Gaming GT501 White Edition,"Gaming, Văn phòng, Đồ họa - Kỹ thuật, Doanh nghiệp, Học sinh - Sinh viên",TUF,"Trắng, Đen","Kính, Nhôm",Kính cường lực,55.2 x 25.1 x 54.5 cm,Mid Tower,"Micro-ATX, ATX, Extended-ATX, ITX","4 x 3.5"" , 7 x 2.5""",2 x USB 3.1,180 mm,360 mm,"3 x 120 mm, 2 x 140 mm","3 x 120 mm, 2 x 140 mm","1 x 120 mm, 1 x 140 mm",,,7+2,SP005268,"1 x 140 mm, 3 x 120 mm RGB",Có,,,,,,,,
case_115,Case,Thùng máy/ Case NZXT H7 FLOW BLACK & WHITE,2899000,https://phongvu.vn/case-nzxt-h7-flow-black-and-white--s220609661,Nzxt,24 tháng,H7 FLOW BLACK & WHITE,"Gaming, Văn phòng, Đồ họa - Kỹ thuật, Doanh nghiệp, Học sinh - Sinh viên",H,"Đen, Trắng","Thép, Kính",Kính cường lực,50.5 x 23.0 x 48.0 cm,Mid Tower,"Mini-ITX, Micro-ATX, ATX, Extended-ATX","2 x 3.5"" , 6 x 2.5""","2 x USB 3.2 , 1 x USB Type C",185 mm,Trước 360mm / Sau 140mm / Trên 360mm,"3 x 120 mm, 3 x 140 mm","3 x 120 mm, 2 x 140 mm","1 x 120 mm, 1 x 140 mm",,,7,,,,,,,,,,,
case_116,Case,Thùng máy/ Case NZXT H7 FLOW ALL,2599000,https://phongvu.vn/case-nzxt-h7-flow-all-white--s220609660,Nzxt,24 tháng,H7 FLOW ALL WHITE,"Gaming, Văn phòng, Đồ họa - Kỹ thuật, Doanh nghiệp, Học sinh - Sinh viên",H,Trắng,"Thép, Kính",Kính cường lực,50.5 x 23.0 x 48 Cm,Mid Tower,"Mini-ITX, Micro-ATX, ATX, Extended-ATX","2 x 3.5"" , 6 x 2.5""","2 x USB 3.2 , 1 x USB Type C",185 mm,Trước 360mm / Sau 140mm / Trên 360mm,"3 x 120 mm, 3 x 140 mm","3 x 120 mm, 2 x 140 mm","1 x 120 mm, 1 x 140 mm",,,7,,,,,,,,,,,
case_117,Case,Thùng máy/ Case NZXT H7 ELITE ALL BLACK,4449000,https://phongvu.vn/case-nzxt-h7-elite-all-black--s220609657,Nzxt,24 tháng,H7 ELITE ALL BLACK,"Gaming, Văn phòng, Đồ họa - Kỹ thuật, Doanh nghiệp, Học sinh - Sinh viên",H,Đen,"Thép, Kính",Kính cường lực,50.5 x 23 x 48 Cm,Mid Tower,"Mini-ITX, Micro-ATX, ATX, Extended-ATX","2 x 3.5"" , 6 x 2.5""","2 x USB 3.2 , 1 x USB Type C",185 mm,Trước 360mm / Sau 140mm / Trên 360mm,"3 x 120 mm, 3 x 140 mm","3 x 120 mm, 2 x 140 mm","1 x 120 mm, 1 x 140 mm",,,7,,,,,,,,,,,
case_118,Case,Thùng máy/ Case NZXT H510 Flow BLACK ( CA-H52FB-01 ),1849000,https://phongvu.vn/case-nzxt-h510-flow-black--s220609655,Nzxt,24 tháng,H510 Flow BLACK,,H,Đen,"Thép, Kính",Kính cường lực,46  x 21 x 42.8 cm,Mid Tower,Micro-ATX,"3 x 3.5"" , 3 x 2.5""","1 x USB 3.2 , 1 x USB Type C",165 mm,Trước 280mm / Sau 120mm,"2 x 120 mm, 2 x 140 mm","1 x 140 mm, 1 x 120 mm",1 x 120 mm,,,7,CA-H52FB-01,,,,,,,,,,
case_119,Case,Thùng máy/ Case NZXT H210,2039000,https://phongvu.vn/case-nzxt-h210-white--s220609654,Nzxt,24 tháng,H210 WHITE,"Gaming, Văn phòng, Đồ họa - Kỹ thuật, Doanh nghiệp, Học sinh - Sinh viên",H,Trắng,"Thép, Kính, Nhựa",Kính cường lực,34.9 x 21 x 37.2 cm,Mid Tower,Mini-ITX,"1 x 3.5"" , 2 x 2.5""","1 x USB 3.2 , 1 x USB Type C",165 mm,Trước 240mm / Sau 120mm,"2 x 120 mm, 2 x 140 mm",1 x 120 mm,1 x 120 mm,,,2,CA-H210B-W1,,,,,,,,,,
case_120,Case,Thùng máy/ Case NZXT H1 Version2 2022 White ( CS-H11BW-EU ),8539000,https://phongvu.vn/case-nzxt-h1-version2-2022-white--s220609652,Nzxt,36 tháng,H1 Version2 2022 White,"Gaming, Văn phòng, Đồ họa - Kỹ thuật, Doanh nghiệp, Học sinh - Sinh viên",H,Trắng,"Thép, Kính",Kính cường lực,40.5 x 19.6 x 19.6 cm,Mid Tower,Mini-ITX,"2 x 2.5""","2 x USB 3.2 , 1 x USB Type C",,,,,,,,2,CS-H11BW-EU,,,,,,,,,,
case_121,Case,Thùng máy/ Case NZXT H1 Version2 2022 Black ( CS-H11BB-EU ),8539000,https://phongvu.vn/case-nzxt-h1-version2-2022-black--s220609651,Nzxt,36 tháng,H1 Version2 2022,"Gaming, Văn phòng, Đồ họa - Kỹ thuật, Doanh nghiệp, Học sinh - Sinh viên",H,Đen,"Thép, Kính",Kính cường lực,40.5 x 19.6 x 19.6 cm,Mid Tower,Mini-ITX,"2 x 2.5""","2 x USB 3.2 , 1 x USB Type C",,,,,,,,2,CS-H11BB-EU,,,,,,,,,,
case_122,Case,Thùng máy/ Case CM MasterCase HAF 500 WHITE (H500-WGNN-S00),3899000,https://phongvu.vn/case-cm-mastercase-haf-500-white--s220609469,Cooler Master,12 tháng,MasterCase HAF 500,"Gaming, Văn phòng, Đồ họa - Kỹ thuật, Doanh nghiệp, Học sinh - Sinh viên",MasterCase,Trắng,"Thép, Kính, Nhựa",Kính cường lực,51.6 x 22.4 x 51 cm,Mid Tower,"Micro-ATX, ATX, Extended-ATX, ITX, SSI CEB","2 x 3.5"" , 2 x 2.5""","2 x USB 3.1 , 1 x USB Type C",,,"3 x 120 mm, 2 x 140 mm, 2 x 200 mm","3 x 120 mm, 2 x 140 mm, 2 x 200 mm",1 x 120 mm,,,7,H500-WGNN-S00,"2 x 120 mm, 2 x 200mm ARGB",,,,,,,,,
case_123,Case,Thùng máy/ Case CM MasterCase HAF 500 (H500-KGNN-S00),3599000,https://phongvu.vn/case-cm-mastercase-haf-500--s220609468,Cooler Master,12 tháng,MasterCase HAF 500,"Gaming, Văn phòng, Đồ họa - Kỹ thuật, Doanh nghiệp, Học sinh - Sinh viên",MasterCase,Đen,"Thép, Kính, Nhựa",Kính cường lực,51.6 x 22.4 x 51 cm,Mid Tower,"Micro-ATX, ATX, Extended-ATX, ITX, SSI CEB","2 x 3.5"" , 2 x 2.5""","2 x USB 3.1 , 1 x USB Type C",167mm,360 mm,"3 x 120 mm, 2 x 140 mm, 2 x 200 mm","3 x 120 mm, 2 x 140 mm, 2 x 200 mm",1 x 120 mm,,,7,H500-KGNN-S00,"2 x 120 mm, 2 x 200mm ARGB",,,,,,,,,
case_124,Case,Thùng máy/ Case CM MasterBox MB600L V2 w/o ODD TG (MB600L2-KGNN-S00),1090000,https://phongvu.vn/case-cm-masterbox-mb600l-v2-w-o-odd-tg--s220609467,Cooler Master,12 tháng,MasterBox MB600L V2,"Gaming, Văn phòng, Đồ họa - Kỹ thuật, Doanh nghiệp, Học sinh - Sinh viên",MasterBox,Đen,"Thép, Kính, Nhựa",Kính cường lực,40.55 x 20.4 x 45.53 cm,Mid Tower,"Mini-ITX, Micro-ATX, ATX","2 x 3.5"" , 2 x 2.5""",2 x USB 3.1,161mm,280 mm,"3 x 120 mm, 2 x 140 mm","2 x 120 mm, 2 x 140 mm",1 x 120 mm,,,7,MB600L2-KGNN-S00,1 x 120 mm,,,,,,,,,
case_125,Case,"Thùng máy/ Case CM MasterBox MB600L (MCB-B600L-KANN-S02 (Gunmetal , wo/ODD))",840000,https://phongvu.vn/case-cm-masterbox-mb600l--s220609466,Cooler Master,12 tháng,MasterBox MB600L,"Gaming, Văn phòng, Đồ họa - Kỹ thuật, Doanh nghiệp, Học sinh - Sinh viên",MasterBox,Đen,"Thép, Nhựa",Mica,46.4 x 21.2 x 45.45 cm,Mid Tower,"Mini-ITX, Micro-ATX, ATX","2 x 3.5"" , 1 x 2.5"" , 1 x 5.25""",2 x USB 3.0,163 mm,280 mm,3 x 120 mm,,1 x 120 mm,,,7,MCB-B600L-KANN-S02,1 x 120 mm,,,,,,,,,
case_126,Case,Thùng máy/ Case Cooler Master MasterCase HAF700 EVO (H700E-IGNN-S00),12800000,https://phongvu.vn/case-cooler-master-mastercase-haf700-evo--s220609340,Cooler Master,12 tháng,HAF700 EVO,"Gaming, Văn phòng, Đồ họa - Kỹ thuật, Doanh nghiệp, Học sinh - Sinh viên",,Đen,Thép,Kính cường lực,55.6 x 27.9 x 54.0 cm,Full Tower,"Mini-ITX, Micro-ATX, ATX, Extended-ATX, SSI CEB","12 x 3.5"" , 12 x 2.5""","4 x USB 3.2 , 1 x USB Type C",166mm,480mm,"2 x 200 mm, 3 x 120/140mm","3 x 140 mm, 2 x 200 mm, 6 x 120mm",2 x 120 mm,"3 x 140 mm, 4 x 120mm","3 x 120 mm, 3 x 140 mm",8,H700E-IGNN-S00,"2 x 200 mm, 1 x 120 mm aRGB, 2 x 120mm aRGB",ARGB,,,,,,,,
case_127,Case,Thùng máy/ Case MSI MAG SHIELD 110R,1790000,https://phongvu.vn/case-msi-mag-shield-110r--s220600595,Msi,12 tháng,MAG SHIELD 110R,"Gaming, Văn phòng, Đồ họa - Kỹ thuật, Doanh nghiệp, Học sinh - Sinh viên",MAG,Đen,"Kính, Thép",Kính cường lực,39 x 20.5 x 45.7 cm,Mid Tower,"ATX, Micro-ATX, Mini-ITX","2 x 3.5"" , 2 x 2.5""","2 x USB 2.0 , 1 x USB 3.2",160 mm,,"3 x 120 mm, 2 x 140 mm",2 x 120 mm,1 x 120 mm,,2 x 120 mm,,,2 x 120 mm RGB,RGB,,,,,,,,
case_128,Case,Case SEGOTEP Artist 2F RGB White,890000,https://phongvu.vn/case-segotep-artist-2f-rgb-white--s220502680,Segotep,12 tháng,Artist 2F RGB,"Gaming, Văn phòng, Đồ họa - Kỹ thuật, Doanh nghiệp, Học sinh - Sinh viên",,Trắng,Thép,Kính cường lực,350 x 200 x 382mm,Mini Tower,"ITX, Micro-ATX","2 x 3.5"" , 1 x 2.5""","2 x USB 2.0 , 1 x USB 3.0",160 mm,280 mm,2 x 120/140mm,2 x 120 mm,1 x 120 mm,,2 x 120 mm,4,,2 x 120 mm RGB,,,,,,,,,
case_129,Case,Thùng máy/ Case SEGOTEP Gank 360 White,1890000,https://phongvu.vn/case-segotep-gank-360-white--s220502674,Segotep,12 tháng,Gank 360,"Gaming, Văn phòng, Đồ họa - Kỹ thuật, Doanh nghiệp, Học sinh - Sinh viên",,Trắng,Thép,Kính cường lực,461 x 221 x 488mm,Full Tower,"Mini-ITX, Micro-ATX, ATX, Extended-ATX","4 x 3.5"" , 2 x 2.5""",2 x USB 3.0,175 mm,360 mm,3 x 120/140mm,"3 x 120 mm, 2 x 140 mm",1 x 120 mm,2 x 120 mm,1 x 120 mm,7,,,,,,,,,,,
case_130,Case,Thùng máy/ Case SEGOTEP Gank 360 Black,1790000,https://phongvu.vn/case-segotep-gank-360-black--s220502673,Segotep,12 tháng,Gank 360,"Gaming, Văn phòng, Đồ họa - Kỹ thuật, Doanh nghiệp, Học sinh - Sinh viên",,Đen,Thép,Kính cường lực,461 x 221 x 488mm,Full Tower,"Mini-ITX, Micro-ATX, ATX, Extended-ATX","4 x 3.5"" , 2 x 2.5""",2 x USB 3.0,175 mm,360 mm,3 x 120/140mm,"3 x 120 mm, 2 x 140 mm",1 x 120 mm,2 x 120 mm,1 x 120 mm,7,,,,,,,,,,,
case_131,Case,Thùng máy/ Case SEGOTEP Gank 6 White,1239000,https://phongvu.vn/case-segotep-gank-6-white--s220502672,Segotep,12 tháng,Gank 6,"Gaming, Văn phòng, Đồ họa - Kỹ thuật, Doanh nghiệp, Học sinh - Sinh viên",,Trắng,Thép,Kính cường lực,426 x 215 x 493mm,Mid Tower,"ITX, Micro-ATX, ATX","2 x 3.5"" , 1 x 2.5""","2 x USB 2.0 , 1 x USB 3.0",162 mm,240 mm,3 x 120/140mm,2 x 120 mm,1 x 120 mm,,,7,,,,,,,,,,,
case_132,Case,Thùng máy/ Case SEGOTEP Gank 6 Black,1139000,https://phongvu.vn/case-segotep-gank-6-black--s220502671,Segotep,12 tháng,Gank 6,"Gaming, Văn phòng, Đồ họa - Kỹ thuật, Doanh nghiệp, Học sinh - Sinh viên",,Đen,Thép,Kính cường lực,426 x 215 x 493mm,Mid Tower,"ITX, Micro-ATX, ATX","2 x 3.5"" , 1 x 2.5""","2 x USB 2.0 , 1 x USB 3.0",162 mm,240 mm,3 x 120/140mm,2 x 120 mm,1 x 120 mm,,,7,,,,,,,,,,,
case_133,Case,Thùng máy/ Case Xigmatek Gemini II Queen 3FB (EN48380),1059000,https://phongvu.vn/vo-case-xigmatek-gemini-ii-org-3fb--s220501973,Xigmatek,12 tháng,Gemini II Queen 3FB,"Gaming, Văn phòng, Đồ họa - Kỹ thuật, Doanh nghiệp, Học sinh - Sinh viên",,Hồng,Thép,Kính cường lực,"39,0 x 21,0 x 42,0 cm",Mini Tower,"Mini-ITX, Micro-ATX","2 x 3.5"" , 2 x 2.5""","2 x USB 2.0 , 1 x USB 3.0",160 mm,360 mm,3 x 120 mm,2 x 120/140mm,1 x 120 mm,,,4,,3 x 120 mm,RGB,,,,,,,,
case_134,Case,Thùng máy/Case Golden Field U2 (Q25B),330000,https://phongvu.vn/thung-may-case-golden-field-u2-q25b--s220202566,Golden Field,1 tháng,U2,"Văn phòng, Doanh nghiệp, Học sinh - Sinh viên",,Đen,Thép,Thép,35 x 18 x 41 cm,Mid Tower,"Micro-ATX, ATX, ITX",,2 x USB 2.0,157mm,,2 x 120 mm,,1 x 120 mm,,,,Q25B,,,,,,,,,,
case_135,Case,Thùng máy/ Case XIGMATEK XA-24 (EN48359) - ATX,390000,https://phongvu.vn/case-may-tinh-xigmatek-xa-24-en48359-atx--s220103049,Xigmatek,12 tháng,XA-24,"Văn phòng, Doanh nghiệp, Học sinh - Sinh viên",,Đen,Thép,Thép,37.3 x 18.8 x 41.3 cm,Mid Tower,"Mini-ITX, Micro-ATX, ATX","1 x 3.5"" , 2 x 2.5""",2 x USB 1.1,155 mm,,2 x 120 mm,,1 x 80 mm,1 x 120 mm,,7,,,,,,,,,,,
case_136,Case,Thùng máy/ Case XIGMATEK X7 WHITE (EN46225) - PREMIUM GAMING E-ATX,2990000,https://phongvu.vn/thung-may-case-xigmatek-x7-white-en46225-premium-gaming-e-atx--s220103047,Xigmatek,12 tháng,X7,"Gaming, Văn phòng, Đồ họa - Kỹ thuật, Doanh nghiệp, Học sinh - Sinh viên",,Trắng,"SECC, Nhựa",Kính cường lực,62.6 x 28.8 x 58 cm,Full Tower,"Extended-ATX, ATX, Micro-ATX, Mini-ITX","4 x 3.5""","2 x USB 2.0 , 1 x USB 3.0",,,,3 x 120 mm,1 x 140 mm,3 x 120 mm,1 x 120 mm,10,EN46225,,,,,,,,,,
case_137,Case,Thùng máy/ Case Xigmatek LUX S ARTIC 3FX (3 FAN X22ARGB) - EN47857,1450000,https://phongvu.vn/case-may-tinh-xigmatek-lux-s-artic-3fx-argb-en47840--s220101743,Xigmatek,12 tháng,LUX S ARTIC 3FX,"Gaming, Văn phòng, Đồ họa - Kỹ thuật, Doanh nghiệp, Học sinh - Sinh viên",,Trắng,Thép,Kính cường lực,38.8 x 21 x 48.5,Mid Tower,"Mini-ITX, Micro-ATX, ATX","2 x 3.5"" , 2 x 2.5""","2 x USB 2.0 , 1 x USB 3.0",160 mm,,3 x 140 mm,2 x 140 mm,1 x 120 mm,,,,EN47857,,,,,,,,,,
case_138,Case,Thùng máy/ Case Xigmatek LUX S 3FX (3 FAN X22ARGB) - EN47840,990000,https://phongvu.vn/case-may-tinh-xigmatek-lux-s-3fx-argb-en47840--s220101742,Xigmatek,12 tháng,LUX S 3FX,"Gaming, Văn phòng, Đồ họa - Kỹ thuật, Doanh nghiệp, Học sinh - Sinh viên",,Đen,Thép,Kính cường lực,38.8 x 21 x 48.5 cm,Mid Tower,"ATX, Micro-ATX, Mini-ITX","2 x 3.5"" , 2 x 2.5""","2 x USB 2.0 , 1 x USB 3.0",160mm,,3 x 140 mm,2 x 140 mm,1 x 120 mm,,,,EN47840,,,,,,,,,,
case_139,Case,Thùng máy/ Case Xigmatek LUX A SHADOW - EN47826,1050000,https://phongvu.vn/thung-may-case-xigmatek-lux-a-shadow-en47826--s220101738,Xigmatek,12 tháng,LUX A SHADOW,"Gaming, Văn phòng, Đồ họa - Kỹ thuật, Doanh nghiệp, Học sinh - Sinh viên",,"Xám, Đen",Thép,Kính cường lực,38 x 21 x 48.5 cm,,"ATX, Micro-ATX, Mini-ITX","2 x 3.5"" , 2 x 2.5""","2 x USB 2.0 , 1 x USB 3.0",160mm,,3 x 140 mm,2 x 140 mm,1 x 120 mm,,,,EN47826,,,,,,,,,,
case_140,Case,Thùng máy/ Case Xigmatek FADIL ARTIC 1F (1 FAN X20F) - EN48083,850000,https://phongvu.vn/thung-may-case-xigmatek-fadil-artic-1f-1-fan-x20f-en48083--s220101736,Xigmatek,12 tháng,FADIL ARTIC 1F,"Gaming, Văn phòng, Đồ họa - Kỹ thuật, Doanh nghiệp, Học sinh - Sinh viên",,Trắng,SPCC,Kính cường lực,34.5 x 20 x 39 cm,Mini Tower,"Mini-ITX, Micro-ATX","2 x 3.5""","2 x USB 2.0 , 1 x USB 3.0",,160 mm,2 x 140 mm,2 x 120 mm,1 x 120 mm,,,,EN48083,,,,,,,,,,
case_141,Case,Thùng máy/ Case Xigmatek FADIL 1F (1 FAN X20F) - EN47970,790000,https://phongvu.vn/thung-may-case-xigmatek-fadil-1f-1-fan-x20f-en47970--s220101735,Xigmatek,12 tháng,FADIL 1F,"Gaming, Văn phòng, Đồ họa - Kỹ thuật, Doanh nghiệp, Học sinh - Sinh viên",,Đen,SPCC,Kính cường lực,34.5 x 20 x 39 cm,Mini Tower,"Mini-ITX, Micro-ATX","2 x 3.5""","2 x USB 2.0 , 1 x USB 3.0",160mm,160 mm,2 x 120 mm,2 x 120 mm,1 x 120 mm,,,4,EN47970,,,,,,,,,,
case_142,Case,Thùng máy/ Case Deepcool CK560 Black (3 Fan ARGB + 1 Fan Black),1990000,https://phongvu.vn/thung-may-case-deepcool-ck560-black-3-fan-argb-1-fan-black--s220101416,DeepCool,12 tháng,CK560,"Gaming, Văn phòng, Đồ họa - Kỹ thuật, Doanh nghiệp, Học sinh - Sinh viên",,Đen,"Nhựa, Thép",Kính cường lực,45.6 × 23.0 × 47.1 cm,Mid Tower,"Mini-ITX, Micro-ATX, ATX, Extended-ATX","2 x 3.5"" , 2 x 2.5""","2 x USB 3.0 , 1 x USB Type C",175mm,360 mm,"3 x 120 mm, 2 x 140 mm",2 x 120/140mm,1 x 120/140mm,,,7,,"3 x 120 mm, 1 x 140 mm",RGB,,,,,,,,
case_143,Case,Thùng máy/ Case Deepcool CK560 WH (3 Fan ARGB + 1 Fan Black),1990000,https://phongvu.vn/thung-may-case-deepcool-ck560-wh-3-fan-argb-1-fan-black--s220101415,DeepCool,12 tháng,CK560,"Gaming, Văn phòng, Đồ họa - Kỹ thuật, Doanh nghiệp, Học sinh - Sinh viên",,Trắng,"Nhựa, Thép",Kính cường lực,45.6 × 23.0 × 47.1 cm,Mid Tower,"Mini-ITX, Micro-ATX, ATX, Extended-ATX","2 x 3.5"" , 2 x 2.5""","2 x USB 3.0 , 1 x USB Type C",175mm,360 mm,"3 x 120 mm, 2 x 140 mm",2 x 120/140mm,1 x 120/140mm,,,7,,"3 x 120 mm, 1 x 140 mm",RGB,,,,,,,,
case_144,Case,Thùng máy/ Case Deepcool CK500 Black (2 Fan),1559000,https://phongvu.vn/thung-may-case-deepcool-ck500-black-3-fan-argb-1-fan-black--s220101414,DeepCool,12 tháng,CK500,"Gaming, Văn phòng, Đồ họa - Kỹ thuật, Doanh nghiệp, Học sinh - Sinh viên",,Đen,"Nhựa, Thép",Kính cường lực,45.6 × 23.0× 47.1 cm,Mid Tower,"Mini-ITX, Micro-ATX, ATX, Extended-ATX","2 x 3.5"" , 2 x 2.5""","2 x USB 3.0 , 1 x USB Type C",175mm,360 mm,"3 x 120 mm, 2 x 140 mm",2 x 120/140mm,1 x 120/140mm,,,7,,"1 x 120 mm, 1 x 140 mm",,,,,,,,,
case_145,Case,Thùng máy/ Case Deepcool CK500 WH (2 Fan),1559000,https://phongvu.vn/thung-may-case-deepcool-ck500-wh-3-fan-argb-1-fan-black--s220101413,DeepCool,12 tháng,CK500,"Gaming, Văn phòng, Đồ họa - Kỹ thuật, Doanh nghiệp, Học sinh - Sinh viên",,Trắng,"Nhựa, Thép",Kính cường lực,45.6 × 23.0 × 47.1 cm,Mid Tower,"Mini-ITX, Micro-ATX, ATX, Extended-ATX","2 x 3.5"" , 2 x 2.5""","2 x USB 3.0 , 1 x USB Type C",175mm,360 mm,"3 x 120 mm, 2 x 140 mm",2 x 120/140mm,1 x 120/140mm,,,7,,"1 x 120 mm, 1 x 140 mm",,,,,,,,,
case_146,Case,Thùng máy/ Case Deepcool CG560 Black (3 Fan ARGB + 1 Fan Black),1490000,https://phongvu.vn/thung-may-case-deepcool-cg560-black-3-fan-argb-1-fan-black--s220101412,DeepCool,12 tháng,CG560,"Gaming, Văn phòng, Đồ họa - Kỹ thuật, Doanh nghiệp, Học sinh - Sinh viên",,Đen,"Nhựa, Thép",Kính cường lực,45.2 × 23 × 47 cm,Mid Tower,"Mini-ITX, Micro-ATX, ATX, Extended-ATX","2 x 3.5"" , 2+1 x 2.5""",2 x USB 3.0,175mm,360 mm,"3 x 120 mm, 2 x 140 mm",2 x 120/140mm,1 x 120/140mm,,,7,,"1 x 140 mm, 3 x 120 mm RGB",,,,,,,,,
case_147,Case,Vỏ máy tính/ Case Corsair 5000D Airflow TG Black (CC-9011210-WW),3790000,https://phongvu.vn/vo-may-tinh-case-corsair-5000d-airflow-tg-black-cc-9011210-ww--s211000719,Corsair,24 tháng,5000D Airflow TG Black,"Gaming, Văn phòng, Đồ họa - Kỹ thuật, Doanh nghiệp, Học sinh - Sinh viên",,Đen,Thép,Kính cường lực,52 x 52 x 24.5 cm,Mid Tower,ATX,"2 x 3.5"" , 4 x 2.5""","2 x USB 3.0 , 1 x USB 3.1 Gen 1 Type C",170 mm,360 mm,"3 x 120 mm, 2 x 140 mm","3 x 120 mm, 2 x 140 mm",1 x 120 mm,3 x 120 mm,,7+2,CC-9011210-WW,,,,,,,,,,
case_148,Case,Thùng máy/Case Gigabyte Aorus C700 Glass Full Tower (GB-AC700G),9199000,https://phongvu.vn/thung-may-case-gigabyte-aorus-c700-glass-full-tower-gb-ac700g--s210301516,Gigabyte,12 tháng,AORUS C700 GLASS,"Gaming, Văn phòng, Đồ họa - Kỹ thuật, Doanh nghiệp, Học sinh - Sinh viên",AORUS,Đen,"Nhôm, Thép, Nhựa",Kính cường lực,77.3 x 40.6 x 82 cm,Full Tower,"Mini-ITX, Micro-ATX, ATX, Extended-ATX","4 x 3.5"" , 6 x 2.5""","4 x USB 3.0 , 1 x USB Type C",,360 mm,"3 x 120 mm, 3 x 140 mm","3 x 120 mm, 3 x 140 mm","2 x 120 mm, 1 x 140 mm",,,8+2,GB-AC700G,"3 x 120 mm, 2 x 120mm aRGB",RGB,,,,,,,,
case_149,Case,Thùng máy/ Case CM MasterBox MB511 TG Red Trim (MCB-B511D-KGNN-S00),1590000,https://phongvu.vn/thung-may-case-cm-masterbox-mb511-tg-red-trim-mcb-b511d-kgnn-s00--s210300245,Cooler Master,12 tháng,MB511 TG,"Gaming, Văn phòng, Đồ họa - Kỹ thuật, Doanh nghiệp, Học sinh - Sinh viên",MasterBox,Đỏ,Thép,Kính cường lực,46.8 x 49.6 x 21.7 cm,Mid Tower,"Mini-ITX, Micro-ATX, ATX","2 x 3.5"" , 6 x 2.5""",2 x USB 3.0,165mm,360 mm,"3 x 120 mm, 2 x 140 mm","2 x 120 mm, 2 x 140 mm",1 x 120 mm,,,7,MCB-B511D-KGNN-S00,1 x 120 mm,RGB,,,,,,,,
case_150,Case,Thùng máy/ Case Deepcool Macube 110 White M-ATX,989000,https://phongvu.vn/thung-may-case-deepcool-macube-110-white-m-atx--s210101764,DeepCool,36 tháng,Macube 110,"Gaming, Văn phòng, Đồ họa - Kỹ thuật, Doanh nghiệp, Học sinh - Sinh viên",,Trắng,Nhựa,Kính cường lực,47 x 47 x 28.5 cm,Mid Tower,"Micro-ATX, Mini-ITX","2 x 3.5"" , 2 x 2.5""",2 x USB 3.0,165 mm,280 mm,"3 x 120 mm, 2 x 140 mm","2 x 120 mm, 2 x 140 mm",,,,4,,1 x 120 mm,,,,,,,,,
case_151,Case,Thùng máy/ Case Deepcool Macube 110 Black M-ATX,989000,https://phongvu.vn/thung-may-case-deepcool-macube-110-black-m-atx--s210101763,DeepCool,36 tháng,Macube 110,"Gaming, Văn phòng, Đồ họa - Kỹ thuật, Doanh nghiệp, Học sinh - Sinh viên",,Đen,Nhựa,Kính cường lực,47 x 47 x 28.5 cm,Mid Tower,"Micro-ATX, Mini-ITX","2 x 3.5"" , 2 x 2.5""",2 x USB 3.0,165 mm,280 mm,"3 x 120 mm, 2 x 140 mm","2 x 120 mm, 2 x 140 mm",,,,4,,1 x 120 mm,,,,,,,,,
case_152,Case,Thùng máy/ Case MSI MAG VAMPIRIC 100L (ATX) RGB STRIP,1099000,https://phongvu.vn/thung-may-case-msi-mag-vampiric-100l-atx-rgb-strip-306-7g07l21-809--s201104546,Msi,12 tháng,MAG VAMPIRIC 100L,"Gaming, Văn phòng, Đồ họa - Kỹ thuật, Doanh nghiệp, Học sinh - Sinh viên",MAG,Đen,Thép,Kính cường lực,45.7 x 39 x 20.5 cm,Mid Tower,"Mini-ITX, Micro-ATX, ATX","2 x 3.5"" , 2 x 2.5""","2 x USB 2.0 , 1 x USB 3.2",140 mm,240 mm,"3 x 120 mm, 2 x 140 mm",2 x 120 mm,1 x 120 mm,,,7,,,RGB,,,,,,,,
case_153,Case,Thùng máy/ Case ASUS ROG Z11 GR101 (90DC00B0-B30020),6990000,https://phongvu.vn/thung-may-case-asus-rog-z11-gr101-90dc00b0-b30020--s201100829,Asus,24 tháng,ROG Z11 GR101,"Gaming, Văn phòng, Đồ họa - Kỹ thuật, Doanh nghiệp, Học sinh - Sinh viên",ROG,Đen,"Thép, Kính, Nhựa, Nhôm",Kính cường lực,53.1 x 19.4 x 38.6 cm,Mini Tower,"Mini-ITX, Mini-DTX","1 x 3.5"" , 2 x 2.5""","2 x USB 2.0 , 1 x USB 3.2 , 1 x USB 3.1 Gen 2 Type C",130mm,140 mm,2 x 120 mm,"2 x 120 mm, 2 x 140 mm",,,"1 x 120 mm, 1 x 140 mm",,90DC00B0-B30020,"2 x 140 mm, 1 x 140 mm",RGB,,,,,,,,
case_154,Case,Thùng máy/ Case Corsair 4000D Airflow TG Black (CC-9011200-WW),1990000,https://phongvu.vn/thung-may-case-corsair-4000d-airflow-tg-black-cc-9011200-ww--s201001265,Corsair,24 tháng,4000D Airflow TG Black,"Gaming, Văn phòng, Đồ họa - Kỹ thuật, Doanh nghiệp, Học sinh - Sinh viên",,Đen,Thép,Kính cường lực,46.9 x 49.6 x 21.7 cm,Mid Tower,ATX,"2 x 3.5"" , 2 x 2.5""","1 x USB 3.0 , 1 x USB Type C",170mm,360 mm,"3 x 120 mm, 3 x 140 mm","2 x 120 mm, 2 x 140 mm",1 x 120 mm,,,7+2,CC-9011200-WW,,RGB,,,,,,,,
case_155,Case,Thùng máy/ Case Xigmatek OMG Aqua EN45808 (No Fan),799000,https://phongvu.vn/thung-may-case-xigmatek-omg-aqua-en45808-no-fan--s200900709,Xigmatek,12 tháng,OMG Aqua,"Gaming, Văn phòng, Đồ họa - Kỹ thuật, Doanh nghiệp, Học sinh - Sinh viên",,Xanh,Thép,Kính cường lực,39.5 x 36.6 x 21 cm,Mini Tower,"Mini-ITX, Micro-ATX","2 x 3.5"" , 2 x 2.5""","2 x USB 2.0 , 1 x USB 3.0",170 mm,240 mm,"2 x 120 mm, 2 x 140 mm",2 x 120 mm,1 x 120 mm,,,4,EN45808,,,,,,,,,,
case_156,Case,Thùng máy/ Case MSI MAG VAMPIRIC 100R,1290000,https://phongvu.vn/thung-may-case-msi-mag-vampiric-100r--s200900423,Msi,24 tháng,MAG VAMPIRIC 100R,"Gaming, Văn phòng, Đồ họa - Kỹ thuật, Doanh nghiệp, Học sinh - Sinh viên",,Đen,Thép,Kính cường lực,45.7 x 39 x 20.5 cm,Mid Tower,"Mini-ITX, Micro-ATX, ATX","2 x 3.5"" , 2 x 2.5""","2 x USB 2.0 , 1 x USB 3.2",160,240 mm,"3 x 120 mm, 2 x 140 mm",2 x 120 mm,1 x 120 mm,,,7,MAG-VAMPIRIC-100R,"1 x 120 mm, 1 x 120 mm RGB",RGB,,,,,,,,
case_157,Case,Thùng máy/ Case Golden Field Z23G,990000,https://phongvu.vn/thung-may-case-golden-field-z23g--s200900243,Golden Field,1 tháng,Z23G,"Đồ họa - Kỹ thuật, Doanh nghiệp",,Đen,Thép,Kính cường lực,49 x 43.2 x 20.5 cm,Full Tower,"Micro-ATX, ATX, Extended-ATX","2 x 3.5"" , 3 x 2.5""","2 x USB 2.0 , 1 x USB 3.0",160mm,240 mm,3 x 140 mm,2 x 120 mm,1 x 120 mm,,3 x 120 mm,7,,,,,,,,,,,
case_158,Case,Thùng máy/ Case Golden Field P31b (2 Fan 20cm ARGB),849000,https://phongvu.vn/thung-may-case-golden-field-p31b-2-fan-20cm-argb--s200900242,Golden Field,1 tháng,P31b,"Văn phòng, Doanh nghiệp, Học sinh - Sinh viên",,Đen,Thép,Kính cường lực,45.5 x 38 x 21 cm,Mid Tower,"Micro-ATX, ATX, ITX","2 x 3.5"" , 2 x 2.5""","2 x USB 2.0 , 1 x USB 3.0",165mm,240 mm,2 x 200 mm,2 x 120 mm,1 x 120 mm,,2 x 120 mm,7,,2 x 200mm ARGB,,,,,,,,,
case_159,Case,Thùng máy/ Case Golden Field N27W (1 Fan 120mm LED),690000,https://phongvu.vn/thung-may-case-golden-field-n27w-1-fan-120mm-led--s200900240,Golden Field,1 tháng,N27W,"Văn phòng, Doanh nghiệp, Học sinh - Sinh viên",,Trắng,Thép,Mica,41.8 x 40.4 x 20 cm,Mid Tower,"Micro-ATX, ATX","2 x 3.5"" , 2 x 2.5""","1 x USB 2.0 , 1 x USB 3.0",160mm,240 mm,2 x 120 mm,,1 x 120 mm,,,7,,1 x 120 mm LED,,,,,,,,,
case_160,Case,Thùng máy/ Case ASUS ROG Strix Helios GX601 White Edition (90DC0023-B30000),7890000,https://phongvu.vn/thung-may-case-asus-rog-strix-helios-gx601-white-edition--s200800208,Asus,24 tháng,ROG Strix Helios GX601 (White Edition),"Gaming, Văn phòng, Đồ họa - Kỹ thuật, Doanh nghiệp, Học sinh - Sinh viên",ROG,"Trắng, Bạc",Thép,Kính cường lực,59.1 x 25 x 56.5 cm,Mid Tower,"ATX, Micro-ATX, Mini-ITX, Extended-ATX","2 x 3.5"" , 4 x 2.5""","4 x USB 3.1 , 1 x USB Type C",120mm,360 mm,"3 x 120 mm, 3 x 140 mm","3 x 120 mm, 2 x 140 mm","1 x 120 mm, 1 x 140 mm",,,8+2,ROG-Strix-Helios-White-Edition,4 x 140 mm,RGB,,,,,,,,
case_161,Case,Thùng máy/ Case Deepcool MACUBE 550 WHITE,2490000,https://phongvu.vn/thung-may-case-deepcool-macube-550-white--s200700332,DeepCool,12 tháng,MACUBE 550,"Gaming, Văn phòng, Đồ họa - Kỹ thuật, Doanh nghiệp, Học sinh - Sinh viên",,Trắng,Thép,Kính cường lực,52 x 52.6 x 24.1 cm,Mid Tower,"Mini-ITX, Micro-ATX, ATX","4 x 3.5"" , 3 x 2.5""",2 x USB 3.0,186 mm,360 mm,3 x 120 mm,,1 x 120 mm,"3 x 120 mm, 3 x 140 mm",,8+2,GS-ATX-MACUBE550-WHG0P,1 x 120 mm,,,,,,,,,
case_162,Case,Thùng máy/ Case CM MasterBox TD500 Mesh ARGB,2199000,https://phongvu.vn/thung-may-case-cm-masterbox-td500-tg-mesh-argb--s200500965,Cooler Master,12 tháng,MasterBox TD500 Mesh,"Gaming, Văn phòng, Đồ họa - Kỹ thuật, Doanh nghiệp, Học sinh - Sinh viên",MasterBox,Đen,"Thép, Nhựa",Kính cường lực,46.9 x 21.7 x 49.3 cm,Mid Tower,"Mini-ITX, Micro-ATX, ATX","2 x 3.5"" , 4 x 2.5""",2 x USB 3.2,165 mm,360 mm,"3 x 120 mm, 2 x 140 mm","3 x 120 mm, 2 x 140 mm",1 x 120 mm,,,7,,3 x 120 mm RGB,RGB,,,,,,,,
case_163,Case,Thùng máy/ Case Antec DP501- Tempered Glass,1290000,https://phongvu.vn/thung-may-case-antec-dp501-tempered-glass--s200400782,Antec,12 tháng,DP501,"Gaming, Văn phòng, Đồ họa - Kỹ thuật, Doanh nghiệp, Học sinh - Sinh viên",,Đen,Thép,Kính cường lực,44.3 x 48.4 x 21 cm,Mid Tower,"Micro-ATX, ATX, ITX","2 x 3.5"" , 4 x 2.5""",2 x USB 3.0,160 mm,360 mm,"3 x 120 mm, 2 x 140 mm","2 x 120 mm, 2 x 140 mm",1 x 120 mm,,,7,,1 x 120 mm,RGB,,,,,,,,
case_164,Case,Thùng máy/ Case Antec NX400- Tempered Glass,990000,https://phongvu.vn/thung-may-case-antec-nx400-tempered-glass--s200400780,Antec,12 tháng,NX400,"Gaming, Văn phòng, Đồ họa - Kỹ thuật, Doanh nghiệp, Học sinh - Sinh viên",,Đen,Thép,Kính cường lực,42.5 x 46.5 x 23 cm,Mid Tower,"Micro-ATX, ATX, ITX","2 x 3.5"" , 4 x 2.5""","1 x USB 2.0 , 2 x USB 3.0",,360 mm,"3 x 120 mm, 2 x 140 mm","2 x 120 mm, 2 x 140 mm","1 x 120 mm, 1 x 140 mm",,,7,,1 x 120 mm RGB,RGB,,,,,,,,
case_165,Case,Thùng máy/ Case CM MasterBox MB520 ARGB,1999000,https://phongvu.vn/thung-may-case-cm-masterbox-mb520-tg-argb--s200301729,Cooler Master,12 tháng,MB520 ARGB,"Gaming, Văn phòng, Đồ họa - Kỹ thuật, Doanh nghiệp, Học sinh - Sinh viên",CM,Đen,"Thép, Nhựa",Kính cường lực,46.8 x 49.6 x 21.8 cm,Mid Tower,"Mini-ITX, Micro-ATX, ATX, Extended-ATX, SSI CEB","2 x 3.5"" , 4 x 2.5""",2 x USB 3.2,165 mm,360 mm,"3 x 120 mm, 2 x 140 mm","3 x 120 mm, 2 x 140 mm",1 x 120 mm,,,7,,"1 x 120 mm, 3 x 120 mm RGB",RGB,,,,,,,,
case_166,Case,Thùng máy/ Case CM MasterBox MB511 TG ARGB,1899000,https://phongvu.vn/thung-may-case-cm-masterbox-mb511-tg-argb--s200301728,Cooler Master,12 tháng,MB511 TG ARGB,"Gaming, Văn phòng, Đồ họa - Kỹ thuật, Doanh nghiệp, Học sinh - Sinh viên",CM,Đen,Nhôm,Kính cường lực,46.9 x 49.6 x 21.7 cm,Mid Tower,"Mini-ITX, Micro-ATX, ATX, Extended-ATX, SSI CEB","2 x 3.5"" , 5 x 2.5""",2 x USB 3.2,165 mm,360 mm,"3 x 120 mm, 2 x 140 mm","3 x 120 mm, 2 x 140 mm",1 x 120 mm,,,7,,3 x 120 mm RGB,RGB,,,,,,,,
case_167,Case,Thùng máy/ Case CM MasterBox MB500 ARGB,1890000,https://phongvu.vn/thung-may-case-cm-masterbox-mb500-argb--s200301726,Cooler Master,12 tháng,CM MasterBox MB500,"Gaming, Văn phòng, Đồ họa - Kỹ thuật, Doanh nghiệp, Học sinh - Sinh viên",,Đen,Thép,Kính cường lực,47.5 x 49.4 x 21.1 cm,Mid Tower,"Mini-ITX, Micro-ATX, ATX","2 x 3.5"" , 4 x 2.5""",2 x USB 3.2,163 mm,360 mm,"3 x 120 mm, 2 x 140 mm",2 x 120 mm,1 x 120 mm,,,7,,"1 x 120 mm RGB, 2 x 120 mm RGB",RGB,,,,,,,,
case_168,Case,Thùng máy/ Case CM MasterCase H500P TG Mesh White ARGB,4099000,https://phongvu.vn/thung-may-case-cm-mastercase-h500p-tg-mesh-white-argb--s200301725,Cooler Master,12 tháng,MasterCase H500P TG,"Gaming, Văn phòng, Đồ họa - Kỹ thuật, Doanh nghiệp, Học sinh - Sinh viên",MasterCase,Trắng,Thép,Kính cường lực,54.2 x 54.4 x 24.2 cm,Mid Tower,ATX,"2 x 3.5"" , 4 x 2.5""","2 x USB 2.0 , 2 x USB 3.2",190 mm,360 mm,"3 x 120 mm, 3 x 140 mm, 2 x 200 mm","3 x 120 mm, 3 x 140 mm, 2 x 200 mm","1 x 120 mm, 1 x 140 mm",,,7+2,,"1 x 140 mm, 2 x 200mm ARGB",,,,,,,,,
case_169,Case,Thùng máy / case Xigmatek Aquarius Plus Black (No fan) EN43330,1999000,https://phongvu.vn/thung-may--case-xigmatek-aquarius-plus-black-no-fan-en43330--s191007142,Xigmatek,12 tháng,Aquarius Plus,"Gaming, Văn phòng, Đồ họa - Kỹ thuật, Doanh nghiệp, Học sinh - Sinh viên",,Đen,Thép,Kính cường lực,415 x 280 x 427 mm,Mid Tower,"Mini-ITX, Micro-ATX, ATX","2 x 3.5"" , 2 x 2.5""","1 x USB 2.0 , 2 x USB 3.0",158 mm,360 mm,,3 x 120 mm,1 x 120 mm,3 x 120 mm,3 x 120 mm,7,,,,,,,,,,,
case_170,Case,Thùng máy/ Case Gigabyte C200G,1200000,https://phongvu.vn/thung-may-case-gigabyte-c200g--s190900197,Gigabyte,24 tháng,C200G,"Gaming, Văn phòng, Đồ họa - Kỹ thuật, Doanh nghiệp, Học sinh - Sinh viên",,Đen,Thép,Kính cường lực,480 x 210 x 435 mm,Mid Tower,"Mini-ITX, Micro-ATX, ATX","2 x 3.5"" , 2 x 2.5""",2 x USB 3.0,165 mm,280 mm,2 x 140 mm,2 x 140 mm,1 x 120 mm,,,7,,1 x 120 mm,RGB,,,,,,,,
case_171,Case,Thùng máy/ Case ASUS ROG Strix Helios GX601 (90DC0020-B30000),6490000,https://phongvu.vn/thung-may-case-asus-rog-strix-helios-gx601--s190900045,Asus,24 tháng,ROG Strix Helios GX601,"Gaming, Văn phòng, Đồ họa - Kỹ thuật, Doanh nghiệp, Học sinh - Sinh viên",ROG,Đen,Thép,Kính cường lực,56.5 x 25 x 59.1 cm,Mid Tower,"Mini-ITX, Micro-ATX, ATX, Extended-ATX","2 x 3.5"" , 4 x 2.5""","4 x USB 3.1 , 1 x USB Type C",190 mm,420 mm,"3 x 120 mm, 3 x 140 mm","3 x 120 mm, 2 x 140 mm","1 x 120 mm, 1 x 140 mm",,,8+2,,4 x 140 mm,RGB,,,,,,,,
case_172,Case,Thùng máy/ Case Golden Field N17 Plus (3 Fans Golden Field LED Rainbow),709000,https://phongvu.vn/thung-may-case-golden-field-n17-plus-3-fans-golden-field-led-rainbow--s190800352,Golden Field,12 tháng,N17 Plus,"Văn phòng, Doanh nghiệp, Học sinh - Sinh viên",,Đen,"Thép, Nhựa",Kính cường lực,348 x 192 x 438 mm,Mid Tower,"Micro-ATX, ATX, ITX","2 x 3.5"" , 2 x 2.5""","2 x USB 2.0 , 1 x USB 3.0",158 mm,240 mm,3 x 120 mm,2 x 120 mm,1 x 120 mm,,2 x 120 mm,7,,3 x 120mm LED,,,,,,,,,
case_173,Case,Case máy tính Golden Field Z2 (E-sport 21+),1290000,https://phongvu.vn/thung-may-case-golden-field-z2-e-sport-21--s1800549,Golden Field,1 tháng,Z2,"Đồ họa - Kỹ thuật, Doanh nghiệp",,Đen,Thép,Kính cường lực,478 x 213 x 507 mm,Mid Tower,"Mini-ITX, Micro-ATX, ATX","2 x 3.5"" , 3 x 2.5""","2 x USB 2.0 , 1 x USB 3.0",,,,,,,,,,,,,,,,,,,
case_174,Case,Case máy tính Golden Field N55B Gaming 21+,699000,https://phongvu.vn/thung-may-case-golden-field-n55b-gaming-21-3-fans-led-rainbow--s1807625,Golden Field,0 tháng,N55B Gaming 21+,"Văn phòng, Doanh nghiệp, Học sinh - Sinh viên",,Đen,Thép,Mica,384 x 192 x 430mm,Mid Tower,Micro-ATX,"2 x 3.5"" , 2 x 2.5"" , 1 x 5.25""","2 x USB 2.0 , 1 x USB 3.0",,,,,,,,,,3 x 120mm LED,,,,,,,,,
case_175,Case,Case máy tính Gigabyte AORUS C300 GLASS,2190000,https://phongvu.vn/thung-may-case-gigabyte-aorus-ac300g-glass--s19030035,Gigabyte,12 tháng,AORUS C300 GLASS,"Gaming, Văn phòng, Đồ họa - Kỹ thuật, Doanh nghiệp, Học sinh - Sinh viên",AORUS,Đen,Thép,Kính cường lực,469 x 211x 458 mm,Mid Tower,"Mini-ITX, Micro-ATX, ATX","2 x 3.5"" , 3 x 2.5""","2 x USB 3.0 , 1 x USB 3.1 Gen 2 Type C",170 mm,360 mm,"3 x 120 mm, 2 x 140 mm","2 x 120 mm, 2 x 140 mm",1 x 120 mm,,,7,GB-AC300G,2 x 120 mm,RGB,,,,,,,,
case_176,Case,Case máy tính Cooler Master Masterbox MB520 Red Trim,1699000,https://phongvu.vn/thung-may-case-cm-masterbox-mb520-red-trim--s19070009,Cooler Master,0 tháng,CM Masterbox MB520 Red Trim,"Gaming, Văn phòng, Đồ họa - Kỹ thuật, Doanh nghiệp, Học sinh - Sinh viên",MasterBox,Đen,"Thép, Nhựa",Kính cường lực,496 x 217 x 468 mm,Mid Tower,"Mini-ITX, Micro-ATX, ATX","2 x 3.5"" , 4 x 2.5""",2 x USB 3.0,165mm,360 mm,"3 x 120 mm, 2 x 140 mm","2 x 120 mm, 2 x 140 mm",1 x 120 mm,,,7,,1 x 120 mm,,,,,,,,USB/ AUDIO/ NÚT POWER/ RESET/ FAN (Nếu có)/ DÂY RISER : Bảo hành 12 tháng,
case_177,Case,Case máy tính Cooler Master NR600,1790000,https://phongvu.vn/thung-may-case-cm-masterbox-nr600--s19070012,Cooler Master,0 tháng,CM MasterBox NR600,"Gaming, Văn phòng, Đồ họa - Kỹ thuật, Doanh nghiệp, Học sinh - Sinh viên",MasterBox,Đen,"Thép, Nhựa",Kính cường lực,47.8 x 20.9 x 47.3 cm,Mid Tower,"Mini-ITX, Micro-ATX, ATX","4 x 3.5"" , 5 x 2.5""",2 x USB 3.0,166m,360 mm,"3 x 120 mm, 2 x 140 mm","2 x 120 mm, 2 x 140 mm",1 x 120 mm,,,7,,2 x 120 mm,,,,,,,,USB/ AUDIO/ NÚT POWER/ RESET/ FAN (Nếu có)/ DÂY RISER : Bảo hành 12 tháng,
case_178,Case,Case máy tính Cooler Master MasterCase H500,2790000,https://phongvu.vn/thung-may-case-cm-mastercase-h500--s19070013,Cooler Master,0 tháng,MasterCase H500,"Gaming, Văn phòng, Đồ họa - Kỹ thuật, Doanh nghiệp, Học sinh - Sinh viên",MasterCase,Đen,Thép,Kính cường lực,450 x 220 x 445 mm,Mid Tower,"Mini-ITX, Micro-ATX, ATX","2 x 3.5"" , 2 x 2.5""","2 x USB 2.0 , 2 x USB 3.0",167mm,360 mm,"3 x 120 mm, 2 x 140 mm, 2 x 200 mm","2 x 120 mm, 2 x 140 mm, 1 x 200 mm",1 x 120 mm,,,7,,"1 x 120 mm, 2 x 200 mm LED",RGB,,,,,,,USB/ AUDIO/ NÚT POWER/ RESET/ FAN (Nếu có)/ DÂY RISER : Bảo hành 12 tháng,
case_179,Case,Case máy tính Golden Field H2B - Full Tower (Đen),490000,https://phongvu.vn/thung-may-case-golden-field-h2b--s19070608,Golden Field,1 tháng,H2B,"Văn phòng, Doanh nghiệp, Học sinh - Sinh viên",,Đen,Thép,Kính cường lực,372 x 182 x 420 mm,Full Tower,"Mini-ITX, Micro-ATX, ATX","1 x 3.5"" , 4 x 2.5""","2 x USB 2.0 , 1 x USB 3.0",158 mm,240 mm,3 x 120 mm,,1 x 120 mm,,,6,,,RGB,,,,,,,,
case_180,Case,Case máy tính Golden Field H3B - Mid Tower (Đen),445000,https://phongvu.vn/thung-may-case-golden-field-h3b--s19070609,Golden Field,1 tháng,H3B,"Văn phòng, Doanh nghiệp, Học sinh - Sinh viên",,Đen,"Thép, Kính",Mica,373 x 182 x 420 mm,Mid Tower,"Mini-ITX, Micro-ATX, ATX","1 x 3.5"" , 4 x 2.5""","2 x USB 2.0 , 1 x USB 3.0",158 mm,240 mm,3 x 120 mm,,1 x 120 mm,,,6,,,,,,,,,,,
case_181,Case,Case máy tính Golden Field X10 - Mid Tower (Đen),379000,https://phongvu.vn/thung-may-case-golden-field-x10--s19070611,Golden Field,1 tháng,X10,"Văn phòng, Doanh nghiệp, Học sinh - Sinh viên",,Bạc,Thép,Kính cường lực,29.5 x 17.5 x 35.5 cm,Mid Tower,"Mini-ITX, Micro-ATX","2 x 3.5"" , 2 x 2.5""",2 x USB 2.0,145mm,,1 x 120 mm,,1 x 90 mm,,,4,,,,,,,,,,,
case_182,Case,Thùng máy/ Case Xigmatek XA-22 (ATX) EN47567 - Demo,499000,https://phongvu.vn/thung-may-case-xigmatek-xa-22-atx-en47567-demo--s251002214,Xigmatek,0 tháng,,,,,,,,,,,,,,,,,,,,,,,Hàng thanh lý - lưu kho,23/04/2026,220101744.0,"- Sản phẩm chưa qua sử dụng, có trầy xước, bị vỡ góc mặt trước - - Đầy đủ phụ kiện, vỏ hộp ngoài cũ","- Hỗ trợ mainboard: Mini-ITX, Micro-ATX, ATX - - Khay mở rộng tối đa: 1 x 3.5"", 2 x 2.5"" - - USB: 2 x USB 1.1","Cửa hàng 40 Lương Ngọc Quyến, Phường Hoàng Văn Thụ, Thành phố Thái Nguyên, Tỉnh Thái Nguyên",,
case_183,Case,Thùng máy/Case Golden Field U2 (Q25B) - Demo,449000,https://phongvu.vn/thung-may-case-golden-field-u2-q25b-hang-trung-bay--s250904070,Golden Field,0 tháng,,,,,,,,,,,,,,,,,,,,,,,Hàng thanh lý - cover,Hết bảo hành,220202566.0,"- Sản phẩm chưa qua sử dụng, có trầy xước - - Đầy đủ phụ kiện, mất hộp","- Hỗ trợ mainboard ATX, Micro-ATX, ITX - - Cổng kết nối 2 x USB 2.0 , - - Hỗ trợ tản nhiệt CPU cao 157mm - - Loại quạt hỗ trợ mặt trước 2 x 120 mm - - Loại quạt hỗ trợ phía sau 1 x 120 mm","Cửa hàng Lô 11 G2 đường Nguyễn Thái Học, Phường 7, Thành phố Vũng Tàu, Tỉnh Bà Rịa - Vũng Tàu",,
case_184,Case,Thùng máy/ Case Golden Field N95 - Demo,595000,https://phongvu.vn/thung-may-case-golden-field-n95-hang-trung-bay--s250904069,Golden Field,0 tháng,,,,,,,,,,,,,,,,,,,,,,,Hàng thanh lý - cover,Hết bảo hành,220500361.0,"- Sản phẩm đã qua sử dụng, có trầy xước - - Vỏ hộp tốt, đầy đủ phụ kiện","- Hỗ trợ mainboard ATX, Micro-ATX, Mini-ITX - - Cổng kết nối 1 x USB 2.0 , 1 x USB 3.0 - - Hỗ trợ tản nhiệt CPU cao 160mm - - Kích thước Rad tối đa: 240 mm","Cửa hàng 164 Lê Văn Việt, Tăng Nhơn Phú B, Thành Phố Thủ Đức",,"- Quạt hỗ trợ:  3 x 120 mm (phía trước), 2 x 120 mm (phía trên), 1 x 120 mm (phía sau), 2 x 120 mm (bên hông)"
case_189,Case,Thùng máy/ Case Xigmatek XA-20 (ATX) EN46072 - Demo,550000,https://phongvu.vn/thung-may-case-xigmatek-xa-20-atx-en46072-hang-trung-bay--s250645717,Xigmatek,0 tháng,,,,,,,,,,,,,,,,,,,,,,,Hàng thanh lý - lưu kho,16/04/2026,201100369.0,"- Sản phẩm chưa qua sử dụng, có trầy xước, cấn móp, mẻ chân đế - - Vỏ hộp tốt, mất phụ kiện","- Hỗ trợ mainboard: Mini-ITX, Micro-ATX, ATX - - Khay mở rộng tối đa: 1 x 3.5"", 2 x 2.5"" - - USB: 1 x USB 2.0","Cửa hàng Số 9-11 Nguyễn Thị Thập, Quận 7, Thành phố Hồ Chí Minh",,
case_190,Case,Thùng máy/ Case Phong Vũ PV-880B (Black) - Đã sử dụng,599000,https://phongvu.vn/thung-may-case-phong-vu-pv-880b-black-hang-thanh-ly--s250415484--s250415484,Phong Vũ,0 tháng,,,,,,,,,,,,,,,,,,,,,,,Hàng thanh lý - cover,Bảo Hành 1 tháng PV,210600038.0,"- Sản phẩm đã qua sử dụng, bị trầy xước - - Vỏ hộp cũ và đầy đủ phụ kiện.","- Kích thước mainboard hỗ trợ Micro-ATX, ATX - - Số khay: 2 x 3.5"" , 2 x 2.5"" , 3 x 5.25""  - - Kiểu case: Mid Tower","62 Trần Đại Nghĩa, Phường Đồng Tâm, Quận Hai Bà Trưng, Thành phố Hà Nội",,
case_191,Case,Thùng máy/ Case Cougar Archon 2 Mesh RGB - Đen (Black) (385CC50.0001) - Đã sử dụng,1390000,https://phongvu.vn/thung-may-case-cougar-archon-2-mesh-rgb-den-black-385cc50-0001-cu--s250308196,Cougar,0 tháng,,,,,,,,,,,,,,,,,,,,,,,Hàng thanh lý - cover,Bảo hành 1 tháng tại Phong Vũ,230400828.0,"- Sản phẩm chưa qua sử dụng - - Bị trầy xước, tróc seal dán kính - - Vỏ hộp cũ","- Hỗ trợ mainboard: Mini-ITX, Micro-ATX, ATX - - Khay mở rộng tối đa: 2 x 3.5"", 2+1 x 2.5"" - - USB: , 2 x USB 3.0, 1 x USB 2.0","Cửa hàng 164 Lê Văn Việt, Tăng Nhơn Phú B, Thành Phố Thủ Đức",,
case_193,Case,Thùng máy/ Case Xigmatek XS-19 (EN44380) - Đã sử dụng,300000,https://phongvu.vn/thung-may-case-xigmatek-xs-19-en44380-hang-trung-bay--s250204385,Xigmatek,0 tháng,,,,,,,,,,,,,,,,,,,,,,,Hàng thanh lý - Hàng đã qua đổi trả,Bảo hành 1 tháng tại Phong Vũ,241002565.0,"- Sản phẩm đã qua sử dụng, có trầy xước, nổ sơn, cấn móp - - Vỏ hộp xấu, đầy đủ phụ kiện","- Hỗ trợ mainboard: Mini-ITX, Micro-ATX - - Khay mở rộng tối đa: 2 x 3.5"", 2 x 2.5"" - - USB: 1 x USB 1.1","Cửa hàng Số 234 Ngô Gia Tự, Phường Tiền An, Thành phố Bắc Ninh, Tỉnh Bắc Ninh",,
case_194,Case,Thùng máy/ Case Golden Field X10 - Demo,499000,https://phongvu.vn/thung-may-case-golden-field-x10-hang-trung-bay--s250204213,Golden Field,0 tháng,,,,,,,,,,,,,,,,,,,,,,,Hàng thanh lý - trưng bày live,Bảo hành 1 tháng tại Phong Vũ,19070611.0,"- Sản phẩm đã qua sử dụng, có trầy xước - - Vỏ hộp xấu, đầy đủ phụ kiện","- Hỗ trợ mainboard: Mini-ITX, Micro-ATX - - Khay mở rộng tối đa: 2 x 3.5"", 2 x 2.5"" - - USB: 2 x USB 2.0 - - Chiều cao tản nhiệt tối đa: 145mm - - Số quạt hỗ trợ: 1 x 120 mm (phía trước), 1 x 90 mm (phía sau) - - Khe PCI: 4","Cửa hàng 264 Nguyễn Thị Minh Khai, P.Võ Thị Sáu, Quận 3, Thành phố Hồ Chí Minh",,
case_196,Case,Thùng máy/ Case Sama Combat - Demo,990000,https://phongvu.vn/thung-may-case-sama-combat-hang-trung-bay--s240901179,Sama,0 tháng,,,,,,,,,,,,,,,,,,,,,,,Hàng thanh lý - lưu kho,Hết bảo hành,1702895.0,"- Sản phẩm chưa qua sử dụng, có trầy xước - - Vỏ hộp xấu","- Hỗ trợ mainboard: Micro-ATX, ATX - - Khay mở rộng tối đa: 3 x 3.5"", 2 x 2.5"" - - USB: 1 x USB 3.0, 2 x USB 2.0","Cửa hàng Lô G2, Đường K1, KCN Cát Lái, Cụm II, P.Thạnh Mỹ Lợi, TP.Thủ Đức",,
case_197,Case,Vỏ máy tính/ CASE Cooler Master COSMOS Alpha Silver,10990000,https://phongvu.vn/vo-may-tinh-case-cooler-master-cosmos-alpha-silver--s260304430,Cooler Master,24 tháng,COSMOS Alpha Silver,Gaming,Cosmos,Bạc,Thép,Kính cường lực,669 x 330 x 639 mm,Full Tower,"Mini-ITX, Micro-ATX, ATX, Extended-ATX, SSI EEB","2 x 3.5"" , 2 x 2.5""","4 x USB 3.2 , 2 x USB Type C",186 mm,420 mm,"3 x 120 mm, 3 x 140 mm, 2 x 200 mm","3 x 120 mm, 2 x 140 mm, 2 x 200 mm, 2 x 180 mm",3 x 120 mm,"3 x 120 mm, 3 x 140 mm, 2 x 180 mm, 2 x 200 mm","3 x 120 mm, 2 x 140 mm, 2 x 180 mm, 2 x 200 mm",8,,,,,,,,,,,
case_198,Case,Vỏ máy tính/ CASE MSI MEG MAESTRO 700L PZ,11990000,https://phongvu.vn/thung-may-case-msi-meg-maestro-700l-pz--s260303848,Msi,12 tháng,MEG MAESTRO 700L PZ,Văn phòng,,Đen,Thép,Kính cường lực,470 x 300 x 474 mm,Mid Tower,ATX,"2 x 3.5"" , 2 x 2.5""","2 x USB 3.2 , 1 x USB Type C",170 mm,360 mm,"3 x 120 mm, 3 x 140 mm",,1 x 120 mm,3 x 120 mm,"3 x 120 mm, 3 x 140 mm",7,,,,,,,,,,,
case_199,Case,Vỏ máy tính/ Case Xigmatek Cloud M DGT Arctic - Trắng (EN49866),890000,https://phongvu.vn/thung-may-case-xigmatek-cloud-m-dgt-arctic-trang-en49866--s260302638,Xigmatek,12 tháng,Cloud M DGT Arctic,"Gaming, Văn phòng, Học sinh - Sinh viên",,Trắng,Thép,,420 x 285 x 382mm,Micro Tower,"Micro-ATX, Mini-ITX","1 x 3.5"" , 2 x 2.5""","1 x USB 2.0 , 1 x USB 3.0",175mm,360 mm,,3 x 120mm/2 x 140mm,1 x 120 mm,2 x 120mm/2 x 140mm,3 x 120mm/2 x 140mm,4,EN49866,,,,,,,,,,
